timestamp,prediction_type,nitrogen,phosphorus,potassium,ph,moisture,soil_type,temperature,humidity,rainfall,season,region,crop,question,context,ai_output
28-02-2026 12:44,crop_recommendation,50,40,50,6.5,50,Sandy,28,65,1000,Kuruvai (Jun – Sep) – TN Early Kharif,Tamil Nadu – Cauvery Delta,,,,"As an agricultural advisor, considering the specific conditions in the Cauvery Delta region of Tamil Nadu during the Kuruvai season (June-September), here are the top crop recommendations:

***

### 1. Paddy (Rice) - Short Duration Varieties

*   **Suitability Score:** 9/10
*   **Why it suits these conditions:**
    *   **Region & Season:** Paddy is the most traditional and dominant crop for the Cauvery Delta during the Kuruvai season. Farmers prioritize rice due to its cultural significance and the historical assurance of irrigation water from the Cauvery River system (assuming timely release from Mettur Dam).
    *   **Temperature & Humidity:** The ambient temperature of 28°C and 65% humidity are ideal tropical conditions for rice cultivation, promoting vigorous growth and grain filling.
    *   **Soil pH:** A pH of 6.5 is perfectly within the optimal range (5.5-7.0) for rice, ensuring good nutrient availability.
    *   **Water Availability:** While sandy soil has poor water retention, the region's total annual rainfall of 1000mm, critically supplemented by assured irrigation from the Cauvery River for Kuruvai, provides the high water requirements for rice.
    *   **Adaptation to Sandy Soil (with management):** Although sandy soils are not ideal for continuous submergence, they can be managed effectively for rice. Techniques like proper puddling, incorporating organic matter (e.g., farmyard manure, compost, green manure), and applying fertilizers in split doses can compensate for poor water and nutrient retention.
*   **Expected Yield:** 4.5 - 6.0 tons/ha (assuming good management, timely irrigation, and adequate fertilization of improved short-duration varieties).
*   **Best Planting Time:** Mid-June to Early July (critical to coincide with the typical release of water from Mettur Dam for Kuruvai cultivation).

### 2. Blackgram (Vigna mungo) - Short Duration Varieties

*   **Suitability Score:** 8.5/10
*   **Why it suits these conditions:**
    *   **Soil Type:** Blackgram thrives in well-drained soils, making sandy soil highly suitable. It tolerates moderate moisture stress better than rice once established.
    *   **Nutrient Status:** As a legume, blackgram can fix atmospheric nitrogen through its root nodules. This is a significant advantage given the low initial nitrogen levels in the soil (N=50 kg/ha), reducing the need for external N fertilizers and improving overall soil fertility.
    *   **Water Efficiency:** Blackgram requires considerably less water than paddy, making it an excellent choice for diversification or as an alternative if there are concerns about water availability for rice, or as a succeeding crop.
    *   **Season & Temperature:** Its short duration (typically 65-75 days) fits well within the Kuruvai season, allowing for a quick harvest. The warm temperature of 28°C is ideal for its growth and development.
    *   **Soil pH:** A pH of 6.5 is optimal for blackgram, promoting healthy root development and nutrient uptake.
*   **Expected Yield:** 0.8 - 1.2 tons/ha (with improved varieties and good management practices).
*   **Best Planting Time:** Late June to Mid-July (after initial monsoon showers or with early irrigation, ensuring it completes its life cycle efficiently).

### 3. Maize (Corn)

*   **Suitability Score:** 7.5/10
*   **Why it suits these conditions:**
    *   **Temperature & Humidity:** The tropical conditions (28°C and 65% humidity) are highly favorable for maize, which is a warm-season crop known for its high photosynthetic efficiency.
    *   **Yield Potential & Diversification:** Maize offers significant yield potential and good economic returns, providing an excellent option for crop diversification away from a rice monoculture, which can improve soil health and resilience.
    *   **Adaptation to Sandy Soil (with management):** Maize can perform well in sandy soils, provided there is consistent moisture (via rainfall and supplementary irrigation) and a robust nutrient management plan. Frequent, split applications of fertilizers are crucial to counter the sandy soil's poor nutrient retention.
    *   **Water Requirement:** Maize has a moderate water requirement, less than paddy but more than pulses. It can effectively utilize monsoon rainfall.
    *   **Soil pH:** A pH of 6.5 is ideal for maize, ensuring optimal nutrient availability and root health.
*   **Expected Yield:** 5.0 - 7.0 tons/ha (grain yield, with hybrid varieties and excellent management practices, including irrigation and fertilization).
*   **Best Planting Time:** Early June to Mid-July (to take advantage of the early monsoon rainfall and available irrigation, ensuring the crop has sufficient moisture during critical growth stages)."
28-02-2026 12:45,crop_recommendation,50,40,127,6.2,44,Silt,27,62,1303,Navarai (Jan – Mar) – TN Summer Crop,Tamil Nadu – Coastal Tamil Nadu,,,,"As an agricultural advisor, based on the provided conditions, here are the top crop recommendations for your farm in Coastal Tamil Nadu during the Navarai season:

---

### **1. Paddy (Rice)**
*   **Suitability Score:** 9.5/10

*   **Why it suits these conditions:**
    *   **Soil:** Silt soil with 44% moisture content is ideal for paddy cultivation, providing excellent water retention capacity. The pH of 6.2 is optimal for rice. While Potassium (K) levels are good, Nitrogen (N=50 kg/ha) and Phosphorus (P=40 kg/ha) are moderate to low and will require supplementation for optimal yields.
    *   **Environment:** The temperature of 27°C is well within the ideal range for rice growth. As a traditional Navarai (Jan-Mar) crop in Tamil Nadu, it thrives in warm conditions. Despite high annual rainfall, this season typically requires assured irrigation (which is common for Navarai crops) to supplement the lower seasonal rainfall in coastal areas.
    *   **General:** Paddy is a staple food with high market demand, and several short-duration, high-yielding varieties are well-suited for the Navarai season.

*   **Expected Yield:** 5,000 - 6,500 kg/ha (for high-yielding, short-duration varieties with proper nutrient management and irrigation).

*   **Best Planting Time:** January (for direct seeding or transplanting of 20-25 day old seedlings).

---

### **2. Groundnut (Peanut)**
*   **Suitability Score:** 9/10

*   **Why it suits these conditions:**
    *   **Soil:** Silt soil with good moisture retention and adequate drainage (which silt offers) is excellent for groundnut, especially for healthy pod development. The pH of 6.2 is favorable. Good K levels are present, but N and especially P (40 kg/ha) will need to be supplemented. As a legume, it fixes atmospheric nitrogen, but a starter dose of N is still beneficial.
    *   **Environment:** The consistent temperature of 27°C is ideal for groundnut, particularly crucial during its flowering and pod formation stages. It's a popular and well-adapted crop for the Navarai season with supplementary irrigation.
    *   **General:** Groundnut is a valuable short-duration cash crop (90-110 days) with strong market demand for oil and confectionery purposes.

*   **Expected Yield:** 2,000 - 3,000 kg/ha (shelled nuts, with proper nutrient management and irrigation).

*   **Best Planting Time:** Late January to mid-February.

---

### **3. Blackgram (Urd Bean) / Greengram (Moong Bean)**
*   **Suitability Score:** 8.5/10

*   **Why it suits these conditions:**
    *   **Soil:** Silt soil provides a good medium for these pulse crops, and the pH of 6.2 is ideal. K levels are adequate. While they are nitrogen-fixing legumes, a small starter dose of N and proper Phosphorus (P=40 kg/ha) supplementation are essential for vigorous initial growth and better yields.
    *   **Environment:** The temperature of 27°C is perfect for the growth and development of blackgram and greengram. Their short duration (65-75 days) makes them excellent for the Navarai season, allowing for quick harvest. They are relatively heat-tolerant and respond well to irrigation during critical growth phases.
    *   **General:** These pulses are excellent for improving soil fertility through nitrogen fixation, making them great rotation crops. They have consistent market demand as a dietary staple.

*   **Expected Yield:** 800 - 1,200 kg/ha (with proper nutrient management and timely irrigation).

*   **Best Planting Time:** February to early March (this timing helps avoid heavy monsoon rains during maturity, which can negatively affect harvest quality)."
28-02-2026 12:46,crop_recommendation,80,88,149,7,44,Silt,27,62,1303,Kharif / SW Monsoon (Jun – Oct) – AP / Telangana / Karnataka,Telangana – Eastern Ghats Upland,,,,"As an agricultural advisor, considering the provided soil and environmental conditions for the Kharif/SW Monsoon season in Telangana – Eastern Ghats Upland, here are my recommendations:

---

### Agricultural Recommendations for Telangana – Eastern Ghats Upland

**Key Conditions Summary:**
*   **Soil:** Good NPK (N=80, P=88, K=149 kg/ha), neutral pH (7.0), good moisture (44%), fertile Silt type.
*   **Environment:** Warm (27°C), moderate humidity (62%), high rainfall (1303mm), Kharif season (Jun – Oct).

---

### 1. Top 3 Recommended Crops with Suitability Score

*   **Paddy (Rice):** Suitability Score: 9.5/10
*   **Maize:** Suitability Score: 9.0/10
*   **Cotton:** Suitability Score: 8.8/10

---

### 2. Why Each Crop Suits These Conditions

#### **Paddy (Rice)**
*   **High Rainfall (1303mm):** Paddy is a water-intensive crop, perfectly suited for areas receiving high rainfall during the Kharif season, minimizing the need for supplemental irrigation.
*   **Warm Temperature (27°C):** This temperature falls within the optimal range for paddy growth, flowering, and grain filling.
*   **Neutral pH (7.0):** Rice thrives in slightly acidic to neutral soils, making a pH of 7.0 ideal for nutrient uptake.
*   **Silt Soil Type:** Silt soil has excellent water retention capacity, which is crucial for paddy cultivation, while also allowing for adequate drainage for varieties suited to upland conditions.
*   **Good NPK Levels:** The existing NPK levels are supportive; however, supplemental nitrogen would be beneficial for maximizing yield.
*   **Regional Suitability:** Paddy is a staple food crop and a major Kharif crop in Telangana, widely cultivated in regions with sufficient water.

#### **Maize**
*   **Warm Temperature (27°C):** Maize is a tropical crop that performs best in warm climates, making 27°C highly suitable for rapid vegetative growth and grain development.
*   **High Rainfall (1303mm):** While not as waterlogged as paddy, maize requires consistent moisture, especially during critical growth stages. The high Kharif rainfall ensures good water availability, reducing irrigation needs.
*   **Neutral pH (7.0):** Maize prefers a soil pH range of 6.0 to 7.0, so a neutral pH of 7.0 is optimal for nutrient availability and root health.
*   **Silt Soil Type:** Silt soil offers excellent drainage and aeration while retaining sufficient moisture and nutrients, which are ideal conditions for maize root development and healthy plant growth.
*   **Good NPK Levels:** Maize is a heavy feeder, and the good P and K levels are highly beneficial. The moderate N will require careful management, such as split application or top-dressing, to meet its high nitrogen demand.
*   **Regional Suitability:** Maize is a well-established and important Kharif crop in Telangana, grown for both food (corn) and feed.

#### **Cotton**
*   **Warm Temperature (27°C):** Cotton is a warm-season crop that demands high temperatures for robust growth, flowering, and boll development, making 27°C very suitable.
*   **Moderate to High Rainfall (1303mm):** Cotton requires 500-700mm of rainfall during its growing season. The relatively high rainfall of 1303mm is manageable, particularly in ""upland"" areas which typically offer better drainage, preventing waterlogging that cotton dislikes. A dry spell during boll maturity is beneficial for lint quality.
*   **Neutral pH (7.0):** Cotton prefers a slightly acidic to neutral soil pH, so 7.0 is ideal for optimal nutrient uptake.
*   **Silt Soil Type:** Silt soil provides good drainage, aeration, and fertility, all of which are crucial for cotton. It facilitates deep root penetration and healthy plant development.
*   **Good NPK Levels:** The soil's NPK balance is generally suitable for cotton, though careful nitrogen management (e.g., split application) is key for achieving optimal yield and lint quality.
*   **Regional Suitability:** Telangana is a major cotton-growing state, and cotton is a significant cash crop for farmers in the region during the Kharif season.

---

### 3. Expected Yield (Approximate, highly dependent on variety, management practices, and specific micro-climate)

*   **Paddy (Rice):** 4.5 - 6.0 tonnes/ha (45-60 quintals/ha) for high-yielding varieties under good management.
*   **Maize:** 5.0 - 7.0 tonnes/ha (50-70 quintals/ha) for hybrid varieties under good management.
*   **Cotton:** 2.0 - 3.0 tonnes/ha (20-30 quintals/ha) of seed cotton for good Bt varieties under rainfed conditions with good management.

---

### 4. Best Planting Time

*   **Paddy (Rice):** Mid-June to Mid-July (coinciding with the onset of the Southwest Monsoon). Transplanting of seedlings typically occurs 20-30 days after sowing in nurseries.
*   **Maize:** Mid-June to Mid-July (with the onset of the Southwest Monsoon).
*   **Cotton:** Early June to Mid-July (ideally coinciding with the first monsoon showers to ensure good germination and establishment). Earlier planting in May can be considered if pre-monsoon showers are sufficient or limited irrigation is available."
28-02-2026 12:47,crop_recommendation,80,88,149,7,44,Silt,27,62,1303,Rabi / Winter (Nov – Feb) – AP / Telangana / Karnataka,Telangana – Eastern Ghats Upland,,,,"Here are the recommended crops for the given conditions, tailored for Telangana's Rabi season:

---

### Agricultural Recommendations for Telangana – Eastern Ghats Upland

**Soil Analysis:**
*   **Nutrients (kg/ha):** N=80 (Moderate), P=88 (Good), K=149 (Very Good)
*   **pH:** 7.0 (Neutral – Ideal for most crops)
*   **Moisture:** 44% (Very Good – Indicates high water holding capacity)
*   **Type:** Silt (Fertile, good drainage, excellent water retention)

**Environmental Analysis:**
*   **Temperature:** 27°C (Warm, suitable for many crops even in Rabi in South India)
*   **Humidity:** 62% (Moderate)
*   **Rainfall:** 1303mm (Annual – significant rainfall, implies good soil moisture residual from monsoon and potential for irrigation infrastructure)
*   **Season:** Rabi / Winter (Nov – Feb)
*   **Region:** Telangana – Eastern Ghats Upland

---

### 1. Top 3 Recommended Crops with Suitability Score

1.  **Chickpea (Bengal Gram / Chana)** - Suitability Score: **9.5/10**
2.  **Maize (Corn)** - Suitability Score: **9.0/10**
3.  **Groundnut (Peanut)** - Suitability Score: **8.8/10**

---

### 2. Why Each Crop Suits These Conditions

*   **1. Chickpea (Bengal Gram / Chana)**
    *   **Temperature:** The 27°C daytime temperature with likely cooler nights during the Rabi season in Telangana is ideal for chickpea growth and development.
    *   **Soil:** Silt soil with a neutral pH (7.0) and good nutrient levels (especially P and K) is excellent for chickpea. Silt's water retention also benefits this crop.
    *   **Water Management:** Chickpea is relatively water-efficient compared to other major crops. It can effectively utilize residual soil moisture from the monsoon, reducing the need for extensive irrigation, though 1-2 irrigations can significantly boost yield.
    *   **Nutrient Cycling:** Being a legume, chickpea fixes atmospheric nitrogen, enriching the soil and reducing external nitrogen input requirements.
    *   **Regional Suitability:** It is a major and highly successful Rabi pulse crop in Telangana and neighboring states.

*   **2. Maize (Corn)**
    *   **Temperature:** The 27°C temperature is perfectly within the optimal range for maize growth and development, leading to good vegetative growth and grain filling.
    *   **Soil:** The fertile silt soil with good nutrient levels (N=80, P=88, K=149) and a neutral pH (7.0) provides an excellent foundation for maize, which is a heavy feeder. Silt's ability to retain moisture is also highly beneficial.
    *   **Water Management:** While maize is water-intensive, the high annual rainfall (1303mm) suggests the presence of irrigation facilities, which are crucial for successful Rabi maize in Telangana. The silt soil's moisture retention will help extend irrigation intervals.
    *   **Yield Potential:** With assured irrigation and good management, Rabi maize offers very high yield potential and is a significant cash crop in the region.

*   **3. Groundnut (Peanut)**
    *   **Temperature:** An average temperature of 27°C is highly favorable for groundnut, especially during its critical flowering and pegging stages.
    *   **Soil:** While sandy loam is often preferred for easier peg penetration, silt soil with good fertility (N=80, P=88, K=149) and neutral pH (7.0) can still support excellent groundnut yields, particularly with proper soil management. Silt's good moisture retention is a plus.
    *   **Water Management:** Groundnut requires consistent moisture, especially during key growth stages. Assured irrigation, which is feasible given the region's rainfall pattern, is essential for high yields in Rabi.
    *   **Market Value:** Groundnut is a high-value oilseed and snack crop, ensuring good market demand and returns.

---

### 3. Expected Yield

*   **1. Chickpea:**
    *   **Expected Yield:** 15-25 quintals/hectare (1.5-2.5 tons/hectare) under good management practices and supplementary irrigation.
*   **2. Maize:**
    *   **Expected Yield:** 50-80 quintals/hectare (5-8 tons/hectare) for hybrid varieties under assured irrigation and optimal management.
*   **3. Groundnut:**
    *   **Expected Yield:** 20-30 quintals/hectare (2-3 tons/hectare) of dry pods under irrigated conditions and good agricultural practices.

---

### 4. Best Planting Time

Given the ""Rabi / Winter (Nov – Feb)"" season in Telangana:

*   **1. Chickpea:** Early November (First to second week of November).
*   **2. Maize:** Early to Mid-November (First to third week of November).
*   **3. Groundnut:** Early to Mid-November (First to third week of November)."
28-02-2026 12:47,crop_recommendation,103,111,149,7,63,Peaty,27,62,1851,Summer / Zaid (Mar – May) – AP / Telangana / Karnataka,Karnataka – Krishna–Tungabhadra Basin,,,,"Here are the top crop recommendations based on the provided conditions:

### 1. Top 3 Recommended Crops with Suitability Score

1.  **Paddy (Rice)** - Suitability Score: **9.5/10**
2.  **Sugarcane** - Suitability Score: **9.0/10**
3.  **Maize** - Suitability Score: **8.0/10**

---

### 2. Why Each Crop Suits These Conditions

#### 1. Paddy (Rice)
*   **Soil:** Peaty soil with 63% moisture is ideal for paddy cultivation, which thrives in waterlogged or consistently wet conditions. The neutral pH (7.0) and high nutrient levels (N, P, K) perfectly support rice growth, minimizing the need for extensive fertilization.
*   **Environment:** The very high annual rainfall (1851mm) ensures ample water supply, reducing reliance on irrigation even during the Zaid season. Warm temperatures (27°C) and high humidity (62%) are conducive to paddy growth. The Krishna–Tungabhadra Basin in Karnataka is a significant rice-growing region.
*   **Season:** Zaid (Summer) paddy is a common practice in regions with assured water availability, allowing farmers to take an additional crop before the main Kharif season.

#### 2. Sugarcane
*   **Soil:** Sugarcane is a heavy feeder and requires very fertile soil with good moisture retention, which the peaty soil with high NPK and 63% moisture provides. The neutral pH is optimal for nutrient uptake.
*   **Environment:** It is a tropical crop that thrives in warm temperatures (27°C), high humidity, and abundant water. The high rainfall (1851mm) meets its significant water demand throughout its long growing period, though supplementary irrigation might still be beneficial during drier spells within the Zaid period for establishment. Karnataka is a major sugarcane-producing state.
*   **Season:** While often considered a long-duration crop, Zaid or pre-seasonal planting of sugarcane (January-March) is a well-established practice in Karnataka, allowing the crop to establish well before the intense heat and utilize early monsoon showers.

#### 3. Maize
*   **Soil:** Maize performs best in fertile, well-drained soils, and the peaty soil with high organic matter, neutral pH, and rich nutrient profile provides excellent fertility. While peaty soils retain high moisture, good drainage management would be crucial given the high rainfall to prevent waterlogging, to which maize can be sensitive.
*   **Environment:** Warm temperatures (27°C) are ideal for maize growth. It can utilize the high rainfall and humidity. Maize is a versatile crop grown widely across Karnataka, including in the Krishna–Tungabhadra Basin, as a food crop, fodder, or for industrial use.
*   **Season:** Maize is a popular Zaid crop due to its relatively shorter duration and ability to utilize available moisture and warmth before the monsoon intensifies.

---

### 3. Expected Yield

*   **Paddy (Rice):**
    *   **Grain Yield:** 5,000 – 7,000 kg/ha (5-7 tonnes/ha) of paddy (unmilled rice) under good management and favorable conditions.
*   **Sugarcane:**
    *   **Cane Yield:** 80 – 120 tonnes/ha, varying with variety and management practices.
*   **Maize:**
    *   **Grain Yield:** 4,000 – 6,000 kg/ha (4-6 tonnes/ha) for grain maize.
    *   **Fodder Yield:** Significantly higher if grown for fodder, often exceeding 20-30 tonnes/ha of green fodder.

---

### 4. Best Planting Time

*   **Paddy (Rice):**
    *   **Zaid/Summer Season:** March to April
*   **Sugarcane:**
    *   **Pre-seasonal/Zaid Planting:** January to March (can extend into early April in some areas)
*   **Maize:**
    *   **Zaid/Summer Season:** February to March (can extend into April, depending on onset of pre-monsoon showers)"
28-02-2026 12:48,crop_recommendation,85,74,89,7.7,63,Peaty,22,51,929,Navarai (Jan – Mar) – TN Summer Crop,Tamil Nadu – Cauvery Delta,,,,"As an agricultural advisor, considering the specific conditions in the Cauvery Delta region of Tamil Nadu during the Navarai season (Jan-Mar), with your given soil and environmental parameters, here are my top crop recommendations:

---

### 1. Top 3 Recommended Crops with Suitability Score

1.  **Paddy (Rice) - Short Duration Varieties**
    *   **Suitability Score:** 9.5/10

2.  **Blackgram (Urad Dal)**
    *   **Suitability Score:** 9.0/10

3.  **Sesame (Gingelly)**
    *   **Suitability Score:** 8.8/10

---

### 2. Why Each Crop Suits These Conditions

*   **1. Paddy (Rice) - Short Duration Varieties**
    *   **Soil Suitability:** Peaty soil with 63% moisture is excellent for paddy cultivation due to its high water retention capacity. The NPK levels (N=85, P=74, K=89 kg/ha) are moderate and can support paddy, though supplementary fertilization will be beneficial for optimal yield. While paddy prefers slightly acidic to neutral pH, many improved varieties are tolerant to moderately alkaline conditions (pH 7.7), especially with good organic matter from peaty soil.
    *   **Environmental Suitability:** The Cauvery Delta is the rice bowl of Tamil Nadu, and Navarai is a traditional rice-growing season (often irrigated). The 22°C temperature is ideal for vegetative growth. While later in the season (March), temperatures might rise, short-duration varieties are selected to complete their cycle effectively. The annual rainfall of 929mm, coupled with typical irrigation availability in the Delta, makes water management feasible.
    *   **Regional Fit:** Paddy is a staple and economically significant crop for the region.

*   **2. Blackgram (Urad Dal)**
    *   **Soil Suitability:** Blackgram is fairly tolerant to a range of soil types, including well-drained peaty soils. It can also tolerate moderately alkaline soil conditions (pH 7.7), often performing well up to pH 8.0. The existing NPK levels are good, and as a legume, it fixes atmospheric nitrogen, reducing the need for external nitrogen fertilizers.
    *   **Environmental Suitability:** As a short-duration crop (60-75 days), it fits perfectly within the Navarai season. The 22°C temperature and moderate humidity are conducive to its growth. It can tolerate the gradual increase in temperature towards March.
    *   **Regional Fit:** Blackgram is a popular pulse crop in Tamil Nadu, often grown in rotation or as a standalone crop, contributing to soil health.

*   **3. Sesame (Gingelly)**
    *   **Soil Suitability:** Sesame is highly adaptable and tolerant to a wide range of soil pH, including slightly alkaline conditions like pH 7.7. Peaty soil, if well-drained, can provide good moisture and nutrient retention. The existing NPK levels are suitable, and sesame has moderate nutrient requirements.
    *   **Environmental Suitability:** Sesame is a short-duration crop (80-90 days) well-suited for the Navarai season. It thrives in warm temperatures, making the 22°C ideal and tolerating higher temperatures expected towards the end of the season (March). It also handles moderate humidity and the rainfall pattern.
    *   **Regional Fit:** Sesame is an important oilseed crop in Tamil Nadu, providing a good cash crop option.

---

### 3. Expected Yield

*   **Paddy (Rice):**
    *   Expected Yield: **4,000 - 5,500 kg/ha** (grain yield for short-duration varieties with good management).

*   **Blackgram (Urad Dal):**
    *   Expected Yield: **700 - 1,000 kg/ha** (seed yield with improved varieties and optimal practices).

*   **Sesame (Gingelly):**
    *   Expected Yield: **800 - 1,200 kg/ha** (seed yield with improved varieties and optimal practices).

---

### 4. Best Planting Time

*   **For all recommended crops (Paddy, Blackgram, Sesame):**
    *   **Best Planting Time:** **Early to Mid-January**
    *   This timing allows the crops to establish during favorable temperatures, utilize the full Navarai season, and mature before the intense summer heat of April/May, which is crucial for maximizing yield and quality. For paddy, early planting ensures effective use of available irrigation water during the critical growth stages."
28-02-2026 12:49,crop_recommendation,61,74,101,7.7,58,Peaty,22,43,1241,Virippu / SW Monsoon (Jun – Aug) – Kerala,Kerala – Palakkad Gap,,,,"As an agricultural advisor, based on the provided conditions for your land in Kerala, Palakkad Gap during the Virippu / SW Monsoon season (June – August), here are my top crop recommendations:

**Conditions Summary:**
*   **Soil:** N=61, P=74, K=101 kg/ha (Moderately fertile), pH=7.7 (Slightly alkaline), Moisture=58% (High), Type=Peaty (Organic-rich, high water retention).
*   **Environment:** Temp=22°C (Moderate), Humidity=43% (Moderate), Rainfall=1241mm (Very high), Season=SW Monsoon.

---

### 1. Paddy Rice (Oryza sativa)

*   **Suitability Score:** 9.5/10
*   **Why it suits these conditions:**
    *   **Soil:** Peaty soils, being rich in organic matter and having high moisture retention, are excellent for wetland rice cultivation. The high soil moisture (58%) is perfectly suited for paddy. The moderate nutrient levels will support good growth.
    *   **pH:** While rice generally prefers slightly acidic to neutral soils (pH 6.0-7.0), many improved rice varieties exhibit good tolerance to slightly alkaline conditions (up to pH 7.5-8.0). With proper variety selection and management, pH 7.7 is manageable.
    *   **Environment:** The Virippu / SW Monsoon season (June – August) is the primary rice-growing season in Kerala, perfectly aligning with the very high rainfall (1241mm) and moderate temperatures (22°C). Palakkad is historically known as the ""rice bowl"" of Kerala, making it a natural fit for paddy cultivation during the monsoon.
*   **Expected Yield:** For well-managed fields with improved varieties in Kerala, yields can typically range from **3,500 - 5,000 kg/ha**.
*   **Best Planting Time:** Direct seeding or transplanting should commence immediately at the onset of the SW Monsoon, typically **June - July**, to fully utilize the abundant rainfall.

### 2. Taro (Colocasia esculenta) / Elephant Foot Yam (Amorphophallus paeoniifolius)

*   **Suitability Score:** 9.0/10
*   **Why it suits these conditions:**
    *   **Soil:** Both Taro and Elephant Foot Yam thrive in rich, moist, and organic-rich soils like peaty soil. They are highly tolerant of high soil moisture and even temporary waterlogging, which makes them ideal for these high-moisture and rainfall conditions. The nutrient levels are favorable for robust tuber development.
    *   **pH:** These tuber crops generally tolerate a wide pH range, including slightly alkaline conditions. A pH of 7.7 is well within their adaptable range (often tolerating up to pH 7.5 for Taro and higher for Yam).
    *   **Environment:** They perform exceptionally well under high rainfall conditions and moderate temperatures (22°C) typical of the Kerala monsoon. These are traditional wetland/high moisture crops of the region, known for their resilience in such environments.
*   **Expected Yield:**
    *   **Taro:** 15,000 - 25,000 kg/ha
    *   **Elephant Foot Yam:** 25,000 - 40,000 kg/ha
*   **Best Planting Time:** Planting of corms/cormels should be done at the beginning of the monsoon, usually **May - June**, to take full advantage of the heavy rains for establishment and growth.

### 3. Sugarcane (Saccharum officinarum)

*   **Suitability Score:** 8.5/10
*   **Why it suits these conditions:**
    *   **Soil:** Sugarcane is a heavy feeder that requires abundant moisture and benefits greatly from fertile, organic-rich soils like peaty soil. The high soil moisture (58%) and good nutrient levels are very conducive. While it doesn't tolerate prolonged waterlogging, its high water requirement makes the rainfall beneficial. Proper field preparation, such as planting on ridges or raised beds, can effectively manage excess water during peak monsoon.
    *   **pH:** Sugarcane is known to be tolerant of a relatively wide pH range, typically thriving between pH 6.0 and 8.0. A pH of 7.7 is well within its suitable range.
    *   **Environment:** Sugarcane benefits significantly from high rainfall (1241mm), especially during its initial growth phase. The moderate temperature (22°C) is suitable for its vegetative development. Palakkad is a region where sugarcane is cultivated.
*   **Expected Yield:** For well-managed sugarcane in Kerala, yields can range from **80 - 120 tonnes/ha** (cane yield).
*   **Best Planting Time:** In Kerala, sugarcane planting can be done year-round, but for rain-fed conditions and to optimize the use of monsoon rains, planting is typically done during **May - July** (Virippu season). This allows the crop to establish well with the initial rains."
28-02-2026 12:50,crop_recommendation,89,98,80,7.7,58,Saline,18,54,1588,Mundakan / NE Monsoon (Sep – Nov) – Kerala,Kerala – Coastal Kerala,,,,"Here are the best crop recommendations for your conditions in Coastal Kerala during the Mundakan season:

## Agricultural Recommendations for Coastal Kerala (Mundakan Season)

**Key Considerations:** The primary challenges are **saline soil** and **alkaline pH (7.7)**, combined with **very high rainfall (1588mm)** during the Mundakan (NE Monsoon) season in coastal Kerala, which suggests potential for waterlogging. The existing NPK levels are generally adequate for initial growth.

### 1. Top 3 Recommended Crops

*   **1. Rice (Paddy) - Salt-Tolerant Varieties**
    *   **Suitability Score:** 9/10
*   **2. Taro (Colocasia esculenta) / Kachu**
    *   **Suitability Score:** 8.5/10
*   **3. Sweet Potato (Ipomoea batatas)**
    *   **Suitability Score:** 7.5/10

---

### 2. Why Each Crop Suits These Conditions

#### 1. Rice (Paddy) - Salt-Tolerant Varieties

*   **Why it Suits:**
    *   **Traditional Crop:** Rice is the traditional and primary crop for the Mundakan season in Kerala, naturally suited to high rainfall and humidity.
    *   **Salinity Tolerance:** Crucially, specific salt-tolerant rice varieties have been developed by agricultural universities (e.g., KAU) for coastal areas of Kerala (e.g., Pokkali landraces, Vyttila varieties like Vyttila-6, Vyttila-7, Vyttila-8, Vyttila-9, Ezhome varieties). These varieties are specifically adapted to saline conditions.
    *   **High Rainfall & Waterlogging:** As a semi-aquatic crop, rice thrives in waterlogged conditions and can easily withstand the very high rainfall, which would damage most other crops.
    *   **pH Tolerance:** While pH 7.7 is slightly alkaline, many modern salt-tolerant rice varieties have improved tolerance to a wider pH range.
    *   **Nutrient Levels:** The existing moderate NPK levels are suitable for rice cultivation, although specific fertility management will be required for optimal yield.

#### 2. Taro (Colocasia esculenta) / Kachu

*   **Why it Suits:**
    *   **High Moisture & Waterlogging:** Taro is a wetland crop that thrives in consistently moist to waterlogged conditions, making it an excellent choice for areas with high rainfall and potential inundation.
    *   **Moderate Salinity Tolerance:** Many varieties of Taro, especially those traditionally grown in coastal regions, exhibit moderate tolerance to soil salinity.
    *   **Coastal Adaptation:** It is a common and important tuber crop grown in the coastal belts of Kerala due to its adaptability to humid and wet conditions.
    *   **pH Tolerance:** Taro can tolerate a range of pH from moderately acidic to slightly alkaline (up to ~7.5), so pH 7.7 might be at the upper end but often manageable with good organic matter.
    *   **Nutrient Utilization:** It effectively utilizes the moderate existing NPK levels for corm development.

#### 3. Sweet Potato (Ipomoea batatas)

*   **Why it Suits:**
    *   **Moderate Salinity Tolerance:** Sweet potato is known to have a relatively good tolerance to soil salinity compared to many other vegetable and tuber crops.
    *   **High Rainfall Tolerance:** While not a wetland crop, it can withstand high rainfall and even temporary waterlogging better than many other sensitive crops, provided there is some basic drainage.
    *   **pH Adaptability:** Sweet potato is adaptable to a wide pH range (4.5 to 7.5), making pH 7.7 manageable, especially if suitable tolerant varieties are selected.
    *   **Tropical & Coastal Adaptability:** It is widely cultivated in tropical and subtropical coastal regions globally due to its resilience.
    *   **Nutrient Utilization:** Benefits from the moderate NPK levels in the soil.

---

### 3. Expected Yield

*   **1. Rice (Paddy) - Salt-Tolerant Varieties:**
    *   **Expected Yield:** 2.5 - 4.0 tonnes per hectare (6-10 quintals per acre), depending on the specific salt-tolerant variety, actual salinity level, and management practices.
*   **2. Taro (Colocasia esculenta) / Kachu:**
    *   **Expected Yield:** 10 - 20 tonnes per hectare (100-200 quintals per acre), depending on the variety and cultivation practices.
*   **3. Sweet Potato (Ipomoea batatas):**
    *   **Expected Yield:** 15 - 25 tonnes per hectare (150-250 quintals per acre) under good management.

---

### 4. Best Planting Time

*   **1. Rice (Paddy) - Salt-Tolerant Varieties:**
    *   **Best Planting Time:** Transplanting typically commences from **September to early October** for the Mundakan (second rice crop) season in Kerala, aligning with the retreating Northeast Monsoon.
*   **2. Taro (Colocasia esculenta) / Kachu:**
    *   **Best Planting Time:** Planting of corms or suckers can be done from **September to October** to leverage the high moisture from the retreating monsoon for establishment and growth, with harvest typically 6-9 months later.
*   **3. Sweet Potato (Ipomoea batatas):**
    *   **Best Planting Time:** Planting of vine cuttings is best done from **September to October**, allowing the crop to establish and grow during the high rainfall period, with harvest occurring in 3-5 months."
28-02-2026 12:52,crop_recommendation,78,84,111,7.2,44,Chalky,20,62,1803,Puncha / Winter Paddy (Dec – Feb) – Kerala,Kerala – Western Ghats (High Rainfall Zone),,,,"Here are the crop recommendations based on the provided conditions:

### 1. Top 3 Recommended Crops with Suitability Score

*   **1. Paddy (Rice)** - Suitability Score: 9.5/10
*   **2. Cowpea** - Suitability Score: 8.8/10
*   **3. Tapioca (Cassava)** - Suitability Score: 8.5/10

---

### 2. Why Each Crop Suits These Conditions

*   **1. Paddy (Rice)**
    *   **Season & Rainfall:** The ""Puncha / Winter Paddy"" season (Dec – Feb) specifically refers to this crop cycle in Kerala, typically planted post-monsoon utilizing residual moisture or supplemental irrigation. The region's very high annual rainfall (1803mm) provides an overall water-rich environment ideal for rice cultivation, even if Dec-Feb is comparatively drier.
    *   **Temperature & Humidity:** The moderate temperature (20°C) and high humidity (62%) are well within the optimal range for rice growth, promoting healthy tillering and grain filling.
    *   **Soil:** While chalky soils (pH 7.2) are not traditional acidic paddy soils, they can be effectively managed. The high moisture content (44%) indicates good water retention, crucial for rice. The good NPK levels (N=78, P=84, K=111 kg/ha) provide an excellent nutrient base. Management practices like organic matter incorporation and potential micronutrient (iron, manganese) supplementation might be beneficial due to the higher pH of chalky soils.

*   **2. Cowpea**
    *   **Season & Rainfall:** Cowpea is a versatile pulse crop, commonly grown in Kerala during the post-monsoon (Rabi/Puncha) season. It can benefit from residual moisture and tolerate relatively drier spells, making it suitable for Dec-Feb planting. While the region experiences high annual rainfall, this specific season allows for proper drainage, which is vital for legumes to prevent root rot.
    *   **Temperature & Humidity:** The tropical climate (20°C temperature, 62% humidity) is ideal for cowpea, supporting robust vegetative growth and good pod development.
    *   **Soil:** Cowpea tolerates a wide range of soil types, including those with neutral to slightly alkaline pH (7.2). The existing good NPK levels provide ample nutrients. The ""chalky"" nature often implies good drainage, which is essential for healthy root development in cowpea, especially in a high rainfall region. As a legume, it also contributes to soil fertility by fixing atmospheric nitrogen.

*   **3. Tapioca (Cassava)**
    *   **Season & Rainfall:** Tapioca is a major staple and industrial crop in Kerala, renowned for its hardiness and ability to thrive in high rainfall conditions. Planting in Dec-Feb allows the crop to establish during a relatively drier period and subsequently leverage the upcoming monsoon rains for vigorous tuber development, leading to excellent yields.
    *   **Temperature & Humidity:** The consistently warm temperature (20°C) and high humidity (62%) characteristic of Kerala are perfectly suited for tapioca, which is a tropical plant.
    *   **Soil:** Tapioca is remarkably hardy and adaptable to various soil types, including chalky soils with a pH of 7.2. It can tolerate conditions that many other crops cannot. While it can grow in poorer soils, the existing good NPK levels (N=78, P=84, K=111 kg/ha) will significantly boost growth and yield. Good drainage, often characteristic of chalky soils, helps prevent tuber rot in high rainfall areas.

---

### 3. Expected Yield

*   **1. Paddy (Rice):**
    *   **Expected Yield:** 4.5 – 6.0 tonnes/hectare (clean rice). This is achievable with improved varieties and good management practices specific to the Puncha season.

*   **2. Cowpea:**
    *   **Expected Yield:** 1.0 – 1.8 tonnes/hectare (dry beans) or 8-12 tonnes/hectare (green pods) for vegetable varieties.

*   **3. Tapioca (Cassava):**
    *   **Expected Yield:** 25 – 40 tonnes/hectare (fresh tubers). With optimal management and improved varieties, yields can even exceed 50 tonnes/hectare in fertile soils of Kerala.

---

### 4. Best Planting Time

*   **1. Paddy (Rice):**
    *   **Best Planting Time:** Mid-December to January (specifically for the Puncha / Winter Paddy season).

*   **2. Cowpea:**
    *   **Best Planting Time:** December to January (as a post-monsoon/Rabi crop, utilizing residual moisture or light irrigation).

*   **3. Tapioca (Cassava):**
    *   **Best Planting Time:** December to February. While often planted pre-monsoon (May-June), planting in Dec-Feb is also a common practice in Kerala, allowing the crop to establish before the main monsoon and maximize growth from the subsequent heavy rains."
28-02-2026 12:53,crop_recommendation,66,75,90,6.7,41,Sandy,27,54,1297,Summer / Zaid (Mar – May) – AP / Telangana / Karnataka,Telangana – Eastern Ghats Upland,,,,"As an agricultural advisor, I've assessed the provided soil and environmental conditions to recommend the most suitable crops for your farm in Telangana's Eastern Ghats Upland during the Zaid (Summer) season (March – May).

The key factors influencing crop selection are:
*   **Sandy soil:** Good drainage, warms up quickly, but low water retention and nutrient holding capacity. Requires crops that tolerate these conditions and/or supplemental irrigation.
*   **pH 6.7, good P & K:** Excellent base fertility. Moderate N, which legumes can help replenish.
*   **Temp 27°C:** Optimal for warm-season crops.
*   **Rainfall 1297mm (annual average):** While the annual average is high, Zaid (March-May) is typically a drier period before the monsoon. Drought tolerance or supplemental irrigation will be crucial.
*   **Zaid Season (Mar-May):** Requires short-duration crops that can be harvested before the onset of the main monsoon (Kharif).

Here are my top 3 recommendations:

---

### 1. Moong (Green Gram)

*   **Suitability Score:** 4.8/5
*   **Why it suits these conditions:**
    *   **Soil Adaptation:** Moong thrives in well-drained sandy to sandy loam soils, making it an excellent choice for your sandy soil type.
    *   **Drought Tolerance:** It is a relatively drought-tolerant crop, crucial for the Zaid season which can experience limited rainfall.
    *   **Short Duration:** Moong is a short-duration crop (60-75 days), perfectly suited for the Zaid window, allowing for harvest before the Kharif season begins.
    *   **Nutrient Cycling:** As a leguminous crop, it fixes atmospheric nitrogen, which can benefit the soil's nitrogen levels (N=66 kg/ha) and the subsequent crop.
    *   **Temperature & pH:** Optimal growth at 25-35°C and pH 6.0-7.5, fitting your conditions perfectly.
*   **Expected Yield:** 600 - 800 kg/ha (with good management and favorable conditions).
*   **Best Planting Time:** Late February to mid-March (to allow harvest by late April – early May).

---

### 2. Groundnut (Peanut)

*   **Suitability Score:** 4.7/5
*   **Why it suits these conditions:**
    *   **Soil Adaptation:** Groundnut is renowned for its preference for light, well-drained sandy and sandy loam soils. This is ideal for peg penetration and pod development in your sandy soil.
    *   **Warm Climate:** It flourishes in warm temperatures (25-30°C), aligning with your 27°C environment.
    *   **Drought Tolerance:** While critical stages like pegging and pod formation require adequate moisture, groundnut is reasonably drought-tolerant compared to many other crops.
    *   **Nutrient Contribution:** Being a legume, it contributes to soil nitrogen, benefiting soil health.
    *   **Economic Value:** Groundnut is a significant cash crop, offering good economic returns.
*   **Expected Yield:** 1000 - 1500 kg/ha (dry pods, with good management and supplemental irrigation if needed).
*   **Best Planting Time:** Early March to mid-March (to allow harvest by June).

---

### 3. Urad (Black Gram)

*   **Suitability Score:** 4.6/5
*   **Why it suits these conditions:**
    *   **Soil Adaptation:** Similar to Moong, Urad prefers well-drained sandy loam to loam soils, making it suitable for your sandy soil. It does not tolerate waterlogging.
    *   **Short Duration:** Urad is also a relatively short-duration crop (70-90 days), fitting well into the Zaid cropping cycle.
    *   **Drought Tolerance:** It possesses good drought tolerance, important for the often-drier Zaid months.
    *   **Nutrient Cycling:** As a legume, it enhances soil fertility by fixing atmospheric nitrogen, reducing the need for external nitrogen inputs.
    *   **Temperature & pH:** Optimal for warm climates (25-35°C) and a pH range of 6.5-7.5, aligning perfectly with your conditions.
*   **Expected Yield:** 500 - 700 kg/ha (with good management and favorable conditions).
*   **Best Planting Time:** Late February to mid-March (to allow harvest by late May – early June).

---

**General Recommendations for all crops:**

*   **Water Management:** Although these crops are relatively drought-tolerant, supplemental irrigation during critical growth stages (especially flowering and pod/peg formation) will significantly boost yields, given the sandy soil's low water retention and potentially limited Zaid rainfall.
*   **Nutrient Management:** While P and K are good, and legumes fix N, a starter dose of a balanced fertilizer might be beneficial. Regular soil testing will help fine-tune nutrient application.
*   **Organic Matter:** Incorporating organic matter (compost, farmyard manure) will improve the sandy soil's water holding capacity and nutrient retention over time.
*   **Pest and Disease Monitoring:** Regular scouting for pests and diseases is essential, especially in warm and humid conditions that can favor their development."
28-02-2026 12:54,crop_recommendation,80,75,105,7.1,48,Clay,22,50,818,Rabi / Winter (Nov – Feb) – AP / Telangana / Karnataka,Telangana – Northern Telangana Dry Zone,,,,"Here are the top crop recommendations for your specific conditions in Northern Telangana Dry Zone during the Rabi season:

---

### 1. Top 3 Recommended Crops with Suitability Score

*   **1. Chickpea (శనగలు)** - Suitability Score: **9.5/10**
*   **2. Rabi Maize (రబీ మొక్కజొన్న)** - Suitability Score: **9.0/10**
*   **3. Safflower (కుసుమలు)** - Suitability Score: **8.8/10**

---

### 2. Why Each Crop Suits These Conditions

**1. Chickpea (శనగలు)**
*   **Soil:**
    *   **Clay Soil, pH 7.1:** Chickpea thrives in well-drained clay to loamy soils with a neutral to slightly alkaline pH, making your soil ideal.
    *   **Moisture 48%:** The good moisture content in your clay soil will support early establishment, and its good water retention capacity helps the crop withstand drier spells later.
    *   **Nutrients (N=80, P=75, K=105):** Chickpea is a leguminous crop that fixes atmospheric nitrogen, reducing its dependency on external N inputs. The medium to high P and K levels are suitable for its growth, though phosphorus is particularly important for pulses.
*   **Environment:**
    *   **Rabi Season (Nov-Feb), Temp 22°C:** This is the quintessential Rabi pulse. The cool temperatures are perfect for its vegetative growth and pod development.
    *   **Northern Telangana Dry Zone, Rainfall 818mm (Annual):** Chickpea is highly drought-tolerant, making it an excellent choice for dry zones and areas with limited winter rainfall or irrigation. The residual moisture in clay soil helps.

**2. Rabi Maize (రబీ మొక్కజొన్న)**
*   **Soil:**
    *   **Clay Soil, pH 7.1:** Maize can perform very well in clay soils due to their high water-holding capacity, provided there is good drainage to prevent waterlogging. The neutral pH is ideal.
    *   **Moisture 48%:** Good initial soil moisture is crucial for maize establishment.
    *   **Nutrients (N=80, P=75, K=105):** While maize is a heavy feeder, the existing medium to high nutrient levels provide a good base. With supplementary fertilization, high yields are achievable.
*   **Environment:**
    *   **Rabi Season (Nov-Feb), Temp 22°C:** Rabi maize has become increasingly popular in Telangana as the cooler, drier conditions (compared to Kharif) lead to higher yields and reduced pest/disease pressure. The average temperature of 22°C is conducive to its growth.
    *   **Northern Telangana Dry Zone:** Requires consistent irrigation for optimal yields, but the stable Rabi weather makes it a commercially attractive option where irrigation is available.

**3. Safflower (కుసుమలు)**
*   **Soil:**
    *   **Clay Soil, pH 7.1:** Safflower is well-suited to heavy clay soils and tolerates a wide range of soil types, including those with higher pH.
    *   **Moisture 48%:** The good moisture status in clay soil is beneficial for establishment, and its deep root system allows it to utilize sub-soil moisture effectively.
    *   **Nutrients (N=80, P=75, K=105):** Safflower is known for its ability to thrive in moderate fertility conditions, making it suitable for your existing nutrient levels.
*   **Environment:**
    *   **Rabi Season (Nov-Feb), Temp 22°C:** Safflower is a classic Rabi oilseed crop. It prefers cool, dry weather for good growth and seed development, aligning perfectly with the season and temperature.
    *   **Northern Telangana Dry Zone:** It is highly drought-tolerant once established due to its extensive root system, making it an excellent choice for dryland cultivation and areas with limited irrigation resources in the dry zone.

---

### 3. Expected Yield (Under Good Management & Irrigation where needed)

*   **1. Chickpea:**
    *   **Expected Yield:** 1.5 - 2.5 tonnes/hectare (t/ha)
*   **2. Rabi Maize:**
    *   **Expected Yield:** 6.0 - 8.0 tonnes/hectare (t/ha) (grain)
*   **3. Safflower:**
    *   **Expected Yield:** 1.0 - 1.8 tonnes/hectare (t/ha)

---

### 4. Best Planting Time

*   **1. Chickpea:**
    *   **Best Planting Time:** Mid-October to Mid-November
*   **2. Rabi Maize:**
    *   **Best Planting Time:** Mid-October to December (depending on variety maturity period)
*   **3. Safflower:**
    *   **Best Planting Time:** Late October to November

---"
28-02-2026 12:55,crop_recommendation,70,70,94,6.9,51,Loamy,24,50,1019,Kharif / SW Monsoon (Jun – Oct) – AP / Telangana / Karnataka,Telangana – Northern Telangana Dry Zone,,,,"As an agricultural advisor, based on the conditions provided for the Northern Telangana Dry Zone during the Kharif season, here are my top recommendations:

---

### **1. Cotton**
*   **Suitability Score:** 9/10
*   **Why it suits these conditions:**
    *   **Soil:** Loamy soil with pH 6.9 is ideal for cotton, providing good drainage while retaining sufficient moisture. The NPK levels (N=70, P=70, K=94) are robust and will support strong growth.
    *   **Environment:** The warm temperature (24°C) is perfect for cotton cultivation. The 1019mm rainfall during the Kharif season, concentrated during its early growth phase, provides ample moisture. The ""dry zone"" context implies that a slightly drier period during flowering and boll development (common towards the end of monsoon) is actually beneficial for reduced pest pressure and better boll opening. Cotton is a major and highly successful crop in Telangana.
*   **Expected Yield:** 15-20 quintals per hectare (seed cotton) under good rainfed management with improved varieties.
*   **Best Planting Time:** Mid-June to Mid-July, coinciding with the onset of the Southwest Monsoon.

### **2. Maize**
*   **Suitability Score:** 9/10
*   **Why it suits these conditions:**
    *   **Soil:** Loamy soil with good moisture retention (51%) and near-neutral pH (6.9) is excellent for maize, allowing deep root penetration and efficient nutrient uptake. The high NPK levels are very beneficial as maize is a nutrient-demanding crop.
    *   **Environment:** Maize thrives in warm temperatures (24°C is optimal). The 1019mm rainfall during Kharif ensures sufficient water availability for its rapid growth, even though supplemental irrigation during critical stages can further boost yields. It is a highly adaptable crop widely grown across Telangana.
*   **Expected Yield:** 35-50 quintals per hectare (grain) under good rainfed conditions with hybrid varieties and proper management.
*   **Best Planting Time:** Last week of June to Mid-July, after the monsoon has properly set in.

### **3. Pigeonpea (Red Gram / Tur)**
*   **Suitability Score:** 8.5/10
*   **Why it suits these conditions:**
    *   **Soil:** Loamy soil is ideal for pigeonpea's deep taproot system, which helps it extract moisture from deeper soil profiles. The pH of 6.9 is excellent. As a legume, it fixes atmospheric nitrogen, enriching the soil, while still benefiting from the provided P and K.
    *   **Environment:** Pigeonpea is very resilient and well-suited to the ""dry zone"" aspect due to its drought tolerance. The warm temperature (24°C) is favorable. While it appreciates initial monsoon rains (1019mm), its ability to withstand intermittent dry spells common in rainfed dry zones makes it a reliable choice. It's a common and valuable pulse crop in the region.
*   **Expected Yield:** 12-18 quintals per hectare (grain) for rainfed cultivation with good management practices.
*   **Best Planting Time:** Mid-June to Early July, with the first significant monsoon showers."
28-02-2026 12:56,crop_recommendation,70,70,134,7.4,41,Chalky,24,50,1283,Kharif / SW Monsoon (Jun – Oct) – AP / Telangana / Karnataka,Karnataka – Deccan Plateau,,,,"Here are the best crop recommendations based on the conditions provided:

---

### Agricultural Recommendations for Karnataka – Deccan Plateau (Kharif Season)

**Soil Conditions:** N=70 kg/ha, P=70 kg/ha, K=134 kg/ha, pH=7.4, Moisture=41%, Type=Chalky
**Environmental Conditions:** Temp=24°C, Humidity=50%, Rainfall=1283mm, Season=Kharif / SW Monsoon (Jun – Oct)

---

### 1. Sorghum (Jowar)

*   **Suitability Score:** 4.8/5
*   **Why it Suits These Conditions:**
    *   **Soil:** Sorghum is remarkably tolerant to alkaline soils (pH 7.4) and can perform well in chalky soil types. It is efficient in nutrient uptake even under moderately challenging soil conditions. The existing NPK levels are adequate for a good start, though specific micronutrient management (e.g., iron, zinc) might be beneficial in chalky soils.
    *   **Environment:** Thrives in the warm temperatures (24°C) and benefits significantly from the high rainfall (1283mm) during the Kharif season. It is a traditional and well-adapted crop for the Deccan Plateau region.
    *   **Moisture:** While known for drought tolerance, good moisture (41% indicated, and high rainfall) ensures excellent yields.
*   **Expected Yield:** 2.5 - 4.0 tonnes per hectare (grain) under good rain-fed conditions with improved varieties. Significant fodder yield is also expected.
*   **Best Planting Time:** Mid-June to mid-July, coinciding with the onset of the Southwest Monsoon.

---

### 2. Maize (Corn)

*   **Suitability Score:** 4.7/5
*   **Why it Suits These Conditions:**
    *   **Soil:** Maize is adaptable to a wide pH range, including slightly alkaline soils (pH 7.4). It can be successfully grown in chalky soils, provided there's good organic matter incorporation and careful management of micronutrients (especially zinc and iron, which can become less available in high pH chalky soils). The initial NPK levels are a good base, but maize is a heavy feeder, particularly for nitrogen, so supplemental fertilization will be crucial for high yields.
    *   **Environment:** The warm temperatures (24°C) and abundant rainfall (1283mm) during the Kharif season are ideal for robust maize growth. It is a major commercial crop cultivated extensively in rain-fed areas of Karnataka.
    *   **Moisture:** High rainfall perfectly matches its high water requirement.
*   **Expected Yield:** 3.0 - 5.0 tonnes per hectare (grain) for improved hybrid varieties under rain-fed conditions.
*   **Best Planting Time:** Mid-June to mid-July, aligning with the reliable monsoon rains.

---

### 3. Finger Millet (Ragi)

*   **Suitability Score:** 4.5/5
*   **Why it Suits These Conditions:**
    *   **Soil:** Finger Millet is renowned for its resilience and adaptability to various soil types, including marginal, low-fertile, and slightly alkaline soils (pH 7.4). It performs well in chalky soils, making it a very reliable choice for these specific soil conditions. The moderate NPK levels are generally sufficient for Ragi, which is less demanding than maize or sorghum.
    *   **Environment:** It thrives in warm temperatures (24°C) and benefits greatly from the high Kharif rainfall (1283mm). It is a traditional staple food and a highly suitable rain-fed crop for the Karnataka Deccan Plateau.
    *   **Regional Fit:** A robust crop well-integrated into the local agricultural practices.
*   **Expected Yield:** 1.5 - 2.5 tonnes per hectare (grain) for improved varieties under rain-fed conditions.
*   **Best Planting Time:** June end to July end, after the establishment of consistent monsoon rains."
28-02-2026 12:58,crop_recommendation,84,76,86,6.7,57,Saline,20,41,915,Rabi / Winter (Nov – Feb) – AP / Telangana / Karnataka,Karnataka – Northern Dry Zone,,,,"As your agricultural advisor, considering the specific conditions of your farm in the Northern Dry Zone of Karnataka during the Rabi season, the primary challenge is the **saline soil**. This heavily influences crop selection, as most common crops perform poorly under high salt concentrations. However, the good NPK levels, favorable pH, moderate temperature, and sufficient initial soil moisture are positive factors for salt-tolerant crops.

Here are my top 3 recommended crops:

---

### 1. Barley (Hordeum vulgare)

*   **Suitability Score:** 9/10
*   **Why it suits these conditions:**
    *   **Salinity Tolerance:** Barley is one of the most salt-tolerant cereal crops, making it an excellent choice for your saline soil. Specific salt-tolerant varieties can perform very well.
    *   **Rabi Season & Temperature:** It is a cool-season crop perfectly suited for the 20°C temperatures during the Rabi season (Nov-Feb) in Karnataka.
    *   **Soil Fertility:** It can effectively utilize the medium NPK levels in your soil.
    *   **Moisture:** While annual rainfall is good, the Rabi season itself can be drier. Barley is relatively efficient in water use and can benefit from the 57% soil moisture.
*   **Expected Yield:** 2.5 - 3.5 tons/ha (Under good management with a suitable salt-tolerant variety, aiming for the mid-range of typical yields for the region despite salinity).
*   **Best Planting Time:** Early November to Mid-November.

---

### 2. Mustard / Rapeseed (Brassica juncea)

*   **Suitability Score:** 8.5/10
*   **Why it suits these conditions:**
    *   **Salinity Tolerance:** Indian Mustard (Raya/Sarson) generally shows good to moderate tolerance to salinity compared to many other oilseed crops. Choosing a salt-tolerant variety is crucial.
    *   **Rabi Season & Temperature:** It is a key Rabi crop, thriving in the cool and dry conditions typical of the Nov-Feb period in Karnataka, with 20°C being ideal for its growth.
    *   **Soil Fertility:** It responds well to the existing NPK levels.
    *   **Cash Crop:** Mustard is a valuable cash crop, providing oilseed for edible oil and animal feed.
*   **Expected Yield:** 1.5 - 2.5 tons/ha (With appropriate variety selection and management, aiming for the lower to mid-range of typical yields for the region given the saline conditions).
*   **Best Planting Time:** Late October to Mid-November.

---

### 3. Safflower (Carthamus tinctorius)

*   **Suitability Score:** 8/10
*   **Why it suits these conditions:**
    *   **Salinity Tolerance:** Safflower is well-known for its excellent tolerance to both drought and salinity, making it highly suitable for your saline soil.
    *   **Rabi Season & Temperature:** It is a cool-season oilseed crop that performs well during the Rabi period in semi-arid regions like the Northern Dry Zone of Karnataka.
    *   **Water Efficiency:** Although initial soil moisture is good, safflower's inherent drought tolerance is an added advantage for areas prone to water stress later in the season.
    *   **Soil Fertility:** It can produce decent yields even on medium fertility soils.
*   **Expected Yield:** 1.2 - 2.0 tons/ha (Yields can be quite stable even under challenging conditions due to its resilience).
*   **Best Planting Time:** Mid-October to Mid-November.

---

**General Advice for Saline Soils:**

*   **Variety Selection:** Always prioritize growing *salt-tolerant varieties* of these recommended crops. Consult with local agricultural universities or extension services for the best performing varieties for your specific region and salinity levels.
*   **Irrigation Management:** If supplementary irrigation is needed, ensure the quality of irrigation water is also checked for salinity. Drip irrigation can be beneficial as it reduces salt accumulation in the root zone compared to flood irrigation.
*   **Soil Amendments:** For long-term management of saline soils, consider incorporating gypsum (if the salinity is sodic-saline) or ample organic matter (farmyard manure, compost) to improve soil structure and leachability of salts.
*   **Drainage:** Ensure good drainage to prevent waterlogging and facilitate the leaching of salts from the root zone."
28-02-2026 13:03,crop_recommendation,50,40,50,6.5,50,Sandy,28,65,1000,Kharif / SW Monsoon (Jun – Oct) – AP / Telangana / Karnataka,Andhra Pradesh – Godavari Delta,,,,"As an agricultural advisor, based on the provided conditions for the Godavari Delta region during the Kharif season, here are my top three crop recommendations:

***

### 1. Groundnut (Peanut)

*   **Suitability Score:** 9/10

*   **Why it suits these conditions:**
    *   **Soil:** Groundnut thrives in well-drained, sandy to sandy-loam soils with a pH of 6.0-7.0, making your sandy soil with pH 6.5 ideal. Its pods develop best in loose soil.
    *   **Nutrients:** As a legume, it fixes atmospheric nitrogen, reducing the need for external N fertilizers. This is beneficial given the low-medium N levels. While P and K are low-medium, groundnut's requirements can be met with moderate fertilization.
    *   **Environment:** The warm temperature (28°C), moderate humidity (65%), and good rainfall (1000mm) during the Kharif season are highly favorable for groundnut growth.
    *   **Region/Season:** It's a well-established Kharif crop in Andhra Pradesh, perfectly suited for the monsoon rains, especially in areas with lighter soils like the Godavari Delta fringes.

*   **Expected Yield:** 1500 - 2500 kg/ha (pod yield) under good management practices.

*   **Best Planting Time:**
    *   First fortnight of June, coinciding with the onset of the Southwest Monsoon.

***

### 2. Black Gram (Urd Bean) / Green Gram (Moong Bean)

*   **Suitability Score:** 8.5/10

*   **Why it suits these conditions:**
    *   **Soil:** Both black gram and green gram prefer well-drained, light to medium soils, including sandy loams. The sandy nature of your soil is beneficial as it prevents waterlogging, which pulses are sensitive to. pH 6.5 is well within their optimal range.
    *   **Nutrients:** Being legumes, they fix nitrogen, improving soil fertility and reducing dependency on external N inputs, which is advantageous for your low-medium N levels. They have moderate P and K requirements.
    *   **Environment:** They are warm-season crops that perform well with good rainfall distribution. The 28°C temperature and 65% humidity are conducive to their growth. They are relatively short-duration crops, fitting well within the Kharif window.
    *   **Region/Season:** These are popular Kharif pulses grown widely in Andhra Pradesh, often as sole crops or intercropped.

*   **Expected Yield:** 800 - 1200 kg/ha for black gram/green gram under good management.

*   **Best Planting Time:**
    *   Mid-June to early July, immediately after the onset of monsoon rains.

***

### 3. Maize (Corn)

*   **Suitability Score:** 8/10

*   **Why it suits these conditions:**
    *   **Soil:** While maize generally prefers loamy soils, it can perform reasonably well in sandy loams with good management. The key advantage of sandy soil in a high-rainfall Kharif season is excellent drainage, preventing waterlogging which maize is highly susceptible to. The pH 6.5 is optimal.
    *   **Nutrients:** Maize is a heavy feeder, particularly of nitrogen. Given the low-medium NPK levels, careful and split application of fertilizers will be crucial. However, its high yield potential often justifies the fertilizer investment.
    *   **Environment:** The warm temperature (28°C) is ideal for maize. The 1000mm rainfall, if well-distributed, can support its water requirements. Moderate humidity is also favorable.
    *   **Region/Season:** Maize is a significant Kharif crop in Andhra Pradesh, especially with the availability of improved hybrid varieties.

*   **Expected Yield:** 4000 - 6000 kg/ha (grain yield) with hybrid varieties and proper nutrient management.

*   **Best Planting Time:**
    *   First week of June to end of June, coinciding with the onset of the monsoon.

***

**Additional Recommendations for Sandy Soil Management:**

*   **Organic Matter:** Incorporate farmyard manure (FYM), compost, or green manure crops (e.g., Sesbania, Sunhemp) regularly. This will significantly improve the water holding capacity and nutrient retention of your sandy soil, reducing nutrient leaching.
*   **Nutrient Management:** Due to the low nutrient retention of sandy soil, adopt split applications of fertilizers, especially nitrogen. For P and K, base applications on soil test results and crop requirements. Consider using slow-release fertilizers where appropriate.
*   **Irrigation:** Even with 1000mm rainfall, sandy soils drain quickly. Monitor soil moisture regularly and be prepared for supplementary irrigation during dry spells to ensure consistent moisture for crops, especially for maize.
*   **Crop Rotation:** Implement a crop rotation system incorporating legumes (groundnut, pulses) to enhance soil fertility and break pest/disease cycles."
28-02-2026 13:04,crop_recommendation,80,77,57,6.9,50,Clay,28,65,1000,Rabi / Winter (Nov – Feb) – AP / Telangana / Karnataka,Andhra Pradesh – Krishna Delta,,,,"As an agricultural advisor, considering the provided soil, environmental, and regional conditions for the Rabi season in the Krishna Delta of Andhra Pradesh, here are my top crop recommendations:

---

### 1. Top 3 Recommended Crops with Suitability Score

*   **Paddy (Rice)** - Suitability Score: **9.5/10**
*   **Blackgram (Urad Dal)** - Suitability Score: **8.5/10**
*   **Maize (Corn)** - Suitability Score: **8.0/10**

---

### 2. Why each crop suits these conditions

*   **Paddy (Rice)**
    *   **Soil Suitability:** The **clay soil** type is ideal for paddy cultivation due to its high water holding capacity, which is crucial for maintaining the required standing water. The **pH of 6.9** is nearly neutral and perfectly within the optimal range for rice. The existing **NPK levels (N=80, P=77, K=57 kg/ha)** are good and provide a strong base for this nutrient-demanding crop.
    *   **Environmental Suitability:** The **Krishna Delta** is a prime rice-growing region with assured irrigation from the river system. The **temperature of 28°C** and **humidity of 65%** are highly conducive for rice growth, especially for Rabi (Dalwa) season varieties in this region. The high annual **rainfall of 1000mm** contributes to the overall water availability, though Rabi crop primarily relies on irrigation.
    *   **Regional Fit:** Rice is the staple crop of the Krishna Delta, benefiting from well-established market infrastructure, government support, and extensive farmer expertise.

*   **Blackgram (Urad Dal)**
    *   **Soil Suitability:** Blackgram is well-adapted to a range of soil types, including **clay soils**, provided there is adequate drainage (which the **50% moisture** and general delta conditions suggest). The near-neutral **pH of 6.9** is excellent. As a legume, it contributes to soil fertility by fixing atmospheric nitrogen, making efficient use of the existing N and P while also enriching the soil for subsequent crops.
    *   **Environmental Suitability:** It is a highly popular **Rabi crop in Andhra Pradesh**, well-suited to the mild winter temperatures (the **28°C** daytime temperature, along with cooler nights, is suitable for its growth). Its relatively shorter duration (70-80 days) makes it an excellent fit for crop rotation systems. It also has a lower water requirement compared to rice, making it a good diversification option.
    *   **Regional Fit:** Blackgram is extensively cultivated in AP during the Rabi season, often after paddy, making it a viable and profitable choice with existing market channels.

*   **Maize (Corn)**
    *   **Soil Suitability:** Maize can be successfully grown in **clay soils**, provided proper drainage and soil aeration are maintained. The existing **NPK levels** are favorable for maize, which is a moderately nutrient-demanding crop. The **pH of 6.9** is optimal.
    *   **Environmental Suitability:** The **28°C temperature** is very good for maize growth, as it thrives in warm conditions. **Rabi maize** cultivation is increasingly popular in AP due to favorable climatic conditions and high yield potential under irrigation. The **65% humidity** and assured irrigation in the Krishna Delta further support its growth.
    *   **Regional Fit:** Rabi maize cultivation is expanding significantly in Andhra Pradesh due to high demand for feed, industrial uses, and better market prices, offering a lucrative alternative for farmers.

---

### 3. Expected Yield

*   **Paddy (Rice):** 5.0 - 7.5 tonnes/ha (50 - 75 quintals/acre) for high-yielding varieties under good management and assured irrigation.
*   **Blackgram (Urad Dal):** 1.2 - 1.8 tonnes/ha (12 - 18 quintals/acre) with improved varieties and proper pest/disease management.
*   **Maize (Corn):** 6.0 - 9.0 tonnes/ha (60 - 90 quintals/acre) for hybrid varieties under optimal conditions and good nutrient management.

---

### 4. Best Planting Time

*   **Paddy (Rice):**
    *   **Nursery Sowing:** November – Early December
    *   **Transplanting:** Late December – Early January (for the Rabi/Dalwa crop)
*   **Blackgram (Urad Dal):**
    *   **Sowing:** Mid-October – Mid-November (Post-monsoon Rabi sowing)
*   **Maize (Corn):**
    *   **Sowing:** Mid-November – Mid-December (for Rabi/Winter maize)"
28-02-2026 13:05,crop_recommendation,86,87,93,7.4,50,Loamy,5,58,1213,Summer / Zaid (Mar – May) – AP / Telangana / Karnataka,Andhra Pradesh – Coastal Andhra,,,,"As an agricultural advisor, I must highlight a critical discrepancy in the provided conditions: a temperature of 5°C is highly unusual and problematic for the ""Summer / Zaid (Mar – May)"" season in ""Andhra Pradesh – Coastal Andhra."" Typical temperatures during this period range from 28°C to 40°C.

**Therefore, my recommendations are made with the crucial assumption that the 5°C temperature is an unusual, temporary minimum or a very early season reading, and that ambient temperatures will rapidly rise to the typical warmer conditions (20-35°C) required for Zaid crop growth.** If the temperature consistently remains at or near 5°C, most typical Zaid crops will not germinate, grow, or survive, and planting would not be advisable.

---

Here are the top 3 recommended crops based on the provided soil and environmental conditions, with the aforementioned temperature caveat:

### 1. Greengram (Moong Bean)

*   **Suitability Score:** 6/10 (High potential *if* temperatures rise significantly to typical Zaid levels, but severely limited by 5°C).
*   **Why this crop suits these conditions:**
    *   **Soil:** Loamy soil is ideal for greengram, providing good drainage and water retention. The moderate NPK levels are suitable for this leguminous crop, which also contributes to nitrogen fixation in the soil. The pH of 7.4 is well within its tolerant range (6.0-7.5).
    *   **Moisture:** 50% soil moisture is adequate. While Zaid season can be drier, the overall high annual rainfall (1213mm) indicates a moist environment, suggesting sufficient moisture availability, though supplemental irrigation may be required during dry spells common in March-May.
    *   **Region & Season:** Greengram is a popular and well-suited short-duration Zaid pulse crop for Coastal Andhra Pradesh, fitting well into crop rotations between Rabi and Kharif.
    *   **Temperature (Critical Caveat):** The major limiting factor is the 5°C temperature. Greengram requires optimal temperatures of 25-35°C for germination and growth. A sustained temperature of 5°C would prevent germination, cause severe cold stress, and likely lead to crop failure. This recommendation assumes that the 5°C is a temporary anomaly and temperatures will quickly ascend to the optimal range for the Zaid season.
*   **Expected Yield:** 8-12 quintals/hectare (Q/ha), assuming optimal growing conditions *after* the initial cool period and proper management. Yield will be significantly reduced or zero if 5°C persists.
*   **Best Planting Time:** Mid-March to Mid-April, as soon as soil temperatures consistently reach above 20°C.

### 2. Cowpea (Lobhia) - for Pulse or Fodder

*   **Suitability Score:** 6/10 (Similar to greengram, potentially slightly more robust under some stress conditions, but 5°C is still a major challenge).
*   **Why this crop suits these conditions:**
    *   **Soil:** Loamy soil is excellent for cowpea. The moderate NPK levels are sufficient, and as a legume, it fixes atmospheric nitrogen, benefiting subsequent crops. A pH of 7.4 is within its preferred range (6.0-7.5).
    *   **Moisture:** 50% soil moisture is adequate. Cowpea is relatively drought-tolerant once established, making it suitable for Zaid, but good moisture is crucial for germination and early growth.
    *   **Region & Season:** Cowpea is a versatile and moderately popular Zaid crop in parts of Andhra Pradesh, grown for its edible pods, dry beans, or green fodder, known for its adaptability and hardiness.
    *   **Temperature (Critical Caveat):** Like greengram, cowpea requires much warmer temperatures (optimal 20-35°C) for successful germination and growth. A sustained 5°C would severely inhibit or prevent initial establishment and cause cold damage. This recommendation is based on the expectation that the 5°C is transient, and temperatures will soon rise to suitable Zaid levels.
*   **Expected Yield:** For pulse: 10-15 Q/ha; For green fodder: 20-30 tonnes/ha, assuming optimal growth conditions *after* the initial cool period and good management. Yield will be severely impacted or zero if 5°C persists.
*   **Best Planting Time:** Late March to Mid-April, once temperatures are reliably above 20°C.

### 3. Maize (for Fodder or Grain)

*   **Suitability Score:** 5.5/10 (Significant temperature challenge, but some varieties offer slightly better cold tolerance during specific stages than pulses, though 5°C is still very low).
*   **Why this crop suits these conditions:**
    *   **Soil:** Loamy soil is ideal for maize, providing excellent growing conditions. While moderate NPK is present, maize is a heavy feeder and would likely require additional nitrogen and phosphorus for optimal yields. The pH of 7.4 is suitable.
    *   **Moisture:** 50% soil moisture is good. Maize needs consistent moisture, especially during critical growth stages like flowering. High annual rainfall suggests good overall moisture, but supplementary irrigation might be necessary in the Zaid season if dry spells occur.
    *   **Region & Season:** Maize is increasingly grown as a Zaid crop in AP, both for grain and especially for green fodder, due to its high biomass production and adaptability to different systems.
    *   **Temperature (Critical Caveat):** The 5°C temperature is a severe impediment. Maize germination requires soil temperatures of at least 10°C, with optimal being 20-30°C. Sustained 5°C would prevent germination and severely hinder early growth. While some specific maize varieties show slightly better cold tolerance at emergence than tropical pulses, 5°C is still below their physiological minimum. This recommendation assumes that the 5°C is a temporary low and temperatures will quickly rise to at least 15-20°C for initial growth and then higher for optimal development.
*   **Expected Yield:** For grain: 40-60 Q/ha; For green fodder: 25-35 tonnes/ha, assuming optimal conditions *after* the initial cool period and robust nutrient management. Yield will be severely affected or zero if 5°C persists.
*   **Best Planting Time:** Late March to April, when minimum daily temperatures are consistently above 15°C.

---
**Crucial Recommendation:**
Given the highly unusual 5°C temperature for the Zaid season in Coastal Andhra Pradesh, it is strongly advised to **monitor local weather forecasts closely.** If temperatures do not rise significantly and consistently above 15-20°C, it would be prudent to delay planting or reconsider planting Zaid crops altogether to avoid crop failure."
28-02-2026 13:09,nutrient_advisory,50,40,50,6.5,,Sandy,,,,,,Rice,,,"Hello farmer! Based on your soil test results, we can develop a targeted fertilizer plan for your rice crop. Sandy soils require careful nutrient management due to their lower capacity to hold nutrients.

---

### **1. Nutrient Analysis**

Let's break down your soil's current nutrient status:

*   **Nitrogen (N): 50 kg/ha**
    *   **Deficient.** For high-yielding rice varieties, typical nitrogen requirements range from 100-150 kg N/ha. Your soil provides only about one-third to one-half of what is needed.
*   **Phosphorus (P): 40 kg/ha**
    *   **Sufficient.** This is a good level of available phosphorus, exceeding typical rice needs (which are often around 17-26 kg P/ha or 40-60 kg P2O5/ha). You likely won't need to add significant phosphorus fertilizer this season.
*   **Potassium (K): 50 kg/ha**
    *   **Deficient.** High-yielding rice typically requires 60-100 kg K2O/ha (equivalent to 50-83 kg K/ha). Your soil is at the lower end of this range, meaning additional potassium is needed.
*   **pH: 6.5**
    *   **Optimal.** This pH is ideal for rice growth, allowing good nutrient availability. No pH adjustment is needed.
*   **Soil Type: Sandy**
    *   **Important Consideration.** Sandy soils have low cation exchange capacity (CEC), meaning they don't hold nutrients well. Nitrogen and potassium are particularly prone to leaching, especially with heavy rainfall or irrigation. This necessitates split applications.

**In summary:** Your soil is deficient in Nitrogen and Potassium, but has good Phosphorus levels and an ideal pH.

---

### **2. Fertilizer Recommendations (Per Hectare)**

Based on the deficiencies, here are the chemical fertilizer recommendations to achieve good yields:

*   **Nitrogen (N):**
    *   **Target:** We aim to add approximately 70 kg N/ha to reach a total of around 120 kg N/ha (50 kg existing + 70 kg added).
    *   **Fertilizer:** **Urea** (46% N)
    *   **Amount:** Approximately **150 kg Urea/ha** (70 kg N / 0.46 = ~152 kg Urea)

*   **Phosphorus (P):**
    *   **Recommendation:** **No specific phosphorus fertilizer is needed** this season, as your soil has sufficient available P (40 kg/ha). Rely on the existing soil P.

*   **Potassium (K):**
    *   **Target:** We aim to add approximately 40 kg K/ha to reach a total of around 90 kg K/ha (50 kg existing + 40 kg added).
    *   **Fertilizer:** **Muriate of Potash (MOP)** or Potassium Chloride (KCl) (60% K2O, which is approximately 50% K)
    *   **Amount:** Approximately **80 kg MOP/ha** (40 kg K / 0.50 = 80 kg MOP)

*   **Micronutrients (General Good Practice):**
    *   Sandy soils can sometimes be deficient in micronutrients like Zinc.
    *   **Fertilizer:** **Zinc Sulfate** (21% Zn)
    *   **Amount:** **20-25 kg Zinc Sulfate/ha** (basal application) or consider a 0.5% foliar spray at tillering if deficiency symptoms appear.

---

### **3. Application Schedule**

To maximize nutrient uptake and minimize losses (especially N and K in sandy soil), apply fertilizers in splits:

1.  **Basal Application (Pre-planting or at Transplanting/Seeding):**
    *   **Urea:** 50 kg/ha (1/3 of total N)
    *   **MOP:** 40 kg/ha (1/2 of total K)
    *   **Zinc Sulfate:** 20-25 kg/ha (all of it)
    *   **Why:** Provides essential nutrients for early root development and seedling establishment. P and Zn are crucial at this stage and less mobile.

2.  **First Topdressing (Active Tillering Stage, approx. 2-3 weeks after transplanting/seeding):**
    *   **Urea:** 50 kg/ha (1/3 of total N)
    *   **MOP:** 40 kg/ha (remaining 1/2 of total K)
    *   **Why:** Promotes vigorous tillering for more panicles and ultimately higher yields. K boosts plant strength and disease resistance during rapid growth.

3.  **Second Topdressing (Panicle Initiation/Booting Stage, approx. 5-7 weeks after transplanting/seeding):**
    *   **Urea:** 50 kg/ha (remaining 1/3 of total N)
    *   **Why:** Crucial for panicle development, grain filling, and protein content. This application ensures the plant has enough N during its most critical reproductive phase.

---

### **4. Organic Options (Natural Alternatives)**

Integrating organic matter is highly beneficial for sandy soils, improving water retention, nutrient holding capacity, and microbial activity.

*   **Farmyard Manure (FYM) or Compost:**
    *   **Application:** Apply 5-10 tonnes/ha before planting and incorporate it into the soil.
    *   **Benefits:** Provides a slow release of N, P, K, and micronutrients, enhances soil structure, and buffers soil pH.
*   **Green Manures:**
    *   **Application:** Grow legumes like Sesbania (Dhaincha) or Sunhemp for 45-60 days before planting rice, then plow them into the soil.
    *   **Benefits:** Adds significant organic matter and biologically fixed nitrogen (especially from legumes), improving soil fertility.
*   **Biofertilizers:**
    *   **Examples:** Azolla (a floating fern for N fixation), Blue-Green Algae (BGA), Azotobacter (nitrogen fixer), Phosphobacteria (P solubilizer).
    *   **Application:** Azolla and BGA can be grown in the rice field; Azotobacter and Phosphobacteria are applied as seed treatments or soil inoculants.
    *   **Benefits:** Supplement nutrient supply, reducing reliance on chemical fertilizers and enhancing nutrient availability.
*   **Rice Straw Incorporation:**
    *   **Application:** After harvest, chop and incorporate the previous season's rice straw into the soil.
    *   **Benefits:** Returns potassium and other nutrients to the soil, builds organic matter. Ensure proper decomposition management to avoid temporary nitrogen immobilization.
*   **Vermicompost:** Similar to compost but richer in easily available nutrients. Apply 2-5 tonnes/ha.

---

### **5. pH Correction**

*   **Your soil pH is 6.5, which is ideal for rice.**
*   **Conclusion:** No pH correction is needed at this time.

---

### **Practical Advice for Farmers**

1.  **Regular Soil Testing:** This recommendation is based on a single snapshot. Conduct soil tests every 2-3 years to monitor nutrient levels and adjust your fertilizer plan accordingly.
2.  **Efficient Water Management:** Maintain a shallow layer of water in the field after transplanting and during fertilizer applications. This helps to dissolve fertilizers, reduces nitrogen loss through volatilization, and suppresses weeds. Avoid prolonged drainage, especially after N application.
3.  **Weed Control:** Weeds compete directly with your rice crop for valuable nutrients. Implement timely weed management practices to ensure your fertilizers benefit the rice plants.
4.  **Integrated Nutrient Management (INM):** Combine the recommended chemical fertilizers with organic inputs (manure, compost, biofertilizers). This approach improves long-term soil health, enhances nutrient use efficiency, and can lead to more stable and higher yields, especially important for sandy soils.
5.  **Observe Your Crop:** Learn to recognize nutrient deficiency symptoms (e.g., yellowing leaves for N, stunted growth for K). This allows you to make minor adjustments to top-dressings if needed.
6.  **Even Application:** Ensure fertilizers are broadcast evenly across the field to promote uniform crop growth.
7.  **Consider Slow-Release Fertilizers:** For sandy soils, using slow-release or polymer-coated urea could be a beneficial (though potentially more expensive) option to further reduce nitrogen leaching and enhance efficiency.

By following these recommendations, you can optimize nutrient supply for your rice crop and achieve better yields on your sandy soil. Good luck with your harvest!"
28-02-2026 13:11,nutrient_advisory,71,52,73,7.1,,Clay,,,,,,Wheat,,,"Okay, farmer! Let's break down your soil data to give your wheat the best chance at a strong yield. This analysis is based on the provided soil test results and general recommendations for wheat cultivation.

---

### Agricultural Advisor Report: Wheat Fertilizer Recommendations

**Crop:** Wheat
**Soil Data:**
*   **Nitrogen (N):** 71 kg/ha
*   **Phosphorus (P):** 52 kg/ha
*   **Potassium (K):** 73 kg/ha
*   **pH:** 7.1
*   **Soil Type:** Clay

---

#### 1. Nutrient Analysis: What is Deficient or Excess?

*   **Nitrogen (N): Deficient.** Wheat is a heavy feeder of nitrogen. While 71 kg/ha is a decent starting point for available N, it will not be sufficient to support a good wheat crop through its full growth cycle, especially for achieving high yields and good grain protein. Significant supplemental nitrogen will be required.
*   **Phosphorus (P): Excess.** A level of 52 kg/ha of plant-available phosphorus is considered *very high* for most crops, including wheat. This indicates your soil has ample phosphorus, and applying more P fertilizer for this wheat crop is unnecessary and would be economically wasteful. Continuous cropping at this level might require a very small maintenance dose in the future, but for this season, it's not needed.
*   **Potassium (K): Low to Moderate.** A level of 73 kg/ha of plant-available potassium is on the lower side, especially for clay soils which typically hold K well. While not severely deficient, adding supplemental potassium will benefit wheat's stalk strength, disease resistance, and water regulation, leading to better yields.
*   **pH (7.1): Optimal.** Your soil pH is excellent for wheat, which generally thrives in a slightly acidic to neutral range (6.0-7.5). No pH adjustment is needed at this time.
*   **Soil Type (Clay):** Clay soils have a high Cation Exchange Capacity (CEC), meaning they hold onto nutrients (like K and ammonium N) very well, reducing leaching. They can also provide a slow release of some nutrients. However, they can be slow to warm in spring and require good management to prevent compaction.

---

#### 2. Fertilizer Recommendations: Which Fertilizers and How Much per Hectare?

Based on a target yield of **5-6 tonnes per hectare (t/ha)**, here are the recommendations:

*   **Nitrogen (N):**
    *   **Total Applied N:** Aim to apply approximately **100-120 kg N/ha**
    *   *Rationale:* Wheat typically requires 20-25 kg N per tonne of grain produced. For a 5-6 t/ha yield, the crop will need 100-150 kg N in total. With 71 kg N already in the soil, applying 100-120 kg N will ensure sufficient supply throughout the season, accounting for uptake efficiency and mineralization.
    *   **Recommended Fertilizers:**
        *   **Urea (46-0-0):** A common and cost-effective nitrogen source. To apply 100 kg N/ha, you'd need **~217 kg Urea/ha**. (120 kg N/ha = ~260 kg Urea/ha).
        *   **Ammonium Nitrate (34-0-0):** Another good option, particularly for split applications. To apply 100 kg N/ha, you'd need **~294 kg Ammonium Nitrate/ha**. (120 kg N/ha = ~353 kg Ammonium Nitrate/ha).

*   **Phosphorus (P):**
    *   **Applied P:** **0 kg P/ha (or minimal maintenance, if desired for future crops, but not for this season).**
    *   *Rationale:* Your soil is rich in available phosphorus. Applying more would be unnecessary. Monitor your P levels in future soil tests.

*   **Potassium (K):**
    *   **Applied K:** Aim to apply **50-60 kg K/ha** (equivalent to 60-72 kg K₂O/ha)
    *   *Rationale:* Wheat typically removes about 20 kg K per tonne of grain. For a 5-6 t/ha yield, the crop will need 100-120 kg K. With 73 kg K already in the soil, applying an additional 50-60 kg K will ensure adequate supply.
    *   **Recommended Fertilizer:**
        *   **Muriate of Potash (MOP, 0-0-60):** The most common and economical potassium source. To apply 50 kg K/ha (which is about 60 kg K₂O), you'd need **~100 kg Muriate of Potash/ha**. (60 kg K/ha = 72 kg K2O/ha = ~120 kg Muriate of Potash/ha).

*   **Micronutrients:**
    *   Given your slightly alkaline pH (7.1), there's a minor risk of reduced availability of some micronutrients like Zinc (Zn) and Manganese (Mn). However, wheat is generally tolerant.
    *   **Recommendation:** No specific micronutrient application is recommended without visual deficiency symptoms or a dedicated micronutrient soil test. Monitor your crop for any signs of yellowing or stunted growth that might indicate a micronutrient issue. Foliar applications can be used if deficiencies are observed.

---

#### 3. Application Schedule: When to Apply?

Split application of nitrogen is crucial for optimal wheat performance, especially in clay soils which retain N well. Potassium can generally be applied once.

*   **At Planting (or Pre-plant):**
    *   **Nitrogen (N):** Apply a starter dose of **20-30 kg N/ha**. This can be part of a compound fertilizer if you find one with N and K (e.g., a 20-0-20, though 0 P options are less common) or as straight Urea. This gives the young plants an immediate boost for root establishment and tillering.
    *   **Potassium (K):** Apply **all of your K fertilizer (50-60 kg K/ha as 100-120 kg Muriate of Potash/ha)**. Potassium is not mobile in the soil, and applying it at planting allows it to be available to the roots throughout the season.
    *   *Example Application:* If using Urea and MOP, apply 50-65 kg Urea (for 20-30 kg N) + 100-120 kg MOP.

*   **Tillering Stage (Growth Stage 21-29):**
    *   **Nitrogen (N):** This is the most critical N application. Apply **60-70% of your remaining N (approximately 60-80 kg N/ha)**. This promotes strong tiller development and head formation, directly impacting yield.
    *   *Example Application:* If you applied 25 kg N at planting, you'd apply 75-95 kg N here (as 160-200 kg Urea/ha).

*   **Flag Leaf to Booting Stage (Growth Stage 37-45):**
    *   **Nitrogen (N):** Apply the **final 20-30% of your N (approximately 20-30 kg N/ha)**. This late application is vital for maximizing grain protein content and promoting good grain fill.
    *   *Example Application:* Apply 20-30 kg N here (as 45-65 kg Urea/ha).

**Practical Tips for Application:**
*   **Calibration:** Always calibrate your fertilizer spreader to ensure accurate application rates.
*   **Uniformity:** Ensure even spreading for consistent crop growth.
*   **Weather:** Avoid applying granular fertilizers on very windy days. If using Urea, apply before a rain event or with a urease inhibitor to minimize volatile losses.

---

#### 4. Organic Options: Natural Alternatives

If you prefer organic approaches, here are some alternatives:

*   **Nitrogen (N):**
    *   **Legume Cover Crops:** Planting legumes (clover, vetch, peas) as a cover crop before wheat can fix significant atmospheric nitrogen, which becomes available when the cover crop is incorporated into the soil.
    *   **Well-Composted Manure:** Manure from cattle, chickens, or horses is rich in N (and P, K). Apply at 10-20 tonnes/ha well in advance of planting, and ensure it's fully composted to avoid weed seeds and nutrient burn. *Note: Manure also contains P, which you don't need, so consider this carefully.*
    *   **Blood Meal:** A fast-acting organic N source (around 12-0-0).

*   **Phosphorus (P):**
    *   *Not recommended for your current P levels.* If P ever becomes deficient in the future, **Rock Phosphate** is a slow-release natural source, though its availability can be limited in neutral to alkaline soils. **Bone Meal** is another option.

*   **Potassium (K):**
    *   **Wood Ash:** Contains significant K (and raises pH, so use sparingly and monitor pH).
    *   **Greensand:** A slow-release K source (and other trace minerals).
    *   **Kelp Meal:** Contains K and a broad spectrum of micronutrients.
    *   **Compost:** Quality compost contributes N, P, K, and micronutrients while improving soil structure and organic matter.

**General Organic Practices:**
*   **Crop Rotation:** Diversifying crops can improve nutrient cycling and soil health.
*   **No-Till/Minimum Till:** Reduces soil disturbance, preserves organic matter, and encourages beneficial soil biology.
*   **Build Soil Organic Matter:** Long-term strategy to improve nutrient retention and availability.

---

#### 5. pH Correction: If Needed, How to Adjust?

*   **pH 7.1:** Your soil pH is **optimal for wheat**, so no correction is needed at this time.
*   **Monitoring:** Continue to monitor your pH with future soil tests. If it were to rise significantly (e.g., above 7.5), you might consider adding elemental sulfur over several seasons to gradually lower it. However, this is not a concern for your current situation. Avoid practices that would further increase pH.

---

**Final Practical Advice for the Farmer:**

1.  **Don't Waste P:** With your high phosphorus levels, absolutely skip P fertilizer this season. This saves you money and prevents potential environmental issues.
2.  **Strategic N:** Splitting your nitrogen applications is key to maximizing wheat yield and protein content. Don't apply all N at once, especially on clay soil, to prevent leaching and improve uptake efficiency.
3.  **K for Strength:** Ensure you apply the recommended potassium. It's vital for strong stalks and overall plant health, reducing the risk of lodging and disease.
4.  **Observe Your Crop:** Soil tests are a snapshot, but your crop will tell you a lot. Walk your fields regularly and look for signs of nutrient deficiencies (e.g., yellowing leaves for N, purpling for P, marginal leaf burn for K, though P is unlikely to be an issue for you).
5.  **Re-test Regularly:** Plan to do another comprehensive soil test every 3-4 years, or after a few cropping cycles, to monitor nutrient levels and adjust your plan accordingly.

By following these recommendations, you're setting your wheat crop up for success this season! Good luck!"
28-02-2026 13:12,nutrient_advisory,75,80,78,7.2,,Loamy,,,,,,Maize (Corn),,,"Hello Farmer,

This is excellent soil data to work with! It provides a clear picture of your field's current nutrient status, allowing us to make very specific and efficient recommendations for your maize crop.

Here's my detailed advice:

---

### 1. Nutrient Analysis - What is deficient or excess?

Based on your soil test and general requirements for high-yielding maize:

*   **Nitrogen (N): Deficient.** Maize is a heavy N feeder, typically requiring 150-250 kg/ha of total N for good yields. Your current 75 kg/ha is significantly below optimal, meaning substantial N application will be necessary.
*   **Phosphorus (P): Excess.** A level of 80 kg/ha of elemental Phosphorus is *very high*. For most crops, levels above 30-40 kg/ha are considered sufficient. This is good news as it means you won't need to apply any P fertilizer, saving you money and preventing potential environmental issues.
*   **Potassium (K): Adequate but borderline, needs maintenance.** 78 kg/ha of elemental Potassium is just on the lower side of adequate for high-yielding maize. While not severely deficient, replenishment will be crucial to support the crop's demands and maintain soil fertility.
*   **pH (7.2): Slightly Alkaline.** This pH is generally acceptable for maize, which tolerates a range of 6.0-7.5. However, at 7.2, the availability of certain micronutrients like Zinc (Zn), Iron (Fe), and Manganese (Mn) can be reduced. Phosphorus, although high in your soil, also becomes less available at higher pH, but since you have such an excess, this isn't a major concern for P supply.
*   **Soil Type (Loamy): Excellent.** Loamy soils are ideal for maize as they offer a good balance of water retention, nutrient holding capacity, and drainage.

---

### 2. Fertilizer Recommendations - Which fertilizers and how much per hectare?

Given your nutrient analysis, we'll focus heavily on Nitrogen and provide a maintenance dose of Potassium, with no Phosphorus.

**Target Nutrient Application (for a yield goal of 10-12 tons/ha dry grain):**

*   **Nitrogen (N):** 180-200 kg N/ha (Total, including soil N)
*   **Phosphorus (P2O5):** 0 kg P2O5/ha (No P needed due to excess soil levels)
*   **Potassium (K2O):** 80-100 kg K2O/ha (Maintenance/replenishment)

**Fertilizer Calculations:**

1.  **Nitrogen (N):**
    *   *Required N addition:* We aim for 180 kg N/ha total. With 75 kg N/ha already in the soil, we need to add approximately **105 - 125 kg N/ha**. Let's target the higher end for good yield potential, say **120 kg N/ha**.
    *   *Recommended Fertilizer:* **Urea (46-0-0)** is a common and cost-effective source.
    *   *Amount:* 120 kg N / 0.46 = **~260 kg Urea/ha**. (Let's round to **250-270 kg Urea/ha** for practical application).

2.  **Phosphorus (P):**
    *   **NO PHOSPHORUS FERTILIZER IS RECOMMENDED.** Applying more P would be a waste of money and could lead to nutrient imbalances.

3.  **Potassium (K):**
    *   *Required K2O addition:* We aim for 90 kg K2O/ha. Your 78 kg elemental K/ha translates to approximately 93.6 kg K2O/ha (78 x 1.2). This means your soil already has a decent amount. However, maize removes a lot of K, so we need to ensure enough is available for the crop and to maintain soil levels. Let's aim to *add* **60 kg K2O/ha** as a maintenance dose.
    *   *Recommended Fertilizer:* **Muriate of Potash (MOP, KCl, 0-0-60)** is the most common and economical source.
    *   *Amount:* 60 kg K2O / 0.60 = **100 kg Muriate of Potash/ha**.

**Summary of Fertilizer Recommendations:**

*   **Urea (46-0-0):** 250-270 kg/ha
*   **Muriate of Potash (0-0-60):** 100 kg/ha
*   **No Phosphorus Fertilizer (e.g., DAP, SSP) is needed.**

---

### 3. Application Schedule - When to apply?

**Nitrogen (Urea):**
Nitrogen is highly mobile and prone to losses, so splitting applications is crucial for maize.

*   **1st Application (Planting/Early Growth - V2-V4 stage):** Apply about **1/4 to 1/3 of the total Urea** (approx. 60-80 kg Urea/ha). This provides N for early growth when demand begins. You can apply it as a band beside the seed (not directly with it) or broadcast pre-plant and incorporate.
*   **2nd Application (Side-dress - V6-V8 stage, ""Knee-High""):** This is when maize's N demand skyrockets. Apply the remaining **2/3 to 3/4 of the total Urea** (approx. 190-210 kg Urea/ha). This should be side-dressed (applied beside the rows) and ideally incorporated or followed by rain/irrigation to move it into the root zone and minimize volatilization losses.

**Potassium (Muriate of Potash):**

*   **At Planting/Early Growth:** Apply all **100 kg/ha of Muriate of Potash** at or just after planting, preferably banded or broadcast and incorporated. Potassium is less mobile than Nitrogen but readily taken up by maize throughout its growth. Applying it early ensures it's available. You could also split it with the first N application.

**Micronutrients (Important due to pH):**

*   **Foliar Application:** Given your slightly alkaline pH, micronutrient availability (especially Zinc, Iron, Manganese) might be limited. Consider a **foliar application of a balanced micronutrient mix** (or specifically Zinc chelate) around the V4-V8 stage. Observe your plants for any signs of yellowing between veins (interveinal chlorosis), which can indicate micronutrient deficiencies.

---

### 4. Organic Options - Natural alternatives?

While chemical fertilizers offer precise nutrient delivery, integrating organic options can improve soil health, nutrient cycling, and water retention over the long term.

*   **For Nitrogen:**
    *   **Legume Cover Crops:** Plant nitrogen-fixing legumes (e.g., cowpea, sunn hemp, vetch, clover) as a cover crop before maize. Incorporate them into the soil a few weeks before planting to allow for decomposition and N release.
    *   **Well-Composted Manure:** If available, well-composted cattle, poultry, or pig manure can provide significant N (and other nutrients). The exact amount depends on the manure's nutrient analysis, which can vary widely. As a rough guide, 10-20 tons/ha of good quality composted manure can provide a substantial portion of N.
    *   **Compost:** Regular applications of high-quality compost will slowly release N and improve soil structure.

*   **For Phosphorus:**
    *   **No Organic P Needed:** Your soil is already rich in Phosphorus, so actively adding P from any source (organic or synthetic) is not recommended.

*   **For Potassium:**
    *   **Well-Composted Manure/Compost:** As mentioned, these will also contribute K.
    *   **Wood Ash:** If you have access to hardwood ash (ensure it's from untreated wood), it's a good source of K. However, use cautiously as it also significantly raises pH, which your soil doesn't need. Apply sparingly and re-test soil regularly if using wood ash.

*   **Overall Soil Health:**
    *   **Crop Residue Retention:** Leaving maize stalks and leaves on the field after harvest helps recycle nutrients and build soil organic matter.
    *   **Biofertilizers:** Products containing beneficial microbes (e.g., nitrogen-fixing bacteria like Azotobacter, phosphorus-solubilizing bacteria) can enhance nutrient availability.

---

### 5. pH Correction - If needed, how to adjust?

Your soil pH of 7.2 is slightly alkaline but generally within the acceptable range for maize. However, to enhance micronutrient availability, a slight reduction (e.g., to 6.5-7.0) could be beneficial over time.

*   **Elemental Sulfur:** The most common way to lower soil pH. It works slowly as soil microbes convert it to sulfuric acid.
    *   **Recommendation:** Apply a conservative amount, such as **100-200 kg elemental sulfur/ha**.
    *   **Application:** Broadcast and incorporate it into the soil well in advance of planting (ideally several months, or the season before) as it takes time to react. Re-test your soil pH after 6-12 months to assess the effect before applying more.
*   **Ammonium-based Fertilizers:** While not primarily for pH correction, continued use of ammonium-based fertilizers (like Urea, which releases ammonium) has a slight acidifying effect over time. Ammonium Sulfate (21-0-0-24S) is another option that provides N and sulfur (S), which contributes to acidification, but it is less N-dense than Urea.
*   **Organic Matter:** Regular additions of organic matter (compost, manure, cover crops) help buffer soil pH and can gradually push it towards a more neutral range.

**Practical Advice for Farmers:**

1.  **Calibrate Your Equipment:** Ensure your fertilizer spreaders are accurately calibrated to apply the recommended amounts.
2.  **Observe Your Crop:** Regularly scout your fields for any signs of nutrient deficiencies (e.g., yellowing leaves, stunted growth). This can give you early warning signs if your fertilizer plan needs minor adjustments.
3.  **Soil Test Regularly:** Aim to conduct a comprehensive soil test every 2-3 years. This allows you to monitor changes in nutrient levels and pH, ensuring your fertilizer program remains effective and efficient.
4.  **Water Management:** Adequate soil moisture is crucial for nutrient uptake. Ensure good drainage and consider irrigation if rainfall is insufficient, especially during critical growth stages.
5.  **Safety First:** Always follow safety guidelines when handling fertilizers.

By following these recommendations, you should be able to provide your maize crop with the nutrients it needs for optimal growth and yield while being efficient with your fertilizer resources. Good luck!"
28-02-2026 13:12,nutrient_advisory,79,78,80,7.2,,Silt,,,,,,Cotton,,,"Alright, let's break down your soil data for your cotton crop. Cotton is a demanding crop, especially regarding nitrogen and potassium, so a balanced approach is key for good yield and fiber quality.

**Soil Data Summary:**
*   **Nitrogen (N):** 79 kg/ha
*   **Phosphorus (P):** 78 kg/ha
*   **Potassium (K):** 80 kg/ha
*   **pH:** 7.2
*   **Soil Type:** Silt

---

### 1. Nutrient Analysis - What is deficient or excess?

*   **Nitrogen (N):** Your soil has a **moderate** level of nitrogen (79 kg/ha). While this provides a good start, cotton is a heavy N feeder throughout its growth cycle, and this amount alone will not be sufficient for optimal yield and vegetative growth. Supplemental N will definitely be required.
*   **Phosphorus (P):** This is the most striking finding: your phosphorus level (78 kg/ha) is **excessive**. This is significantly higher than what cotton typically needs. Applying more phosphorus would be a waste of money and could potentially interfere with the uptake of other micronutrients like zinc.
*   **Potassium (K):** Your potassium level (80 kg/ha) is **moderate to good**. Cotton has a very high demand for potassium, especially during boll development for fiber quality and disease resistance. While you have a decent base, supplemental K will be essential to meet the crop's peak needs and prevent deficiencies that could impact yield and quality.
*   **pH (7.2):** This pH is **slightly alkaline**. It's at the upper end of the optimal range for cotton (ideally 6.0-7.0). At this pH, some micronutrients (like iron, manganese, and zinc) can become less available to the plant, even if they are present in the soil.
*   **Soil Type (Silt):** Silt soils are generally good for cotton, offering a good balance of water retention and drainage, and typically good nutrient holding capacity.

---

### 2. Fertilizer Recommendations - Which fertilizers and how much per hectare?

Given your soil test, the focus will be on Nitrogen and Potassium, with **no Phosphorus needed**. We also need to consider micronutrients due to the pH.

*   **Nitrogen (N):**
    *   **Target:** For high-yielding cotton, a total N application of **60-80 kg N/ha** would be appropriate, supplementing the existing soil N.
    *   **Fertilizer Options:**
        *   **Urea (46-0-0):** Apply approximately **130-175 kg Urea/ha**. This is a common and cost-effective source.
        *   **Ammonium Nitrate (34-0-0):** Apply approximately **175-235 kg Ammonium Nitrate/ha**. (Often preferred for split applications due to quicker release, but can be more expensive).

*   **Phosphorus (P):**
    *   **Recommendation:** **ABSOLUTELY NO SUPPLEMENTAL PHOSPHORUS IS NEEDED THIS SEASON.** Applying more would be financially wasteful, environmentally unnecessary, and could potentially induce micronutrient deficiencies.

*   **Potassium (K):**
    *   **Target:** Apply **40-60 kg K2O/ha**.
    *   **Fertilizer Option:**
        *   **Muriate of Potash (KCl, 0-0-60):** Apply approximately **65-100 kg Muriate of Potash/ha**. This is the most common and economical K source.
        *   *(Alternative: If sulfur is also desired, Sulfate of Potash (SOP, 0-0-50) could be used, but it's usually more expensive.)*

*   **Micronutrients:** Due to the slightly elevated pH and high phosphorus, pay close attention to these:
    *   **Boron (B):** Cotton has a high demand for Boron, crucial for flowering, boll setting, and fiber development. Apply **1-2 kg Boron/ha** (e.g., as Solubor or Borax). This is often best applied as a foliar spray during the squaring and early flowering stages.
    *   **Zinc (Zn):** With high P and a pH of 7.2, zinc availability can be reduced. Consider a **foliar application of 0.5-1 kg Zn/ha** during early growth or if deficiency symptoms (e.g., stunted growth, small leaves) appear.
    *   **Sulfur (S):** Cotton needs sulfur, often around 10-20 kg S/ha. If you are using Muriate of Potash, you won't be supplying S. Consider adding a sulfur source like **Gypsum (Calcium Sulfate, ~18% S)** or **Elemental Sulfur (90% S)** if your local advisors suggest it's commonly deficient in your area.

---

### 3. Application Schedule - When to apply?

Split applications are crucial for cotton, especially for Nitrogen and Potassium, to match the plant's demand throughout its long growing season.

*   **Pre-plant / At Planting (0-15 days after emergence):**
    *   **Nitrogen:** Apply approximately **1/3** of the total recommended N (e.g., 20-27 kg N/ha).
    *   **Potassium:** Apply approximately **1/2** of the total recommended K2O (e.g., 20-30 kg K2O/ha).
    *   **Sulfur (if granular):** Apply all of the recommended sulfur at this stage.

*   **Squaring / Early Flowering (approx. 40-60 days after emergence):**
    *   **Nitrogen:** Apply another **1/3** of the total recommended N (e.g., 20-27 kg N/ha).
    *   **Potassium:** Apply the remaining **1/2** of the total recommended K2O (e.g., 20-30 kg K2O/ha).
    *   **Boron:** First foliar application of Boron.

*   **Peak Flowering / Early Boll Set (approx. 70-90 days after emergence):**
    *   **Nitrogen:** Apply the final **1/3** of the total recommended N (e.g., 20-27 kg N/ha). Avoid applying N too late, as it can delay maturity.
    *   **Boron:** Second foliar application of Boron if needed, particularly in high-yielding environments or if signs of deficiency appear.
    *   **Zinc:** If deficiency symptoms are observed, apply a foliar zinc spray.

---

### 4. Organic Options - Natural alternatives?

For farmers preferring organic or integrated approaches, here are some alternatives:

*   **Nitrogen (N):**
    *   **Compost/Well-rotted Manure:** Apply several tons per hectare pre-plant. Their nutrient content varies, so regular soil testing is still crucial.
    *   **Leguminous Cover Crops:** Planting a cover crop like vetch, crimson clover, or sunn hemp during the off-season and incorporating it before cotton planting can fix significant amounts of atmospheric nitrogen into the soil.
    *   **Blood Meal:** A concentrated organic N source, though often more expensive for large-scale application.

*   **Phosphorus (P):**
    *   *Given your high soil P, organic sources of P are not recommended this season.*

*   **Potassium (K):**
    *   **Compost/Well-rotted Manure:** As above, good source of K.
    *   **Kelp Meal/Greensand/Granite Dust:** These are slower-release sources of potassium. Apply pre-plant.
    *   **Wood Ash:** Can be a good source of K, but use with caution as it can significantly raise soil pH, which you already have at the higher end.

*   **Micronutrients & Soil Health:**
    *   **Compost:** Provides a broad spectrum of micronutrients and improves soil biology, which enhances nutrient cycling.
    *   **Seaweed Extracts/Fish Emulsion:** Excellent foliar feeds for micronutrients and biostimulants.
    *   **Humic/Fulvic Acids:** Improve nutrient uptake efficiency and soil structure.

---

### 5. pH Correction - If needed, how to adjust?

*   **Current Situation:** Your pH of 7.2 is slightly alkaline. While cotton can tolerate it, it's at the higher end of the ideal range, which *can* lead to reduced availability of micronutrients like iron, manganese, and zinc.
*   **Recommendation:** No drastic pH correction is immediately necessary or easily achievable on a large scale for cotton. The pH isn't critically high to significantly inhibit growth, but it's something to be aware of.
*   **Strategies:**
    *   **Long-Term Organic Matter:** Consistently incorporating organic matter (compost, cover crop residues) will gradually help buffer the soil pH and improve overall soil health and nutrient availability.
    *   **Elemental Sulfur (Slow Acting):** If you wish to gradually lower the pH slightly over the long term, elemental sulfur can be applied (e.g., 200-300 kg/ha). However, it reacts slowly (takes months) and should be incorporated well in advance of planting. *Consult with a local expert before applying large amounts of sulfur for pH correction, as over-acidification can also cause problems.*
    *   **Focus on Micronutrient Management:** Since significantly lowering pH is difficult and costly, the most practical approach is to manage potential micronutrient deficiencies through foliar applications as recommended above (Boron, Zinc), as these bypass the soil pH limitations.

---

**Practical Advice for Farmers:**

1.  **Trust Your Soil Test:** The most critical takeaway from your test is the **excessive phosphorus**. Do not apply any P fertilizer this season. This will save you money and prevent potential issues.
2.  **Split Applications are Key:** Cotton needs nutrients throughout its long growing season. Splitting N and K applications ensures a steady supply when the plant needs it most, maximizing uptake efficiency and minimizing losses.
3.  **Micronutrients Matter:** Don't overlook Boron and Zinc, especially with your pH. Foliar applications are often the most effective way to address these.
4.  **Observe Your Crop:** Regularly scout your fields. Visual symptoms of nutrient deficiencies can guide you in making timely corrective applications. Leaf tissue analysis during the growing season can also provide valuable insights.
5.  **Re-test Annually/Biennially:** Soil conditions change. Re-testing your soil every 1-2 years will help you fine-tune your fertilizer program and ensure you're always applying what the crop truly needs.
6.  **Consider Local Expertise:** These are general recommendations. Always consult with your local agricultural extension office or experienced agronomist for advice tailored to your specific field conditions, climate, and cotton variety.

By following these recommendations, you'll be providing your cotton crop with the balanced nutrition it needs for optimal growth and high-quality yield, while also being economically and environmentally responsible."
28-02-2026 13:13,nutrient_advisory,82,76,83,6.8,,Peaty,,,,,,Sugarcane,,,"As your agricultural advisor, let's break down the soil analysis for your sugarcane crop on peaty soil and develop a practical fertilizer plan. Sugarcane is a heavy feeder, so precise nutrient management is key for high yields and good sugar recovery.

---

### **1. Nutrient Analysis - What is Deficient or Excess?**

Based on your soil data:

*   **Nitrogen (N): 82 kg/ha**
    *   **Status: Deficient.** Sugarcane typically requires a substantial amount of nitrogen throughout its growth cycle, often in the range of 150-250 kg/ha for good yields. Your current soil N level is quite low for this demand.
*   **Phosphorus (P): 76 kg/ha**
    *   **Status: Excess (or very high).** This is an unusually high level of available phosphorus for a peaty soil. Sugarcane generally needs around 50-100 kg/ha P2O5 (which translates to about 22-44 kg/ha of elemental P). Your soil test indicates a more than adequate supply, suggesting you have a significant reserve.
*   **Potassium (K): 83 kg/ha**
    *   **Status: Deficient to Moderately Low.** Sugarcane is a ""potash hog"" and requires very high levels of potassium, often 150-300+ kg/ha K2O (equivalent to about 125-250+ kg/ha of elemental K). Your soil K level is below the optimal range for maximizing sugarcane production.
*   **pH: 6.8**
    *   **Status: Optimal.** The ideal pH range for sugarcane is generally between 6.0 and 7.0. Your soil pH of 6.8 is perfect, allowing for excellent nutrient availability.
*   **Soil Type: Peaty**
    *   **Characteristics:** Peaty soils are high in organic matter, which is great for soil structure and water retention. However, they can sometimes have specific challenges:
        *   **Potassium Leaching:** K can be more prone to leaching in some peaty soils, necessitating split applications.
        *   **Micronutrient Availability:** While your pH is good, peaty soils can sometimes bind certain micronutrients (like Copper, Zinc, Manganese) even at optimal pH.

---

### **2. Fertilizer Recommendations - Which fertilizers and how much per hectare?**

Given your soil analysis, the primary focus will be on supplying Nitrogen and Potassium, with no additional Phosphorus needed for this crop cycle.

**Target Nutrient Additions (Approximate):**

*   **Nitrogen (N):** Need to add approximately 100-120 kg N/ha.
*   **Phosphorus (P):** **No additional P fertilizer needed.** Your soil levels are very high.
*   **Potassium (K):** Need to add approximately 150-170 kg K/ha.

**Specific Fertilizers and Quantities:**

1.  **For Nitrogen (N): Urea (46% N)**
    *   To supply 110 kg N/ha:
        *   Required Urea = 110 kg N / 0.46 = **239 kg Urea/ha (approx. 240 kg/ha)**
2.  **For Phosphorus (P): None Needed**
    *   **Do NOT apply DAP (Di-ammonium Phosphate) or SSP (Single Super Phosphate) this season.** Applying more P could lead to nutrient imbalances or environmental concerns without any yield benefit.
3.  **For Potassium (K): Muriate of Potash (MOP, 60% K2O or ~50% K)**
    *   To supply 150 kg K/ha:
        *   Required MOP = 150 kg K / 0.50 = **300 kg MOP/ha**

**Summary of Fertilizer Products per Hectare:**

*   **Urea:** 240 kg
*   **Muriate of Potash (MOP):** 300 kg
*   **DAP/SSP:** 0 kg (None)

**Practical Advice on Micronutrients:**
Even though not explicitly deficient in your test, peaty soils can sometimes benefit from micronutrients. Consider applying a general **micronutrient blend** (containing Zinc, Boron, Copper, Manganese) as a foliar spray during the grand growth phase or as a soil application at planting if a broad-spectrum blend is available. Consult with your local agricultural extension for regionally specific micronutrient recommendations.

---

### **3. Application Schedule - When to apply?**

Splitting N and K applications is crucial for sugarcane, especially in peaty soils where leaching can be a concern. This ensures continuous nutrient supply throughout the long growth period.

**Recommended Schedule:**

*   **Basal Application (At planting or within 3-4 weeks after planting/ratooning):**
    *   **Urea:** 80 kg/ha
    *   **MOP:** 100 kg/ha
    *   *Method:* Incorporate these fertilizers into the soil near the planting material.
*   **First Top-dressing (Around 60-90 days after planting/ratooning - Tillering phase):**
    *   **Urea:** 80 kg/ha
    *   **MOP:** 100 kg/ha
    *   *Method:* Apply between the rows and lightly incorporate into the soil, followed by irrigation if possible. This stage is critical for tiller formation.
*   **Second Top-dressing (Around 120-150 days after planting/ratooning - Grand Growth phase):**
    *   **Urea:** 80 kg/ha
    *   **MOP:** 100 kg/ha
    *   *Method:* Apply between the rows and lightly incorporate into the soil. This is the period of rapid stalk elongation and biomass accumulation.

**For Ratoon Crops:**
The first application for ratoon crops should be done immediately after harvesting the previous crop and trash removal/burning (if practiced). Adjust timing slightly based on regrowth.

**Important Considerations:**
*   **Moisture:** Always apply fertilizers when soil moisture is adequate, or irrigate immediately after application to dissolve nutrients and move them into the root zone.
*   **Placement:** Avoid direct contact of high concentrations of fertilizer with young sprouts or roots to prevent burning.
*   **Weed Control:** Ensure weeds are controlled before fertilizer application to prevent them from competing for nutrients.

---

### **4. Organic Options - Natural alternatives?**

Integrating organic matter with inorganic fertilizers (Integrated Nutrient Management) is always beneficial for long-term soil health, especially in peaty soils which are already rich in organic matter but can still benefit from active microbial life.

*   **Nitrogen (N):**
    *   **Farmyard Manure (FYM) / Composted Manure:** Apply 10-20 tons/ha before planting. This provides slow-release N and improves soil structure.
    *   **Vermicompost:** 5-10 tons/ha. Rich in readily available nutrients and beneficial microbes.
    *   **Green Manure Crops:** Planting legumes like Sunnhemp or Dhaincha and incorporating them into the soil before sugarcane planting can fix atmospheric nitrogen and add organic matter.
*   **Phosphorus (P):**
    *   Since your soil P is already very high, additional organic sources of P are not necessary now.
    *   *Normally:* Bone meal, rock phosphate (slow release) would be options if P was deficient.
*   **Potassium (K):**
    *   **Wood Ash:** If available from clean wood sources, it can be a good source of K (and some P, Ca, Mg). Apply carefully, considering its alkalinity (though your pH is good).
    *   **Composted Plant Residues / Crop Residues:** Returning sugarcane trash and other crop residues to the field contributes to K recycling.
    *   **Kelp Meal:** A good source of K and micronutrients, often used in smaller quantities.
*   **General Soil Health:**
    *   **Cover Cropping:** Between sugarcane rotations, cover crops can help maintain soil health, add organic matter, and prevent erosion.
    *   **Bio-fertilizers:** Consider applying *Azotobacter* or *Acetobacter* (nitrogen-fixing bacteria suitable for sugarcane) and *PSB (Phosphate Solubilizing Bacteria)*. While your P is high, PSB can help keep it available.

---

### **5. pH Correction - If needed, how to adjust?**

*   **Your Soil pH: 6.8**
*   **Sugarcane Optimal pH: 6.0 - 7.0**

**Conclusion: No pH correction is needed at this time.** Your soil pH is perfectly within the optimal range for sugarcane, ensuring excellent nutrient availability.

**Practical Advice:**
*   **Monitor Annually:** Continue to monitor your soil pH with annual or biennial soil tests. Even though it's optimal now, factors like long-term fertilizer use (especially nitrogenous fertilizers like Urea) can gradually acidify the soil over many years.
*   If your pH were to drop below 6.0 in the future, agricultural lime (calcium carbonate) would be recommended to raise it.
*   If your pH were to rise above 7.0 (unlikely in peaty soils without excessive liming), sulfur could be used to lower it, but this is rarely needed for sugarcane.

---

**Final Practical Advice for the Farmer:**

1.  **Regular Soil Testing:** While this test is excellent, soil nutrient levels change. Conduct a comprehensive soil test every 2-3 years to fine-tune your fertilizer program.
2.  **Observe Your Crop:** Pay close attention to your sugarcane's growth. Yellowing leaves can indicate N deficiency, while reddish-brown leaf margins might suggest K deficiency. Adjust minor applications if you see clear signs, but always prioritize soil tests.
3.  **Water Management:** Efficient irrigation is crucial. Water helps dissolve and transport nutrients to the roots.
4.  **Weed Control:** Aggressive weed control is paramount to ensure your fertilizers feed the sugarcane, not the weeds.
5.  **Record Keeping:** Keep detailed records of fertilizer applications, dates, and crop observations. This will help you optimize your practices over time.

By following these recommendations, you should be well-equipped to achieve healthy growth and excellent yields from your sugarcane crop."
28-02-2026 13:14,expert_advice,,,,,,,,,,,,,What is the best time to plant rice in North India?,"N=86, P=87, K=93, pH=7.4, Region=Andhra Pradesh – Coastal Andhra","Hello! Thank you for reaching out with your farming question.

First, I want to clarify something important: You've provided soil test results (N=86, P=87, K=93, pH=7.4) and region (Coastal Andhra Pradesh) for your *current* field. However, your question is specifically about ""What is the best time to plant rice in **North India**?""

The optimal planting times, soil conditions, and suitable varieties can differ significantly between South India (Coastal Andhra) and North India. Therefore, while your Andhra Pradesh soil data is valuable for *your specific field*, I will be addressing the general planting timings for rice in North India, as per your question.

---

### Best Time to Plant Rice in North India

In North India, rice cultivation primarily occurs during the **Kharif (monsoon) season**, with a smaller area under Rabi (winter) rice in some regions.

#### 1. Main Planting Season: Kharif Rice (Monsoon Rice)

This is the most widespread and crucial season for rice in North India, driven by the southwest monsoon.

*   **Optimal Planting Window:** **Mid-June to Mid-July.**
    *   **Nursery Raising:** Usually starts from late May to early June.
    *   **Transplanting:** The main activity of transplanting rice seedlings into the puddled fields typically begins with the onset of the monsoon rains, from mid-June and extends up to mid-July.

*   **Why this time is best:**
    *   **Monsoon Rains:** Assured water availability from rainfall reduces dependence on irrigation, making it cost-effective.
    *   **Temperature:** Warm, humid conditions are ideal for rice growth during this period.
    *   **Traditional Practice:** Farmers have established practices and varieties suited for this season.

*   **Practical Advice for Kharif Planting:**
    1.  **Watch the Monsoon Forecast:** Keep a close eye on the India Meteorological Department (IMD) forecast for the arrival and intensity of the monsoon in your specific district. This is crucial for timing.
    2.  **Prepare Nurseries on Time:** Start preparing your rice nurseries (seedbeds) by late May or early June so that seedlings are 20-25 days old and ready for transplanting when the monsoon arrives and fields can be puddled.
    3.  **Timeliness is Key:** Early transplanting (mid-June) often leads to higher yields, provided monsoon support is good. Delaying beyond mid-July can reduce yields significantly due to shorter growing periods and potential early cessation of monsoon.
    4.  **Direct Seeded Rice (DSR):** In areas where water availability might be a concern or to save labor, some farmers opt for Direct Seeded Rice. For DSR, sowing is often done slightly earlier, usually from early to mid-June, to take maximum advantage of the early monsoon rains.

#### 2. Secondary Planting Season: Rabi Rice (Winter/Boro Rice)

This season is less common in North India compared to Kharif and is typically restricted to areas with assured irrigation facilities, mainly in pockets of eastern Uttar Pradesh, Bihar, and West Bengal.

*   **Optimal Planting Window:** **November to December.**
    *   **Nursery Raising:** October to early November.
    *   **Transplanting:** November to December.

*   **Why this time (where practiced):**
    *   **Utilization of Resources:** It allows farmers to grow a second crop after Kharif, utilizing irrigation sources (canals, tube wells).
    *   **Yield Potential:** With proper management and cold-tolerant varieties, yields can be good as the crop matures in drier, sunny conditions.

*   **Practical Advice for Rabi Planting:**
    1.  **Assured Irrigation is a Must:** Rabi rice is entirely dependent on irrigation as there is little to no rainfall.
    2.  **Choose Cold-Tolerant Varieties:** Select rice varieties specifically bred for the Rabi season, which can withstand cooler temperatures during their initial growth stages.
    3.  **Limited Areas:** Do not attempt Rabi rice unless it is a well-established practice in your immediate locality and you have the necessary irrigation infrastructure.

---

### General Helpful Advice for Rice Farmers in North India:

*   **Consult Local Agricultural Department:** Always connect with your Block or District Agricultural Officer (Krishi Adhikari) or the local Krishi Vigyan Kendra (KVK). They provide the most precise, hyper-local advice on timing, varieties, and practices based on recent research and weather patterns.
*   **Get Your Soil Tested (for North Indian field):** If you are farming in North India, ensure you get *that* field's soil tested. The nutrient levels and pH can vary greatly. A soil test will tell you exactly what nutrients your soil needs (like the NPK you shared for Andhra).
*   **Choose the Right Variety:** Selecting the right rice variety is critical.
    *   For Kharif: Choose varieties that are well-adapted to the local climate, resist common pests and diseases, and have a suitable duration (e.g., short, medium, long duration) for your cropping system.
    *   For Rabi: Select cold-tolerant, short-duration varieties.
*   **Water Management:** Rice is a water-intensive crop. Efficient water management, including proper puddling and maintaining adequate water levels in the field, is crucial for maximizing yields.
*   **Timely Nutrient Application:** Based on your *North Indian soil test results*, apply fertilizers (Nitrogen, Phosphorus, Potassium) at the right time and in the correct quantities.
*   **Weed Control:** Effective weed management is vital as weeds compete heavily with rice for nutrients and light.

By combining these recommendations with local insights, you can optimize your rice planting schedule and achieve a successful harvest in North India."
28-02-2026 13:14,expert_advice,,,,,,,,,,,,,How to control pest attacks on cotton crops?,"N=86, P=87, K=93, pH=7.4, Region=Andhra Pradesh – Coastal Andhra","Namaste, Farmer!

Thank you for reaching out. Based on your soil test (N=86, P=87, K=93, which suggests moderately good nutrient levels, and pH=7.4, which is slightly alkaline) and your location in Coastal Andhra, controlling pests in cotton is a critical task for a successful harvest.

Cotton is a crop that attracts many pests, and the key to success is not just spraying chemicals, but adopting an ""Integrated Pest Management"" (IPM) approach. This means combining various methods to keep pests in check, minimize costs, protect the environment, and ensure your crop stays healthy.

Here’s a practical guide on how to control pest attacks on your cotton crops:

---

**Understanding the Main Threats in Coastal Andhra:**

In your region, the major pests you'll likely face are:

1.  **Sucking Pests:** Aphids, Jassids (leafhoppers), Whiteflies, Thrips, Mealybugs, Mites. These pests suck the sap from leaves, making them curl, yellow, or distort, and can transmit diseases.
2.  **Bollworms:**
    *   **American Bollworm (Helicoverpa armigera):** Attacks squares, flowers, and bolls.
    *   **Pink Bollworm (Pectinophora gossypiella):** A major threat, especially to Bt cotton, as it develops inside the bolls.
    *   **Spotted Bollworm (Earias spp.):** Damages shoots and bolls.
3.  **Leaf-eating Caterpillars:** Tobacco caterpillar (Spodoptera litura) and Semi-loopers can defoliate plants rapidly.

---

**Integrated Pest Management (IPM) Strategy for Cotton:**

Follow these steps for effective and sustainable pest control:

**I. Before Sowing & Early Season (Prevention is Key!):**

1.  **Choose the Right Variety:**
    *   Select Bt cotton varieties that are approved for your region and known to perform well. *However, remember that Bt cotton is mainly effective against American and Spotted Bollworms, but Pink Bollworm has developed resistance in many areas.*
    *   Look for varieties with some natural tolerance or resistance to sucking pests if available.
2.  **Field Sanitation:**
    *   **Remove Old Crop Residue:** After harvest, make sure to completely remove or plough under cotton stalks and debris from the previous season. This destroys resting stages of pests like Pink Bollworm.
    *   **Weed Control:** Keep your field and surrounding areas free of weeds. Weeds serve as alternate hosts for many pests.
3.  **Seed Treatment:**
    *   Treat your cotton seeds with recommended systemic insecticides (e.g., Imidacloprid, Thiamethoxam) before sowing. This provides protection against early-season sucking pests for the first 30-45 days.
4.  **Sowing Time & Spacing:**
    *   Sow at the recommended time for your region. Early or late sowing can sometimes expose the crop to peak pest activity.
    *   Maintain optimal plant spacing. Overcrowding can create humid conditions favorable for pests and hinder pesticide penetration.
5.  **Balanced Nutrition:**
    *   Your NPK levels are okay, but avoid excessive nitrogen fertilizer application. Too much nitrogen leads to lush, succulent growth that attracts sucking pests. Follow soil test recommendations for balanced fertilization.
6.  **Refugia Planting (CRITICAL for Bt Cotton):**
    *   Plant non-Bt cotton (refugia) around or within your Bt cotton field as per government guidelines (usually 20% of the area or a specific number of rows). This helps in delaying the development of resistance in Pink Bollworm to Bt cotton. *Do NOT skip this.*

**II. Regular Monitoring & Scouting (Know Your Enemy!):**

1.  **Daily Field Visits:** Walk through your cotton field regularly (at least 2-3 times a week, daily during peak periods). Look closely at the underside of leaves, growing points, squares, and young bolls.
2.  **Identify Pests:** Learn to identify the common pests at different life stages (eggs, nymphs, larvae, adults).
3.  **Trap Cropping (Optional but Helpful):**
    *   Plant a few rows of trap crops like castor, marigold, or sorghum around your field. These can attract some pests away from cotton. Castor is especially good for Tobacco caterpillar.
4.  **Pheromone Traps:**
    *   Install pheromone traps (lure traps) for major bollworms (American, Pink, Spotted) from 30 days after sowing.
    *   Place 5-6 traps per acre. Check them daily. A sudden increase in moth catches indicates pest activity is rising, and you need to be extra vigilant.
5.  **Yellow Sticky Traps:**
    *   Install yellow sticky traps (10-15 per acre) to monitor sucking pests like whiteflies, aphids, and jassids. The number of trapped insects gives an idea of pest population build-up.

**III. Direct Control Methods (When Pests Appear):**

Based on your monitoring, take action using the following hierarchy:

1.  **Cultural & Mechanical Methods (First Line of Defense):**
    *   **Hand Picking:** Regularly hand-pick and destroy eggs, larvae (especially large caterpillars like Spodoptera), and mealybug colonies when populations are low.
    *   **Removal of Infested Parts:** Pluck and destroy visible infested squares, flowers, or bolls (especially for Pink Bollworm).
    *   **Bird Perches:** Install bird perches (T-shaped sticks) in your field. Birds are natural predators of many insect pests.
    *   **Light Traps:** Use light traps (especially during evening/night) to attract and kill nocturnal moths, including bollworm moths.
2.  **Biological Control (Let Nature Help You!):**
    *   **Conserve Natural Enemies:** Avoid spraying broad-spectrum insecticides needlessly. Many beneficial insects (ladybird beetles, lacewings, spiders, parasitic wasps) naturally feed on or parasitize pests. Learn to identify and protect them.
    *   **Release Biocontrol Agents:**
        *   **Trichogramma Egg Parasitoids:** Release Trichogramma chilonis cards (4-6 releases at 10-15 day intervals, starting 45 days after sowing) to parasitize bollworm eggs.
        *   **Neem-based Formulations:** Spray Neem oil (Azadirachtin 1500 ppm or 3000 ppm) at 5 ml/liter of water. It acts as an antifeedant and repellent, and disrupts insect growth, particularly effective against early instar larvae and sucking pests.
        *   **Bt (Bacillus thuringiensis) formulations:** For early instar caterpillars, spray bio-pesticides containing Bt kurstaki. This is different from the Bt gene in the plant and specifically targets caterpillars.
        *   **Beauveria bassiana/Verticillium lecanii:** These fungal bio-pesticides can be effective against sucking pests like whiteflies and mealybugs under humid conditions.
3.  **Chemical Control (Last Resort, Judicious Use):**
    *   **Spray Only When Necessary:** Refer to recommended ""Economic Threshold Levels"" (ETL) for each pest. Spray only when pest populations exceed these levels. Don't spray just because you see a few pests.
    *   **Select the Right Pesticide:**
        *   **For Sucking Pests (Aphids, Jassids, Whiteflies, Thrips):** Use systemic insecticides like Imidacloprid, Thiamethoxam (if not used as seed treatment later), Acetamiprid, Flonicamid, Spiromesifen (for mites). For severe whitefly infestations, use Pyriproxyfen or Buprofezin.
        *   **For Bollworms (Early stages):** Use newer generation insecticides like Chlorantraniliprole, Emamectin benzoate, Indoxacarb, or Spinosad.
        *   **For Pink Bollworm (Very critical):** Since Bt cotton resistance is common, use chemicals like Chlorantraniliprole, Emamectin benzoate, or other specifically recommended ones. **Pheromone-based Sexual Confusion Traps** are also highly effective against Pink Bollworm by preventing mating.
        *   **For Spodoptera litura (Tobacco Caterpillar):** Use Chlorantraniliprole, Emamectin benzoate, or Flubendiamide. Pheromone traps and hand-picking large larvae are also important.
    *   **Rotate Pesticides:** Never use the same chemical group repeatedly. Rotate different classes of insecticides to prevent pests from developing resistance. (e.g., if you used a neonicotinoid, next time use a pyrethroid or an organophosphate, or a newer chemistry).
    *   **Right Dose & Application:** Use the recommended dose. Spray thoroughly, ensuring coverage on the underside of leaves. Use a high-volume sprayer.
    *   **Spot Spraying:** If infestations are localized, spray only the affected patches rather than the entire field.
    *   **Pre-harvest Interval (PHI):** Always note the waiting period between last spray and harvest to ensure no harmful residues remain on the lint.

**IV. Special Attention to Pink Bollworm (PBW):**

*   **Refugia is paramount.**
*   **Pheromone Traps:** Crucial for monitoring and mass trapping/sexual confusion.
*   **Early Intervention:** PBW hides inside bolls, making chemical control difficult once established. Focus on adult moth control and early stage larvae if possible.
*   **Nocturnal Activity:** PBW moths are active at night. If spraying for PBW, consider timing for maximum impact, though broad daylight application is common for cotton.
*   **Destruction of crop residue immediately after harvest.**

---

**Farmer-Friendly Tips for Success:**

*   **Walk the Talk:** Don't just sit back; actively walk your fields. Your feet are your best scouts.
*   **Record Keeping:** Note down what pests you see, when, what you sprayed, and if it worked. This helps you learn for next time.
*   **Consult Local Experts:** Reach out to your local Agricultural Extension Officer or Krishi Vigyan Kendra (KVK). They have the most up-to-date recommendations for your specific area.
*   **Safety First:** When using chemical pesticides, always wear protective clothing (gloves, mask, long-sleeved shirt, pants). Do not eat, drink, or smoke while spraying. Wash thoroughly after spraying.
*   **Don't panic and spray blindly!** This wastes money, harms beneficial insects, and builds pest resistance.

By adopting this integrated approach, you can effectively manage pests in your cotton crop, reduce your input costs, and ensure a healthy and profitable yield. Good luck with your harvest!"
28-02-2026 13:15,expert_advice,,,,,,,,,,,,,What are the signs of nitrogen deficiency in plants?,"N=86, P=87, K=93, pH=7.4, Region=Andhra Pradesh – Coastal Andhra","Namaste, Annadata!

It's good you're observing your plants closely. Nitrogen (N) is one of the most vital nutrients for vigorous plant growth and high yields. Given your soil test result of **N=86**, which is on the lower side for many crops, understanding nitrogen deficiency signs is crucial.

Here are the clear signs of nitrogen deficiency you should look for in your fields in Coastal Andhra:

### Signs of Nitrogen Deficiency in Plants:

1.  **Pale Green to Yellowing Leaves (Chlorosis) – Starts on OLDER Leaves:**
    *   This is the most classic and earliest sign.
    *   Nitrogen is mobile in the plant, meaning the plant will move it from older leaves to newer, growing parts when it's scarce.
    *   Therefore, the **bottom (older) leaves will turn pale green first, then gradually yellow.** This yellowing often starts at the leaf tip and edges, moving inwards.
    *   Newer leaves at the top might remain green for a while but will appear stunted or lighter green.
    *   *Why it happens:* Nitrogen is a key component of chlorophyll, the green pigment responsible for photosynthesis. Less nitrogen means less chlorophyll.

2.  **Stunted Growth and Small Plants:**
    *   Nitrogen is essential for cell division and protein formation. Without enough, plants simply can't grow properly.
    *   You'll notice overall poor growth, with plants being significantly smaller than expected or compared to healthy plants.
    *   Stems might be thin and weak.

3.  **Reduced Tillering/Branching:**
    *   In crops like paddy, maize, or millets, you'll see fewer tillers (side shoots) developing.
    *   In other plants, branching will be sparse, leading to an open, less bushy appearance.

4.  **Poor Flower and Fruit Development:**
    *   While nitrogen is primarily for vegetative growth, severe deficiency will eventually impact reproductive stages.
    *   You might observe fewer flowers, premature flower or fruit drop, or smaller, poorly developed fruits/grains. This directly leads to lower yields.

5.  **Early Maturation and Leaf Drop:**
    *   Severely deficient plants may mature earlier than healthy ones, but with significantly reduced yield.
    *   The yellowed, older leaves may eventually turn brown and fall off prematurely.

---

### Practical Advice for Coastal Andhra Farmers:

Given your context (N=86, pH=7.4, Coastal Andhra), here's what you can do:

1.  **Confirm with Observation:** Before acting, always visually confirm the signs. Walk through your fields, specifically checking the *older, lower leaves* for yellowing. Compare them to healthy plants in a nearby field (if available) or to younger leaves on the same plant.

2.  **Soil Test is Your Best Friend:**
    *   You already have one (N=86), which confirms low nitrogen. This is excellent!
    *   *Next Step:* Re-test your soil every 2-3 years, especially after significant crop cycles. This helps track nutrient levels and adjust applications.

3.  **Choose the Right Nitrogen Source:**

    *   **For Quick Action (If deficiency is observed during growth):**
        *   **Urea (46% N):** This is the most common and effective source.
            *   **Application:** Top-dress it (broadcast around plants) and lightly incorporate it, then irrigate immediately. In Coastal Andhra, paddy, maize, and vegetable crops respond well to urea application.
            *   **Dosage:** Based on your specific crop and its growth stage. Consult with your local Krishi Vigyan Kendra (KVK) or agricultural officer for precise recommendations. Over-application can lead to excessive leafy growth at the expense of fruit/grain, and environmental issues.
        *   **Foliar Spray (for immediate relief):** For a very quick but temporary fix, you can spray a diluted solution of urea (1-2% concentration) directly onto the leaves. This is good for small areas or when plants are severely stressed.

    *   **For Long-Term Soil Health and Sustained Supply:**
        *   **Farmyard Manure (FYM) / Compost:** Incorporating well-decomposed FYM or compost before planting is excellent. It slowly releases nitrogen and improves soil structure and water retention. Coastal areas often have access to animal manure.
        *   **Green Manure Crops:** Consider growing leguminous crops (like Dhaincha, Sunhemp, Moong, Urad) during fallow periods or as an intercrop. They fix atmospheric nitrogen and enrich the soil when ploughed back in. This is a very sustainable practice.
        *   **Crop Rotation:** Rotate your main crops with legumes (pulses like Blackgram, Greengram, Groundnut are common in Coastal AP). These crops naturally add nitrogen back to the soil, reducing the need for synthetic fertilizers.

4.  **Consider pH (pH 7.4 - Slightly Alkaline):**
    *   While N deficiency signs are mainly visual, a slightly alkaline pH of 7.4 can sometimes affect the availability of other nutrients or the efficiency of some N forms. However, nitrogen itself is generally available at this pH. Just be aware that maintaining soil organic matter helps buffer pH fluctuations.

5.  **Water Management:**
    *   Nitrogen, especially in nitrate form, is highly mobile and can leach out of the root zone with excessive irrigation or heavy rains. Irrigate efficiently, avoiding waterlogging, particularly in crops like paddy where controlled water levels are common.

**In summary, Annadata:** Your plants are telling you they're hungry for nitrogen by turning pale green or yellow from the bottom up and growing slowly. Act quickly but wisely by confirming the signs, doing a soil test, and applying the right form and amount of nitrogen fertilizer, alongside good organic practices.

If you have specific crops in mind, please share, and I can provide even more tailored advice! Jai Kisan!"
28-02-2026 13:15,expert_advice,,,,,,,,,,,,,How to improve soil fertility naturally?,"N=86, P=87, K=93, pH=7.4, Region=Andhra Pradesh – Coastal Andhra","Namaste, my dear farmer! Thank you for sharing your soil report. It gives us a very good starting point.

First, let me tell you, your soil has **excellent levels of Nitrogen (N=86), Phosphorus (P=87), and Potassium (K=93)**. This is very encouraging! It means your soil is not lacking in these major nutrients right now. The main goal for you will be to build the overall *health* and *structure* of your soil, so these nutrients (and others) are always available to your crops, and your soil can withstand the challenges of the Coastal Andhra region.

Your **pH of 7.4 is slightly alkaline**. This is not extremely high, but it means some micronutrients might be a little less available to your plants. All the natural methods we discuss below will help gently bring this pH into a more balanced range over time.

Here’s how we can improve your soil fertility naturally, step-by-step:

---

### **The Foundation: Building Organic Matter (The ""Soul"" of Your Soil)**

Organic matter is the most important ingredient for healthy, fertile soil. Think of it as the soil's food and home for beneficial creatures. In a hot, humid region like Coastal Andhra, organic matter breaks down quickly, so we need to continuously replenish it.

1.  **Compost and Farmyard Manure (FYM):**
    *   **What:** Well-decomposed cow dung, goat manure, chicken litter, crop waste, kitchen scraps.
    *   **How:** Spread a thick layer (2-3 inches) over your fields and lightly mix it into the topsoil before planting. You can also add it in a furrow near your plants.
    *   **Why:** It's a slow-release natural fertilizer, improves soil structure (making it soft and crumbly), increases water holding capacity, and feeds beneficial microbes.

2.  **Crop Residue Management – Don't Burn!**
    *   **What:** Stubble, leaves, and other plant parts left after harvest.
    *   **How:** Instead of burning, chop crop residues into smaller pieces and spread them evenly across the field. You can lightly till them in, or leave them on the surface as mulch (see below).
    *   **Why:** Returns nutrients to the soil, adds organic matter, prevents erosion, and keeps the soil cool. Burning destroys valuable organic matter and kills beneficial microbes.

3.  **Green Manuring:**
    *   **What:** Growing specific plants (like Sunhemp, Dhaincha, Sesbania, Mung bean, Cowpea) for a short period and then incorporating them into the soil while they are still green and lush.
    *   **How:** Plant these seeds after one crop, let them grow for 45-60 days, and then plough them back into the soil before they flower.
    *   **Why:** They add a lot of organic matter, some fix nitrogen from the air (especially legumes), improve soil structure, and suppress weeds.

4.  **Vermicompost (Earthworm Compost):**
    *   **What:** Compost made with the help of earthworms. It's very rich in nutrients and beneficial microbes.
    *   **How:** If you have space, set up a vermicompost pit. You can also buy vermicompost to use as a top dressing or mix into your planting holes.
    *   **Why:** Supercharges your soil with readily available nutrients and boosts microbial activity, leading to healthier plants.

---

### **Protecting and Nurturing Your Soil**

1.  **Mulching:**
    *   **What:** Covering the soil surface with a layer of organic material (straw, dry leaves, coconut coir, chopped crop residues).
    *   **How:** Spread a 2-4 inch layer around your plants or between rows.
    *   **Why:** Keeps the soil moist (reducing irrigation needs), suppresses weeds, prevents soil erosion (especially important in Coastal Andhra with heavy rains), moderates soil temperature, and slowly adds organic matter as it breaks down.

2.  **Reduced Tillage / No-Till Farming:**
    *   **What:** Minimizing how much you disturb the soil with ploughing.
    *   **How:** Instead of deep ploughing every season, try to do minimum tillage, or even no-till (planting directly into the previous crop's residue) where possible. Use simple tools instead of heavy machinery.
    *   **Why:** Excessive tilling destroys soil structure, exposes organic matter to rapid decomposition, and harms earthworms and beneficial microbes. Less tillage improves water infiltration and aeration.

3.  **Crop Rotation:**
    *   **What:** Changing the type of crop you grow in a particular field each season or year.
    *   **How:** For example, after rice, grow a pulse crop (like black gram or green gram), then perhaps a vegetable. Avoid growing the same crop repeatedly in the same spot.
    *   **Why:** Different crops use different nutrients, so rotation helps balance nutrient removal. It also breaks pest and disease cycles, reducing the need for chemical sprays, and some crops (like pulses) add nitrogen back to the soil.

---

### **Boosting Soil Life (Your Unseen Helpers)**

1.  **Biofertilizers:**
    *   **What:** Living microorganisms that help plants get nutrients from the soil. Examples: *Rhizobium* (for pulses), *Azotobacter* or *Azospirillum* (for cereals), Phosphate Solubilizing Bacteria (PSB), Potash Mobilizing Bacteria (KMB).
    *   **How:** These are available as liquid or powder formulations. You can treat your seeds with them before planting, or apply them directly to the soil near the roots.
    *   **Why:** They make your existing soil nutrients (like phosphorus and potassium) more available to plants, and some even fix nitrogen from the air, reducing the need for external fertilizers. Given your high NPK, these are perfect for *unlocking* what's already there.

2.  **Welcome Earthworms:**
    *   **What:** Nature's ploughs and farmers.
    *   **How:** By adding organic matter and reducing tillage, you create a perfect home for earthworms. Avoid chemical pesticides that harm them.
    *   **Why:** Earthworms burrow through the soil, creating channels for water and air. Their castings (poop) are incredibly rich in plant nutrients. They are a sign of truly healthy soil.

---

### **Water Management (Crucial for Coastal Andhra)**

1.  **Efficient Irrigation:**
    *   **What:** Using water wisely, especially with potential salinity issues near the coast.
    *   **How:** Consider drip irrigation or sprinklers if feasible. Irrigate early in the morning or late in the evening to reduce evaporation. Test your water source if you suspect salinity.
    *   **Why:** Prevents waterlogging, ensures plants get enough water without waste, and helps manage soil salinity.

---

**In summary, my friend:**

You have a good base with your current soil nutrients. Your natural farming journey should focus on:
1.  **Continuously adding organic matter** in various forms.
2.  **Protecting your soil** from erosion and excessive disturbance.
3.  **Encouraging the beneficial life** within your soil.

These practices will gradually improve your soil structure, water retention, nutrient availability (especially with your pH), and overall soil resilience, leading to healthier crops and sustainable yields for years to come. Be patient, observe your soil and plants closely, and nature will reward your efforts!"
28-02-2026 13:15,expert_advice,,,,,,,,,,,,,What is crop rotation and why is it important?,"N=86, P=87, K=93, pH=7.4, Region=Andhra Pradesh – Coastal Andhra","Namaste, my dear farmer friend from Coastal Andhra!

That's an excellent and very important question you've asked, especially with your soil analysis showing N=86, P=87, K=93, and a pH of 7.4. Understanding crop rotation is key to long-term success and healthy fields.

Let's break it down simply.

---

### What is Crop Rotation?

Simply put, crop rotation is like giving your land a planned ""diet change"" every season or year. Instead of planting the same crop (like paddy) in the same field repeatedly, you change to a different type of crop in a sequence.

Imagine you eat the same food every single day. Eventually, you'd get tired, and your body might lack some nutrients. Your field is similar! Crop rotation means you're not just growing one crop over and over, but intentionally switching between different types of plants in a specific order over several seasons or years in the same piece of land.

For example, after your main paddy crop, you might plant a pulse crop (like Blackgram or Greengram), and then perhaps maize or groundnut before returning to paddy. It's a strategic plan for what you grow where, and when.

---

### Why is Crop Rotation Important? (The Benefits for Your Field)

Crop rotation is one of the oldest and most effective farming practices because it offers a multitude of benefits that directly impact your soil health, crop yields, and even your expenses.

1.  **Feeds Your Soil Naturally (Nutrient Management):**
    *   **The Problem:** Different crops extract different nutrients from the soil. If you grow only one crop (like paddy, which is a heavy feeder of Nitrogen) year after year, it depletes specific nutrients quickly, leading to an imbalance.
    *   **The Solution:** When you rotate, especially with crops like pulses (Blackgram, Greengram), they have special roots that can take nitrogen from the air and ""fix"" it into the soil. This acts like a natural fertilizer for your next crop, reducing your need for costly chemical nitrogen fertilizers (even with your N=86, this can save you money!). Other crops with deep roots bring up nutrients from deeper layers.

2.  **Breaks Pest & Disease Cycles:**
    *   **The Problem:** Pests and diseases often specialize in attacking specific crops. If you keep planting the same crop, their numbers build up in the soil and on plant residues, making infestations worse each year.
    *   **The Solution:** By changing the crop, you remove their food source and host plant. Pests and disease-causing organisms that are specialized for one crop can't survive on the next different crop, so their populations decline naturally. This means fewer pest outbreaks and healthier plants.

3.  **Manages Weeds Better:**
    *   **The Problem:** Certain weeds thrive in specific crop conditions. Continuous monocropping allows these weeds to become dominant and harder to control.
    *   **The Solution:** Different crops require different soil preparation methods, have different growth habits (e.g., some provide more shade than others), and may allow for different weed control strategies. This variation disrupts weed cycles and prevents any one type of weed from taking over.

4.  **Improves Soil Structure and Water Holding Capacity:**
    *   **The Problem:** Continuous cultivation of shallow-rooted crops can lead to soil compaction, reducing water infiltration and aeration.
    *   **The Solution:** Rotating between crops with different root systems (e.g., shallow-rooted paddy followed by deep-rooted pulses or millets) helps break up compacted soil layers, improving aeration and drainage. This makes the soil softer, allows water to penetrate deeper, and helps your field hold moisture for longer, which is crucial in varying rainfall conditions in Coastal Andhra.

5.  **Spreads Your Risk & Diversifies Income:**
    *   **The Problem:** Relying on a single crop means you're vulnerable if its market price drops or if a natural calamity affects that specific crop.
    *   **The Solution:** Growing different crops means you have multiple sources of income. If one crop's price is low, or if it suffers from unexpected weather, your other crops might still give you a good return, providing financial stability.

---

### Practical Advice for Your Farm in Coastal Andhra:

With your soil profile (N=86, P=87, K=93, pH=7.4), crop rotation can be highly beneficial. Here’s how you can easily implement it:

1.  **Your Soil pH (7.4) is Slightly Alkaline:** While this is generally manageable, good organic matter from crop rotation will help buffer it and improve overall soil health.

2.  **The ""Paddy + Pulse"" Rotation is Your Best Friend:**
    *   **Kharif (Monsoon) Season:** Continue with your main Paddy crop. It's a staple and well-suited to the region.
    *   **Rabi (Winter) Season:** Instead of another paddy crop, or leaving the land fallow, strongly consider planting **Blackgram (Minumu)** or **Greengram (Pesalu)**.
        *   **Why?** These are short-duration legumes, need less water than paddy (perfect for Rabi), and are excellent nitrogen fixers. They will enrich your soil with natural nitrogen, benefiting your next Kharif paddy crop and saving you fertilizer costs. They also have good market demand in Andhra Pradesh.
    *   **Example Rotation:** **Paddy (Kharif) → Blackgram/Greengram (Rabi)**

3.  **Consider Maize or Groundnut in the Sequence:**
    *   After a pulse crop, or even alternating with paddy, you could introduce **Maize (Mokka Jonna)** or **Groundnut (Verusenaga)**.
    *   Maize is a good option as it has different nutrient demands than paddy and its residues can be incorporated into the soil.
    *   Groundnut is another legume (like Blackgram/Greengram) that helps with nitrogen fixation and also has different root structures, improving soil tilth.
    *   **Example Rotation:** **Paddy (Kharif) → Blackgram (Rabi) → Maize/Groundnut (next Kharif)**

4.  **Green Manure Crops (Janumu/Sunnhemp):**
    *   If you have a short window between your main crops, consider growing a green manure crop like **Dhaincha (Janumu)** or **Sunnhemp (Janumu naru)** for 45-60 days. Don't harvest them; instead, plow them back into the soil while they are still green.
    *   **Why?** This adds a lot of organic matter to your soil very quickly. Organic matter improves soil structure, water retention, and nutrient availability, and can also help buffer your pH slightly. This is an excellent way to rejuvenate tired soil.

5.  **Think in Terms of Plant Families:**
    *   Try to rotate between different plant families. For example:
        *   **Grasses:** Paddy, Maize
        *   **Legumes:** Blackgram, Greengram, Groundnut
        *   **Other broadleaf crops:** (e.g., if you consider vegetables like Chillies or Brinjal for smaller plots)
    *   This diversity is very effective in breaking pest and disease cycles.

### Key Principles to Remember for Your Rotation:

*   **Alternate Heavy Feeders with Light Feeders/Givers:** Paddy is a heavy feeder. Follow it with a legume (giver) like Blackgram.
*   **Alternate Deep-Rooted with Shallow-Rooted:** Paddy is shallow. Pulses/Maize have deeper roots.
*   **Don't follow a crop with a related crop:** If you had issues with a specific pest/disease in paddy, don't plant another cereal immediately.
*   **Consider your water availability:** Rabi season typically has less water, making short-duration, less water-intensive crops like pulses ideal.
*   **Start Simple:** You don't need a very complex rotation immediately. The Paddy-Pulse rotation is a fantastic starting point.

---

Crop rotation is not just an old tradition; it's smart, sustainable farming that works with nature to keep your fields fertile and productive year after year. It’s an investment in the long-term health of your soil, which is your most valuable asset.

Start observing your fields, talk to other successful farmers in your area about their rotations, and see how these changes benefit your crops and your income.

All the best with your farming!"
28-02-2026 13:16,crop_recommendation,86,87,93,7.3,50,Loamy,5,58,1213,Navarai (Jan – Mar) – TN Summer Crop,Tamil Nadu – Southern Dry Zone,,,,"As your agricultural advisor, I've analyzed the conditions you've provided. There is a significant discrepancy regarding the temperature: 5°C is exceptionally low for Tamil Nadu during the Navarai (Jan-Mar) season, especially for a ""TN Summer Crop"" in the ""Southern Dry Zone,"" where temperatures typically range from 25°C to 35°C.

**My recommendations are based on the assumption that the ""TN Summer Crop"" and ""Southern Dry Zone"" context implies *warmer temperatures (approx. 25-35°C)* typical for Navarai, and that the 5°C might represent an unusual extreme minimum or a typo.** If the average temperature truly remains around 5°C, then most typical Tamil Nadu ""summer crops"" would not be suitable, and temperate crops (like wheat, barley, or specific cool-season vegetables) would be required, which would contradict the description of a ""TN Summer Crop.""

Given this interpretation, here are the top 3 recommended crops:

---

### 1. Top 3 Recommended Crops with Suitability Score

1.  **Blackgram (Urad Dal)**
    *   **Suitability Score:** 9/10
2.  **Groundnut (Peanut)**
    *   **Suitability Score:** 8.5/10
3.  **Green Gram (Moong Dal)**
    *   **Suitability Score:** 8.5/10

---

### 2. Why Each Crop Suits These Conditions

**1. Blackgram (Urad Dal)**

*   **Soil Suitability:**
    *   **Loamy Soil:** Ideal for Blackgram, providing good drainage and aeration while retaining adequate moisture.
    *   **Nutrient Levels:** The moderately high N, P, and K (86, 87, 93 kg/ha respectively) are very favorable. As a legume, Blackgram also fixes atmospheric nitrogen, benefiting subsequent crops and reducing the need for external nitrogen inputs.
    *   **pH 7.3:** Slightly alkaline pH is well within the optimal range for Blackgram.
    *   **Moisture 50%:** Indicates good soil moisture, which is beneficial for germination and early growth.
*   **Environmental Suitability:**
    *   **Temperature (Assumed Warm):** Blackgram thrives in warm temperatures (25-35°C), which are typical for the Navarai season in Tamil Nadu. It can tolerate moderate heat and dry spells, making it suitable for the ""Southern Dry Zone.""
    *   **Navarai Season (Jan – Mar):** A short-duration crop, Blackgram fits perfectly into this window, allowing for quick harvest before the intense summer heat or monsoon onset.
    *   **Region (Tamil Nadu – Southern Dry Zone):** It's a well-established and economically important pulse crop in this region.
    *   **Rainfall/Humidity:** While 1213mm annual rainfall is high, Navarai is a drier period. Blackgram is relatively water-efficient, making it suitable for regions relying on supplementary irrigation during this season.
*   **Other Benefits:** Improves soil fertility, good market demand in Tamil Nadu.

**2. Groundnut (Peanut)**

*   **Soil Suitability:**
    *   **Loamy Soil:** Excellent for groundnut cultivation, providing the loose, well-drained texture essential for peg penetration and pod development.
    *   **Nutrient Levels:** Benefits significantly from the existing P and K levels. As a legume, it fixes nitrogen, but adequate initial nitrogen aids in early vigorous growth.
    *   **pH 7.3:** Slightly alkaline pH is generally favorable for groundnut.
    *   **Moisture 50%:** Good soil moisture is crucial, especially during flowering and pod development.
*   **Environmental Suitability:**
    *   **Temperature (Assumed Warm):** Groundnut is a tropical crop that requires warm temperatures (25-30°C) for optimal growth, fitting the typical Navarai conditions in Tamil Nadu.
    *   **Navarai Season (Jan – Mar):** Commonly grown as a summer crop in TN, benefiting from sunshine.
    *   **Region (Tamil Nadu – Southern Dry Zone):** A major oilseed cash crop in Tamil Nadu, particularly in dryland areas with irrigation facilities.
    *   **Rainfall/Humidity:** Requires consistent moisture but is sensitive to waterlogging. Supplementary irrigation during the dry Navarai season will be critical.
*   **Other Benefits:** High economic value, widely cultivated and consumed in the region.

**3. Green Gram (Moong Dal)**

*   **Soil Suitability:**
    *   **Loamy Soil:** Well-suited, providing good drainage and aeration while maintaining adequate moisture.
    *   **Nutrient Levels:** Similar to Blackgram, it benefits from good P and K levels and contributes to soil fertility through nitrogen fixation.
    *   **pH 7.3:** Optimal for Green Gram growth.
    *   **Moisture 50%:** Sufficient soil moisture is conducive to its growth.
*   **Environmental Suitability:**
    *   **Temperature (Assumed Warm):** Green Gram is a warm-season crop (25-35°C) that tolerates heat and requires ample sunshine, making it ideal for the Navarai season.
    *   **Navarai Season (Jan – Mar):** It's a short-duration crop (60-75 days), making it an excellent choice for this season, allowing for quick turnaround or fitting into multiple cropping systems.
    *   **Region (Tamil Nadu – Southern Dry Zone):** A common and valuable pulse crop in the region, known for its resilience.
    *   **Rainfall/Humidity:** Relatively drought-tolerant compared to other crops but benefits significantly from timely irrigation during dry spells.
*   **Other Benefits:** Improves soil health, good nutritional value, high market demand.

---

### 3. Expected Yield

*   **Blackgram (Urad Dal):**
    *   **Expected Yield:** 700 - 1000 kg/ha (with good management and favorable conditions)
*   **Groundnut (Peanut):**
    *   **Expected Yield:** 1500 - 2500 kg/ha (dry pod yield, with good management and irrigation)
*   **Green Gram (Moong Dal):**
    *   **Expected Yield:** 700 - 900 kg/ha (with good management and favorable conditions)

---

### 4. Best Planting Time

For all three recommended crops during the Navarai season in Tamil Nadu:

*   **Best Planting Time:** Early January to Mid-February
    *   This timing allows the crops to establish and grow under gradually warming conditions, benefiting from adequate daylight hours, and allows for harvest before the peak intense summer heat of May/June. It also helps in avoiding potential early monsoon rains which can affect drying and harvest."
28-02-2026 13:17,crop_recommendation,120,103,129,6.5,59,Sandy,23,58,1449,Navarai (Jan – Mar) – TN Summer Crop,Tamil Nadu – Southern Dry Zone,,,,"As an agricultural advisor, based on the provided conditions for your Tamil Nadu farm during the Navarai season, here are my top three crop recommendations:

---

### **1. Groundnut (Peanut)**

*   **Suitability Score:** 9.5/10
*   **Why it suits these conditions:**
    *   **Soil:** Groundnut thrives in well-drained, light-textured sandy soils, which are ideal here. The good pH (6.5) and high nutrient levels (N, P, K) will support robust growth and pod formation.
    *   **Environment (Temperature & Season):** Navarai (Jan-Mar) aligns perfectly with groundnut's requirement for warm temperatures (23°C is excellent) and bright sunshine for good pod development. It's a common summer crop in TN.
    *   **Moisture & Rainfall:** While sandy soil has lower water retention, the 59% moisture and high annual rainfall (1449mm) suggest sufficient water availability, which is crucial for groundnut, especially during flowering and pegging stages. Good drainage prevents waterlogging, which groundnut dislikes.
    *   **Region:** A major oilseed crop in Tamil Nadu, with established market demand and suitable local varieties.
*   **Expected Yield:** 1.5 - 2.5 tonnes/hectare (dry pods) under good management and favorable conditions.
*   **Best Planting Time:** Early January to mid-February (ideal for Navarai season).

---

### **2. Pearl Millet (Bajra)**

*   **Suitability Score:** 9.0/10
*   **Why it suits these conditions:**
    *   **Soil:** Pearl Millet is highly adaptable and performs exceptionally well on sandy soils with low water retention, making it a perfect fit. It is tolerant of a range of soil pH, and the high nutrient levels will boost its productivity significantly.
    *   **Environment (Temperature & Season):** It is a warm-season crop that thrives in the high temperatures and dry conditions often associated with the Navarai season in Tamil Nadu's dry zones. 23°C is well within its optimal range.
    *   **Moisture & Rainfall:** Known for its drought tolerance, Pearl Millet can still benefit greatly from the high rainfall (or supplemental irrigation) to achieve higher yields, while its natural hardiness mitigates risks associated with sandy soil's quick drainage.
    *   **Region:** A staple coarse cereal in Tamil Nadu, particularly in dry regions, providing food security and animal fodder.
*   **Expected Yield:** 2.0 - 3.5 tonnes/hectare (grain) under good management and favorable conditions.
*   **Best Planting Time:** Mid-January to February.

---

### **3. Maize (Corn)**

*   **Suitability Score:** 8.5/10
*   **Why it suits these conditions:**
    *   **Soil:** Maize prefers well-drained soils and can perform well in sandy loams, especially with good organic matter and nutrient levels as present here (N=120, P=103, K=129, pH=6.5 are all highly favorable).
    *   **Environment (Temperature & Season):** As a warm-season crop, maize flourishes in temperatures around 23°C, making the Navarai season suitable. It benefits from sunny weather for optimal growth and yield.
    *   **Moisture & Rainfall:** Maize is a relatively water-intensive crop, but the high annual rainfall (1449mm) coupled with 59% soil moisture suggests adequate water availability, especially if supplemental irrigation is possible during critical growth stages. Good drainage in sandy soil is beneficial to prevent root rot.
    *   **Region:** Maize cultivation is increasing in Tamil Nadu for grain, feed, and industrial purposes, indicating good market potential.
*   **Expected Yield:** 4.0 - 7.0 tonnes/hectare (grain) with proper hybrid selection and management.
*   **Best Planting Time:** Early January to February.

---

These recommendations prioritize crops that are well-suited to sandy soils, thrive in warm conditions, align with the Navarai season in Tamil Nadu, and can benefit from the high nutrient status and ample moisture availability. Careful variety selection and good agricultural practices will further enhance yields."
28-02-2026 13:18,crop_recommendation,108,84,97,7.2,60,Sandy,29,44,811,Navarai (Jan – Mar) – TN Summer Crop,Tamil Nadu – Cauvery Delta,,,,"Based on the detailed conditions provided, here are the top crop recommendations for your farm in the Cauvery Delta region during the Navarai (Jan-Mar) season:

---

### 1. Top 3 Recommended Crops with Suitability Score

1.  **Groundnut (Peanut)** - **Suitability Score: 9/10**
2.  **Pearl Millet (Bajra)** - **Suitability Score: 8.5/10**
3.  **Black Gram (Urad Dal)** - **Suitability Score: 8/10**

---

### 2. Why Each Crop Suits These Conditions

*   **Groundnut (Peanut)**
    *   **Soil:** Groundnut thrives exceptionally well in sandy and sandy loam soils due as it requires loose soil for peg penetration and pod development. Your sandy soil with good drainage is ideal. The pH of 7.2 is well within its preferred range.
    *   **Environment:** It is a warm-season crop, tolerating temperatures around 29°C very well. While the Navarai season is relatively dry, groundnut responds well to irrigation, which is essential given the sandy soil's low water retention and the season's rainfall pattern.
    *   **Nutrients:** The available N, P, K levels are generally good, though sandy soil requires efficient nutrient management to prevent leaching. As a legume, it also contributes to soil nitrogen fixation.

*   **Pearl Millet (Bajra)**
    *   **Soil:** Pearl Millet is highly adaptable and one of the best crops for sandy soils. It can tolerate infertile conditions better than many other cereals. The good drainage of sandy soil is advantageous. pH 7.2 is suitable.
    *   **Environment:** It is a remarkably drought-tolerant crop and thrives in hot, dry conditions typical of the Navarai season. While it will benefit significantly from irrigation in sandy soil, its inherent resilience to water stress makes it a reliable choice. Temperatures around 29°C are ideal for its growth.
    *   **Nutrients:** It's an efficient user of available nutrients and can perform well with moderate fertility, making it a robust option for sandy soils where nutrient retention can be a challenge.

*   **Black Gram (Urad Dal)**
    *   **Soil:** Black Gram prefers sandy loam to loamy soils with good drainage. Your sandy soil, with proper organic matter management, can support good growth. The pH of 7.2 is acceptable.
    *   **Environment:** It is a short-duration pulse crop that performs well in warm conditions (29°C). It exhibits good drought tolerance once established, but supplemental irrigation during critical growth stages will be beneficial, especially in sandy soil during Navarai.
    *   **Nutrients:** As a legume, Black Gram fixes atmospheric nitrogen, which is advantageous as it reduces the need for external nitrogen fertilization and improves soil fertility for subsequent crops.

---

### 3. Expected Yield (with good management and irrigation)

*   **Groundnut:** 2.0 - 2.5 tonnes/hectare (of dried pods)
*   **Pearl Millet:** 2.5 - 3.5 tonnes/hectare (of grain)
*   **Black Gram:** 0.8 - 1.2 tonnes/hectare (of grain)

---

### 4. Best Planting Time

*   Given the ""Navarai (Jan – Mar)"" season for summer crops in Tamil Nadu, the best planting window for all three crops would be:
    *   **Early January to Mid-February**

This timing ensures the crops benefit from the remaining cooler period for establishment and then mature during the increasing heat, which they tolerate well, while allowing for harvesting before the onset of the hottest summer months or potential early monsoon showers that might affect drying."
28-02-2026 13:19,crop_recommendation,91,75,106,7.8,49,Loamy,26,52,1359,Samba (Aug – Jan) – TN Main Season,Tamil Nadu – Coastal Tamil Nadu,,,,"As an agricultural advisor, considering the provided soil and environmental conditions in Coastal Tamil Nadu during the Samba season (Aug – Jan), here are the top 3 crop recommendations:

---

### 1. Paddy (Rice)

*   **Suitability Score:** 9.5/10
*   **Why it suits these conditions:**
    *   **pH Tolerance:** Rice thrives in a wide pH range (6.0-7.5 optimally) but shows good tolerance to slightly alkaline soils up to pH 8.0-8.5, making pH 7.8 acceptable.
    *   **Moisture & Rainfall:** With 1359mm of rainfall and the high moisture content in the soil, rice is perfectly suited. It requires standing water for optimal growth, which the Samba season in Coastal Tamil Nadu, fueled by the Northeast Monsoon, provides abundantly.
    *   **Soil Type & Nutrients:** Loamy soil is ideal for rice cultivation, offering excellent water retention and nutrient availability. The given NPK levels (N=91, P=75, K=106 kg/ha) are good and will support robust rice growth.
    *   **Temperature & Season:** 26°C is an optimal temperature for tropical rice varieties, and the Samba season is the primary rice-growing period in Tamil Nadu.
*   **Expected Yield:** 5,000 - 7,000 kg/ha (5-7 tonnes/ha) of paddy for high-yielding varieties with good management.
*   **Best Planting Time:** August to September (transplanting from late August to early October) to align with the monsoon rains.

---

### 2. Sugarcane

*   **Suitability Score:** 8.0/10
*   **Why it suits these conditions:**
    *   **pH Tolerance:** Sugarcane is highly tolerant to alkaline soils, performing well in a pH range of 6.5-7.5 but capable of tolerating up to 8.5. pH 7.8 is well within its acceptable range.
    *   **Moisture & Rainfall:** Sugarcane is a water-intensive crop, requiring 1000-1500mm of annual rainfall or irrigation. The 1359mm rainfall during the Samba season is highly beneficial, provided good drainage is maintained to prevent waterlogging.
    *   **Soil Type & Nutrients:** Loamy soil is excellent for sugarcane, allowing for deep root penetration and ample nutrient supply. The existing good NPK levels will give the crop a strong start, though supplementary fertilization will be necessary due to its high nutrient demands.
    *   **Temperature & Season:** 26°C is optimal for the vegetative growth of sugarcane. Planting during the Samba season allows the crop to fully utilize the monsoon moisture for initial establishment.
    *   **Economic Viability:** Sugarcane is a major cash crop in Tamil Nadu, providing a strong economic option.
*   **Expected Yield:** 100 - 150 tonnes/ha of cane, with improved varieties and sound agricultural practices.
*   **Best Planting Time:** August - October (can be planted during the late Samba season or early special season in TN to take advantage of the monsoon).

---

### 3. Black Gram (Urad Dal)

*   **Suitability Score:** 7.5/10
*   **Why it suits these conditions:**
    *   **pH Tolerance:** Black gram exhibits good tolerance to slightly alkaline soils (optimal 6.5-7.5), with some varieties managing well up to pH 8.0. pH 7.8 is acceptable.
    *   **Moisture & Rainfall:** While sensitive to waterlogging, black gram requires moderate rainfall (600-900mm) and can be successfully cultivated as a rainfed crop in well-drained uplands or as an intercrop during the Samba season. The high rainfall (1359mm) necessitates excellent field drainage to prevent root rot.
    *   **Soil Type & Nutrients:** Loamy soil is excellent, providing good aeration and structure, which black gram needs. It benefits from existing nutrient levels and, as a legume, fixes atmospheric nitrogen, improving soil fertility for subsequent crops.
    *   **Temperature & Season:** 26°C is ideal for black gram growth and development. It is a common short-duration pulse crop in Tamil Nadu, often grown during the Samba season in suitable rainfed areas or as part of diverse cropping systems.
*   **Expected Yield:** 800 - 1,200 kg/ha, with improved varieties and proper management.
*   **Best Planting Time:** September - October, after the initial heavy monsoon showers have subsided, to allow for optimal germination and growth in well-drained conditions."
28-02-2026 13:20,crop_recommendation,107,95,106,7.8,58,Silt,13,63,2164,Kuruvai (Jun – Sep) – TN Early Kharif,Tamil Nadu – Nilgiris / High Altitude Zone,,,,"Here are the best crop recommendations for your conditions in the Nilgiris High Altitude Zone during the Kuruvai season:

The key factors influencing these recommendations are the cool temperature (13°C), very high rainfall (2164mm), and slightly alkaline soil (pH 7.8), all within a fertile silt soil type.

### 1. Top 3 Recommended Crops with Suitability Score

1.  **Potato (Solanum tuberosum)** - **Suitability Score: 9/10**
2.  **French Beans (Phaseolus vulgaris)** - **Suitability Score: 8.5/10**
3.  **Cabbage (Brassica oleracea var. capitata)** - **Suitability Score: 8.5/10**

### 2. Why Each Crop Suits These Conditions

*   **1. Potato (Solanum tuberosum)**
    *   **Temperature:** Potatoes are a cool-season crop and thrive in temperatures around 10-20°C. Your given temperature of 13°C is ideal for tuberization and overall growth.
    *   **Rainfall & Moisture:** The very high rainfall (2164mm) and good soil moisture (58%) are favorable for potato growth, provided there is adequate drainage to prevent waterlogging, which silt soil generally offers.
    *   **Soil Type & Fertility:** Silt soil is excellent for potato cultivation, providing good aeration, water retention, and ease of tuber expansion. The NPK levels are moderate to good, suitable for initial growth.
    *   **pH Tolerance:** While potatoes prefer slightly acidic to neutral soil (pH 5.0-6.5), some varieties can tolerate slightly higher pH up to 7.5-7.8. Given Nilgiris' reputation as a potato-growing region, suitable tolerant varieties are likely available.

*   **2. French Beans (Phaseolus vulgaris)**
    *   **Temperature:** French beans are well-suited to cool temperatures (10-27°C), making 13°C ideal for vigorous growth and pod development in the Nilgiris.
    *   **Rainfall & Moisture:** They require consistent moisture and can benefit from high rainfall, provided soil drainage is good. The 58% soil moisture and high rainfall are conducive.
    *   **Soil Type & Fertility:** Silt soil is ideal for French beans, offering good drainage and moisture retention. As a legume, it can fix atmospheric nitrogen, though existing NPK levels are beneficial.
    *   **pH Tolerance:** French beans prefer a pH range of 6.0-7.0 but can tolerate slightly alkaline conditions up to 7.8 with careful management and selection of tolerant varieties.

*   **3. Cabbage (Brassica oleracea var. capitata)**
    *   **Temperature:** Cabbage is a classic cool-season vegetable, requiring temperatures between 13-18°C for optimal head formation and quality. The 13°C in Nilgiris is perfect.
    *   **Rainfall & Moisture:** Cabbage requires consistent moisture, and the high rainfall will meet its water needs, ensuring lush growth and good head development. Good drainage in silt soil will prevent root rot.
    *   **Soil Type & Fertility:** Silt soil, rich in organic matter (implied by good NPK levels), is excellent for cabbage, supporting robust root systems and dense heads.
    *   **pH Tolerance:** While cabbage prefers slightly acidic to neutral soil (pH 6.0-7.0), it can tolerate moderately alkaline conditions up to pH 7.8, especially if adequate micronutrients (like boron) are available and organic matter is high.

### 3. Expected Yield

*   **Potato:** 18 - 25 tonnes per hectare (t/ha)
*   **French Beans:** 10 - 15 tonnes per hectare (t/ha) (pod yield)
*   **Cabbage:** 30 - 45 tonnes per hectare (t/ha)

*(Note: Yields can vary based on specific variety, management practices, pest/disease control, and environmental fluctuations.)*

### 4. Best Planting Time

*   **Potato:** Mid-June to Early July (for the Kuruvai season, targeting a harvest in September-October)
*   **French Beans:** Early June to Mid-July (to align with the monsoon and cool growing period)
*   **Cabbage:** Mid-June to Late July (to allow sufficient time for head formation before potential colder temperatures later in the year, leveraging the monsoon rains)"
28-02-2026 13:27,crop_recommendation,87,70,113,6.5,50,Saline,28,65,1000,Kuruvai (Jun – Sep) – TN Early Kharif,Tamil Nadu – Coastal Tamil Nadu,,,,"As an agricultural advisor, considering the saline soil and high rainfall during the Kuruvai season in Coastal Tamil Nadu, selecting salt-tolerant and water-resilient crops is crucial. Here are my top recommendations:

---

### 1. Salt-Tolerant Paddy (Rice)

*   **Suitability Score:** 9.5/10
*   **Why it suits these conditions:**
    *   **Salinity Tolerance:** Specific salt-tolerant paddy varieties (e.g., ADT 43, TRY 3, CO 51, CR 1009 Sub 1, CSR varieties from CSSRI) are well-suited for saline soils prevalent in coastal areas. These varieties are bred to withstand higher salt concentrations.
    *   **Water Requirements:** Rice is a water-intensive crop, perfectly aligning with the high rainfall (1000mm) during the Kuruvai season and 50% soil moisture. Water helps in partial leaching of salts from the root zone.
    *   **Environmental Fit:** The temperature (28°C) and humidity (65%) are ideal for rice cultivation in a tropical coastal environment.
    *   **Soil Fertility:** The NPK levels are adequate to support good rice growth with appropriate fertilizer management.
    *   **Regional Significance:** Rice is the staple food and a primary crop in Tamil Nadu, with established cultivation practices and market support.
*   **Expected Yield:** 4-6 tonnes/hectare (with proper management of salt-tolerant varieties).
*   **Best Planting Time:** Mid-June to early July (transplanting of 20-25-day-old seedlings).

---

### 2. Finger Millet (Ragi)

*   **Suitability Score:** 8/10
*   **Why it suits these conditions:**
    *   **Salinity Tolerance:** Finger millet is known for its hardiness and exhibits moderate tolerance to salinity, making it a viable option for saline soils where other crops might struggle.
    *   **Water Efficiency & Resilience:** While relatively drought-tolerant, it responds well to good moisture, and the 1000mm rainfall will support its growth. Its ability to withstand adverse conditions makes it a robust choice.
    *   **Season & Duration:** It's a short-duration crop (85-110 days for most varieties), fitting well within the Kuruvai season.
    *   **Environmental Fit:** Thrives in warm, humid tropical conditions typical of Coastal Tamil Nadu.
    *   **Nutritional Value:** Ragi is a highly nutritious millet, offering food security and dietary diversity.
*   **Expected Yield:** 2-3 tonnes/hectare (grain yield).
*   **Best Planting Time:** Mid-June to mid-July.

---

### 3. Sorghum (Jowar) - Forage or Specific Grain Varieties

*   **Suitability Score:** 7.5/10
*   **Why it suits these conditions:**
    *   **Salinity Tolerance:** Sorghum is moderately tolerant to salinity and can perform better than many other cereals in such conditions.
    *   **Water Management:** It's a resilient crop that can utilize the available moisture from 1000mm rainfall, while also having good resilience to temporary waterlogging.
    *   **Growth Conditions:** As a warm-season crop, 28°C and 65% humidity are conducive for its growth.
    *   **Versatility:** Can be grown for grain or as a valuable fodder crop, providing flexibility for the farmer. Short-duration grain varieties (90-120 days) or faster-growing forage varieties can fit the Kuruvai window.
    *   **Soil Fertility:** The existing NPK levels are adequate for sorghum cultivation.
*   **Expected Yield:**
    *   Grain: 2-4 tonnes/hectare
    *   Forage: 20-30 tonnes/hectare (green fodder)
*   **Best Planting Time:** Late June to July."
28-02-2026 13:27,crop_recommendation,87,91,101,6.9,52,Peaty,28,51,700,Samba (Aug – Jan) – TN Main Season,Tamil Nadu – Southern Dry Zone,,,,"As an agricultural advisor, considering the provided soil and environmental conditions in Tamil Nadu's Southern Dry Zone during the Samba season, here are my top crop recommendations:

**Conditions Summary:**
*   **Soil:** Very fertile (high NPK), near-neutral pH (6.9), excellent moisture retention (52%), peaty type (high organic matter).
*   **Environment:** Warm (28°C), moderate humidity (51%), decent rainfall (700mm) during the critical Northeast Monsoon period. Samba season (Aug-Jan) is the main growing season.

---

### 1. Paddy (Rice)

*   **Suitability Score:** 9.5/10
*   **Why it suits these conditions:**
    *   **Soil:** Peaty soil with high moisture content (52%) and excellent organic matter is exceptionally well-suited for rice cultivation, which thrives in saturated or waterlogged conditions. The high NPK levels and ideal pH (6.9) further support vigorous growth.
    *   **Environment:** Samba season (Aug – Jan) is the primary rice-growing season in Tamil Nadu, aligning perfectly with the Northeast Monsoon which brings the 700mm rainfall. The warm temperature (28°C) is ideal for tropical rice varieties.
    *   **Regional Adaptation:** Rice is the staple crop of Tamil Nadu and varieties are well-adapted to the state's monsoonal climate and soil types.
*   **Expected Yield:** With high-yielding varieties and good management, an expected yield of **5,000 – 6,500 kg/ha (5-6.5 tonnes/ha)** of paddy can be achieved.
*   **Best Planting Time:** Transplanting of 20-25 day old seedlings from **late August to early September**, coinciding with the onset of the Northeast Monsoon.

---

### 2. Maize

*   **Suitability Score:** 8.5/10
*   **Why it suits these conditions:**
    *   **Soil:** The fertile peaty soil with good nutrient levels (NPK) and near-neutral pH (6.9) can support strong maize growth, provided there is adequate drainage to prevent waterlogging. The inherent moisture retention of peaty soil can help sustain the crop during potential dry spells within the monsoon period.
    *   **Environment:** Warm temperatures (28°C) and moderate rainfall (700mm) during the Samba season are highly conducive for maize. It's a robust crop that can benefit significantly from the monsoon rains.
    *   **Regional Adaptation:** Maize is a rapidly growing and economically important cereal crop in Tamil Nadu, with varieties well-adapted to tropical conditions. It offers a good diversification option.
*   **Expected Yield:** With improved hybrid varieties and good management practices, an expected yield of **4,000 – 6,000 kg/ha (4-6 tonnes/ha)** of grain.
*   **Best Planting Time:** **Mid-August to September**, taking full advantage of the Northeast Monsoon's rainfall for establishment and growth.

---

### 3. Blackgram (Urad Dal)

*   **Suitability Score:** 8.0/10
*   **Why it suits these conditions:**
    *   **Soil:** While blackgram prefers well-drained loamy soils, the fertile peaty soil with high organic matter and good moisture retention can support it, provided measures are taken to prevent prolonged waterlogging. The good NPK levels and neutral pH (6.9) are highly beneficial.
    *   **Environment:** Blackgram is a short-duration pulse crop (70-80 days) that fits well into the Samba season. It is relatively drought-tolerant compared to other crops and can efficiently utilize the 700mm rainfall, making it suitable for the Southern Dry Zone. Warm temperatures are ideal for its growth.
    *   **Regional Adaptation:** Blackgram is a widely grown pulse in Tamil Nadu, often cultivated as a rainfed crop or intercrop. It also enriches the soil through nitrogen fixation, benefiting subsequent crops.
*   **Expected Yield:** An expected yield of **800 – 1,200 kg/ha**.
*   **Best Planting Time:** **September to early October**, allowing the crop to establish and mature with the latter part of the Northeast Monsoon rainfall."
28-02-2026 13:29,crop_recommendation,74,84,149,7.6,66,Sandy,24,54,1463,Kuruvai (Jun – Sep) – TN Early Kharif,Tamil Nadu – Coastal Tamil Nadu,,,,"As an agricultural advisor, based on the provided conditions for Coastal Tamil Nadu during the Kuruvai season, here are my top recommendations:

---

### **1. Top 3 Recommended Crops with Suitability Score:**

*   **Paddy (Rice):** 9.5/10
*   **Groundnut (Peanut):** 9/10
*   **Blackgram (Urad Dal):** 8.5/10

---

### **2. Why Each Crop Suits These Conditions:**

*   **Paddy (Rice):**
    *   **Environmental Fit:** The Kuruvai season (June – September) in Tamil Nadu is primarily dedicated to rice cultivation, especially with the onset of monsoon rains. The very high annual rainfall (1463mm) and current high soil moisture (66%) are ideal for paddy's water requirements, which thrives in flooded conditions. The moderate temperature (24°C) and humidity (54%) are highly favorable for its growth cycle.
    *   **Soil Fit:** While sandy soil typically has lower water retention, the abundant rainfall during Kuruvai will largely compensate, ensuring consistent water availability for puddling and maintaining flooded conditions. The soil pH (7.6) is slightly alkaline but generally within the acceptable range for most rice varieties. Existing NPK levels are a good base, though supplemental fertilization will be crucial for optimal yields.
    *   **Regional Significance:** Rice is the staple food and dominant crop in Tamil Nadu, and coastal regions are often major rice bowls.

*   **Groundnut (Peanut):**
    *   **Environmental Fit:** The high rainfall and moderate temperature (24°C) provide excellent conditions for groundnut growth. It requires consistent moisture but is highly sensitive to waterlogging.
    *   **Soil Fit:** Sandy soil is *perfect* for groundnut cultivation. It allows for easy penetration of the pegs (which develop into pods underground) and facilitates harvesting. The excellent drainage properties of sandy soil, coupled with high rainfall, prevent waterlogging while ensuring sufficient moisture retention for this crop. The pH (7.6) is well-tolerated by groundnuts.
    *   **Regional Significance:** Tamil Nadu is a major groundnut-producing state, with many varieties adapted to its climate. A short-duration variety can comfortably fit within the Kuruvai season.

*   **Blackgram (Urad Dal):**
    *   **Environmental Fit:** As a short-duration pulse crop, Blackgram fits well within the Kuruvai window. It benefits from good moisture availability provided by the high rainfall and moderate temperature (24°C) and humidity (54%).
    *   **Soil Fit:** Blackgram prefers well-drained sandy to sandy loam soils, making your sandy soil type very suitable. Like groundnut, it requires good moisture but cannot tolerate waterlogging, so the quick drainage of sandy soil is a significant advantage in a high-rainfall environment. The pH (7.6) is within its tolerance range.
    *   **Agronomic Benefits:** As a legume, Blackgram fixes atmospheric nitrogen, enriching the soil and making it an excellent crop for rotation, especially after or before rice, enhancing overall soil fertility.

---

### **3. Expected Yield:**

*   **Paddy (Rice):**
    *   **Expected Yield:** 4.5 – 6.0 tons per hectare (4500-6000 kg/ha) of grain, with good management and a suitable short-duration variety.

*   **Groundnut (Peanut):**
    *   **Expected Yield:** 2.0 – 3.0 tons per hectare (2000-3000 kg/ha) of dry pods, depending on the variety and cultivation practices.

*   **Blackgram (Urad Dal):**
    *   **Expected Yield:** 0.8 – 1.2 tons per hectare (800-1200 kg/ha) of dry grains.

---

### **4. Best Planting Time:**

*   **Paddy (Rice):**
    *   **Best Planting Time:** Mid-June to Early July (to align with the peak Kuruvai monsoon season and allow for harvesting before potential late monsoon disturbances).

*   **Groundnut (Peanut):**
    *   **Best Planting Time:** Late June to Mid-July (allowing it to utilize the monsoon rains effectively while ensuring sufficient dry period for harvesting).

*   **Blackgram (Urad Dal):**
    *   **Best Planting Time:** Early July to Late July (as a short-duration crop, it can be planted slightly later into the monsoon season).

---

**Additional Advice:**
*   For sandy soils, frequent but lighter applications of fertilizers may be more effective to minimize leaching, especially for nitrogen.
*   Consider using organic matter (compost, farmyard manure) to improve the water and nutrient retention capacity of the sandy soil over time.
*   Choose short-duration, high-yielding varieties specifically recommended for the Kuruvai season in Tamil Nadu to maximize yield within the given window."
28-02-2026 13:30,crop_recommendation,83,83,113,6.6,46,Silt,23,43,1116,Kuruvai (Jun – Sep) – TN Early Kharif,Tamil Nadu – Cauvery Delta,,,,"Here are the best crop recommendations for your conditions in the Cauvery Delta region of Tamil Nadu during the Kuruvai season:

---

### 1. Top 3 Recommended Crops with Suitability Score

*   **1. Paddy (Rice) - Short Duration Varieties**
    *   **Suitability Score:** 9.8/10
*   **2. Black Gram (Urad Dal)**
    *   **Suitability Score:** 8.0/10
*   **3. Green Gram (Moong Dal)**
    *   **Suitability Score:** 7.8/10

---

### 2. Why Each Crop Suits These Conditions

*   **1. Paddy (Rice) - Short Duration Varieties**
    *   **Region & Season:** The Cauvery Delta is the rice bowl of Tamil Nadu, and Kuruvai is the primary rice-growing season (early Kharif/monsoon) for short-duration varieties.
    *   **Soil:** Silt soil with good moisture retention is ideal for paddy. The pH of 6.6 is perfect. Moderate N, P, K levels are suitable, though supplementary fertilization will be needed.
    *   **Environment:** High rainfall (1116mm) is very beneficial for rainfed or supplementary irrigated rice cultivation. The temperature of 23°C is within the optimal range for rice growth.
    *   **Overall:** All conditions align perfectly for robust paddy cultivation.
*   **2. Black Gram (Urad Dal)**
    *   **Region & Season:** Black gram is a popular short-duration pulse crop in Tamil Nadu, often grown during the Kharif season, fitting the Kuruvai period. It's often grown in rotation with paddy to improve soil health.
    *   **Soil:** Silt soil with good drainage is suitable. The pH of 6.6 is favorable. Its ability to fix atmospheric nitrogen is a great benefit for the soil.
    *   **Environment:** The 23°C temperature is ideal. While Black Gram requires good drainage and can suffer from waterlogging, the silt soil's drainage capacity combined with the short-duration nature allows it to thrive if fields are adequately prepared to prevent standing water during heavy downpours.
    *   **Overall:** A strong choice for diversification and soil health, provided proper drainage management is in place for the high rainfall.
*   **3. Green Gram (Moong Dal)**
    *   **Region & Season:** Similar to Black Gram, Green Gram is another vital short-duration pulse crop for the Kharif/Kuruvai season in Tamil Nadu, valued for its quick growth cycle and soil-enriching properties.
    *   **Soil:** Silt soil with good drainage and a pH of 6.6 are conducive. It also contributes to soil nitrogen through symbiotic nitrogen fixation.
    *   **Environment:** The 23°C temperature is well-suited. Like Black Gram, Green Gram needs well-drained conditions. The high rainfall necessitates good field preparation (e.g., raised beds, proper furrowing) to prevent waterlogging, which can be detrimental to pulse crops.
    *   **Overall:** A good rotational crop or alternative to Black Gram, offering similar benefits and requiring similar management for high rainfall conditions.

---

### 3. Expected Yield

*   **1. Paddy (Rice) - Short Duration Varieties:**
    *   **Expected Yield:** 4.5 - 6.5 tonnes per hectare (of rough paddy) under good management and using improved varieties.
*   **2. Black Gram (Urad Dal):**
    *   **Expected Yield:** 0.8 - 1.2 tonnes per hectare.
*   **3. Green Gram (Moong Dal):**
    *   **Expected Yield:** 0.7 - 1.1 tonnes per hectare.

---

### 4. Best Planting Time

*   **1. Paddy (Rice) - Short Duration Varieties:**
    *   **Best Planting Time:** Mid-June to Mid-July (coinciding with the onset of the Kuruvai season and monsoon rains).
*   **2. Black Gram (Urad Dal):**
    *   **Best Planting Time:** Mid-June to Early July (following the early monsoon rains, ensuring good soil moisture for germination but avoiding excessive waterlogging during early growth).
*   **3. Green Gram (Moong Dal):**
    *   **Best Planting Time:** Mid-June to Early July (similar to Black Gram, timed with monsoon onset for moisture, but needing careful drainage planning)."
28-02-2026 13:31,crop_recommendation,77,74,156,7.6,44,Sandy,24,25,617,Kuruvai (Jun – Sep) – TN Early Kharif,Tamil Nadu – Nilgiris / High Altitude Zone,,,,"As an agricultural advisor, considering the unique conditions of the Nilgiris high-altitude zone during the Kuruvai season, here are the best crop recommendations:

### Environmental and Soil Conditions Summary:
*   **Soil:** Moderate-Good NPK (K high), slightly alkaline (pH 7.6), sandy type, good moisture retention (44%).
*   **Environment:** Mild temperature (24°C), low humidity (25%), moderate rainfall (617mm during Kuruvai season), High Altitude Zone of Tamil Nadu.

Given the slightly alkaline pH (7.6), which is on the higher side for many temperate vegetables, the recommendations prioritize crops known to have some tolerance to this range or are economically vital in the region, implying farmers have management strategies in place.

---

### 1. Top 3 Recommended Crops with Suitability Score:

*   **1. Potato (Solanum tuberosum)**
    *   **Suitability Score:** 8.5/10
*   **2. French Beans (Phaseolus vulgaris)**
    *   **Suitability Score:** 9.0/10
*   **3. Cabbage (Brassica oleracea var. capitata)**
    *   **Suitability Score:** 8.0/10

---

### 2. Why Each Crop Suits These Conditions:

*   **1. Potato**
    *   **Temperature (24°C):** The mild temperatures of the Nilgiris are ideal for potato tuberization and overall growth, leading to good yields and quality.
    *   **Soil Type (Sandy):** Sandy soil is excellent for potato tuber development, promoting smooth, well-shaped tubers and making harvesting easier. However, it requires consistent moisture management due to faster drainage.
    *   **Nutrient Levels:** The existing NPK levels are a good base, especially high Potassium (K=156 kg/ha), which is crucial for tuber development. Supplemental N and P will still be necessary.
    *   **Rainfall (617mm Kuruvai):** The monsoon rains during Kuruvai are generally sufficient for rainfed potato cultivation, but consistent moisture is critical for uniform growth and preventing secondary growth or cracking.
    *   **pH (7.6):** This is the main challenge. While potatoes ideally prefer slightly acidic to neutral soil (pH 5.5-7.0), certain tolerant varieties can perform reasonably well up to pH 7.5. In Nilgiris, potato is a key crop, suggesting farmers manage this challenge through variety selection and organic matter application to buffer pH.
    *   **Region:** A primary cash crop for the Nilgiris due to its suitability for the temperate climate.

*   **2. French Beans**
    *   **Temperature (24°C):** Excellent for the growth and prolific pod development of French beans.
    *   **Soil Type (Sandy):** French beans are quite adaptable to sandy soils, benefiting from good drainage which helps prevent root rot diseases.
    *   **Nutrient Levels:** Being a legume, it fixes atmospheric nitrogen, reducing external nitrogen input. The existing good P and K levels will support strong growth and pod formation.
    *   **Rainfall (617mm Kuruvai):** The monsoon rainfall provides adequate moisture for continuous flowering and pod production. Consistent moisture is key for tender, high-quality pods.
    *   **pH (7.6):** French beans generally tolerate a broader pH range (6.0-7.5) compared to some other vegetables. While 7.6 is at the upper limit, many varieties can perform well, especially with good organic matter content in the soil.
    *   **Region:** A highly valued and commonly cultivated vegetable in the Nilgiris.

*   **3. Cabbage**
    *   **Temperature (24°C):** These mild temperatures are very conducive for cabbage growth and the formation of compact, high-quality heads.
    *   **Soil Type (Sandy):** Cabbage can thrive in sandy loam to sandy soils, provided there is consistent moisture and nutrient availability. Good drainage helps prevent waterlogging related issues.
    *   **Nutrient Levels:** The existing nutrient levels are favorable for a leafy vegetable. Cabbage is a heavy feeder, so supplementary fertilization, particularly nitrogen, will be essential.
    *   **Rainfall (617mm Kuruvai):** The monsoon rains are crucial for the rapid growth and head formation of cabbage. Consistent water supply is vital to prevent bolting or poor head development.
    *   **pH (7.6):** Similar to potato, the ideal pH for cabbage is 6.0-7.5. However, some varieties show tolerance up to 7.5-7.6, especially in well-managed soils rich in organic matter. This makes it a feasible option given the high altitude context.
    *   **Region:** A significant and profitable vegetable crop grown extensively in the Nilgiris.

---

### 3. Expected Yield:

*   **Potato:** 20 - 30 tonnes per hectare (with good management and suitable variety selection for the pH).
*   **French Beans:** 8 - 15 tonnes per hectare (green pods, for bush varieties; pole varieties may yield higher).
*   **Cabbage:** 30 - 50 tonnes per hectare (depending on variety, density, and management practices).

---

### 4. Best Planting Time:

*   **Early June to Mid-July:** This window allows the crops to establish during the onset of the southwest monsoon (Kuruvai season), ensuring they receive sufficient rainfall during their critical growth stages. Planting in this period ensures optimal utilization of the rainy season and allows for harvest before potential changes in weather towards the end of September."
28-02-2026 13:37,crop_recommendation,88,85,128,7.2,54,Silt,21,44,1359,Kharif / SW Monsoon (Jun – Oct) – AP / Telangana / Karnataka,Andhra Pradesh – Godavari Delta,,,,"Based on the provided soil and environmental conditions, here are the top crop recommendations for your farm in the Godavari Delta region of Andhra Pradesh during the Kharif season:

---

### **1. Top 3 Recommended Crops**

1.  **Paddy (Rice)** - Suitability Score: 9.5/10
2.  **Maize (Corn)** - Suitability Score: 8.5/10
3.  **Black Gram (Urad Dal)** - Suitability Score: 7.5/10

---

### **2. Why Each Crop Suits These Conditions**

#### **1. Paddy (Rice)**
*   **Soil Suitability:**
    *   **N, P, K Levels:** The soil has good to high levels of N, P, and K, which are beneficial for rice, a nutrient-demanding crop.
    *   **pH=7.2:** Slightly alkaline pH is well-tolerated by rice, which thrives in a pH range of 6.0-7.5.
    *   **Moisture=54% & Silt Type:** Silt soil with high moisture retention is ideal for rice cultivation, which requires standing water for most of its growth cycle. The delta region is naturally suited for this.
*   **Environmental Suitability:**
    *   **Temp=21°C:** This temperature is favorable for rice growth and development.
    *   **Rainfall=1359mm & Kharif Season:** High rainfall during the Southwest Monsoon (Kharif season) ensures ample water supply, reducing irrigation dependency and making it a perfect fit for a rain-fed or supplementary irrigated rice system.
    *   **Godavari Delta Region:** This region is a prime rice bowl of Andhra Pradesh, with vast areas dedicated to paddy cultivation due to its fertile alluvial soils and water availability.

#### **2. Maize (Corn)**
*   **Soil Suitability:**
    *   **N, P, K Levels:** Maize is a high-yielding crop that responds well to good soil fertility, making the existing N, P, K levels very suitable.
    *   **pH=7.2:** Maize performs optimally in soils with a pH between 6.0 and 7.5, making the current pH ideal.
    *   **Moisture=54% & Silt Type:** Silt soil provides good drainage while retaining sufficient moisture, which maize prefers. High moisture content (54%) is excellent for maize, which has a significant water requirement, especially during critical growth stages.
*   **Environmental Suitability:**
    *   **Temp=21°C:** This temperature is conducive for maize growth, though it can tolerate warmer conditions.
    *   **Rainfall=1359mm & Kharif Season:** High rainfall during the monsoon supports rain-fed maize cultivation, reducing reliance on irrigation and providing essential moisture.
    *   **Godavari Delta Region:** Maize is a popular Kharif crop in AP and can be effectively rotated with paddy, benefiting from the fertile delta soils.

#### **3. Black Gram (Urad Dal)**
*   **Soil Suitability:**
    *   **N, P, K Levels:** While black gram, being a legume, fixes atmospheric nitrogen, it still benefits from adequate P and K for vigorous growth and pod formation.
    *   **pH=7.2:** Black gram thrives in a pH range of 6.5 to 7.5, making the soil pH of 7.2 perfectly suitable.
    *   **Moisture=54% & Silt Type:** Silt soil ensures good moisture retention but also allows for moderate drainage, which is crucial as black gram does not tolerate waterlogging. The 54% moisture suggests the soil is well-hydrated but, assuming good silt structure, should not be waterlogged, especially in a field setting.
*   **Environmental Suitability:**
    *   **Temp=21°C:** This temperature is suitable for the vegetative and reproductive phases of black gram.
    *   **Rainfall=1359mm & Kharif Season:** Black gram is a major Kharif pulse crop in the region. It benefits from monsoon rains but requires good drainage. The overall high rainfall ensures sufficient moisture for its growth.
    *   **Godavari Delta Region:** Black gram is commonly grown in Andhra Pradesh as a Kharif crop, often intercropped or rotated. It also helps in improving soil fertility by fixing nitrogen for subsequent crops.

---

### **3. Expected Yield**

*   **Paddy (Rice):**
    *   With optimal management, modern high-yielding varieties (HYV), and excellent conditions, an expected yield of **5.5 - 7.0 tonnes per hectare** (t/ha) of grain is achievable.
*   **Maize (Corn):**
    *   Utilizing high-yielding hybrid varieties and good agronomic practices, an expected yield of **7.0 - 9.0 tonnes per hectare** (t/ha) of grain is possible.
*   **Black Gram (Urad Dal):**
    *   With suitable varieties and proper management, an expected yield of **1.0 - 1.5 tonnes per hectare** (t/ha) of grain is reasonable.

---

### **4. Best Planting Time**

*   **Paddy (Rice):**
    *   **Nursery Sowing:** Mid-May to Mid-June
    *   **Transplanting:** Mid-June to Mid-July (after 20-25 days of nursery growth, coinciding with the onset of the Southwest Monsoon).
*   **Maize (Corn):**
    *   **Sowing:** Mid-June to Mid-July, coinciding with the establishment of the monsoon rains.
*   **Black Gram (Urad Dal):**
    *   **Sowing:** Late June to Early August, after the initial heavy monsoon showers have passed and soil moisture is ideal."
28-02-2026 13:38,crop_recommendation,104,95,102,6.9,56,Chalky,23,50,1761,Rabi / Winter (Nov – Feb) – AP / Telangana / Karnataka,Andhra Pradesh – Krishna Delta,,,,"As an agricultural advisor, based on the conditions provided for the Krishna Delta region of Andhra Pradesh during the Rabi season (Nov – Feb), here are my top crop recommendations:

***

### 1. Paddy (Rice)

*   **Suitability Score:** 9.5/10
*   **Why it suits these conditions:**
    *   **Region & Season:** The Krishna Delta is a major rice bowl, and Rabi (also known as ""Dalwa"" or ""Summer Rice"" season in AP) is a significant period for paddy cultivation, heavily reliant on assured canal irrigation. The high annual rainfall (1761mm) for the region implies abundant water availability for irrigation during the naturally drier Rabi months.
    *   **Soil:** The soil (N=104, P=95, K=102 kg/ha) is rich in nutrients, and a near-neutral pH of 6.9 is ideal for paddy growth. While chalky soil is generally well-drained, deltaic chalky soils often have sufficient clay content and are managed effectively for paddy, especially with consistent water supply.
    *   **Temperature:** A temperature of 23°C is very favorable for tillering, panicle initiation, and grain filling stages of Rabi paddy, contributing to good yields.
*   **Expected Yield:** 5.0 - 7.0 tonnes/ha (50-70 quintals/ha) for high-yielding varieties under good management practices.
*   **Best Planting Time:** Mid-November to Mid-December (for transplanting into main fields).

### 2. Maize

*   **Suitability Score:** 9.0/10
*   **Why it suits these conditions:**
    *   **Region & Season:** Rabi maize has become a highly successful and popular crop in irrigated areas of Andhra Pradesh, including the Krishna Delta, offering high returns.
    *   **Soil:** Maize thrives in fertile soils with high NPK levels, as indicated by the soil test. The near-neutral pH (6.9) is excellent. Chalky soil, being well-drained, is highly suitable for maize as it does not tolerate waterlogging.
    *   **Temperature:** The 23°C temperature is optimal for rapid growth and development of maize, leading to robust plant health and good cob formation.
    *   **Water:** Maize requires consistent, controlled irrigation, which is readily available in the Krishna Delta.
*   **Expected Yield:** 6.0 - 8.0 tonnes/ha (60-80 quintals/ha) for modern hybrid varieties under proper irrigation and nutrient management.
*   **Best Planting Time:** Late October to Mid-November.

### 3. Blackgram (Urad Dal)

*   **Suitability Score:** 8.8/10
*   **Why it suits these conditions:**
    *   **Region & Season:** Blackgram is a widely cultivated and economically important short-duration pulse crop in Andhra Pradesh during the Rabi season, often grown after paddy or as a sole crop.
    *   **Soil:** The fertile soil with good NPK levels and a near-neutral pH (6.9) is very conducive for blackgram. Chalky, well-drained soils are particularly ideal for pulses, preventing root rot from waterlogging. As a legume, it also enriches the soil by fixing atmospheric nitrogen, benefiting subsequent crops.
    *   **Temperature:** A mild temperature of 23°C is highly suitable for its vegetative growth, flowering, and pod development.
    *   **Water:** Blackgram requires moderate irrigation and is relatively less water-intensive compared to paddy or maize, making it an efficient choice for resource utilization in the delta.
*   **Expected Yield:** 1.2 - 1.8 tonnes/ha (12-18 quintals/ha) for improved, short-duration varieties.
*   **Best Planting Time:** Late October to Mid-November (after the harvest of the previous Kharif crop, or as a sole crop)."
28-02-2026 13:41,crop_recommendation,86,91,128,7.5,46,Chalky,17,55,1893,Summer / Zaid (Mar – May) – AP / Telangana / Karnataka,Andhra Pradesh – Coastal Andhra,,,,"Based on the detailed analysis of your soil and environmental conditions, here are the top three recommended crops:

---

### **1. Paddy (Rice)**

*   **Suitability Score:** 9/10
*   **Why it suits these conditions:**
    *   **High Rainfall & Moisture:** Rice is a semi-aquatic plant, making it perfectly suited to the extremely high rainfall (1893mm) and high soil moisture (46%). These conditions are ideal for meeting its significant water requirements.
    *   **Soil Nutrients:** The very high NPK levels (N=86, P=91, K=128 kg/ha) will support robust growth and high yields, as rice is a heavy feeder.
    *   **pH Tolerance:** Rice tolerates a wide range of pH, including neutral to slightly alkaline conditions (pH 7.5).
    *   **Chalky Soil:** While chalky soils are free-draining, the sheer volume of rainfall ensures adequate water availability for puddling or flood irrigation. The drainage also helps prevent extreme waterlogging in non-puddled areas, maintaining a healthy root environment.
    *   **Temperature (17°C):** While optimal for tropical rice is often higher (25-30°C), certain cool-tolerant indica varieties or those adapted for temperate/subtropical regions can grow effectively at 17°C. Careful selection of such a variety is crucial.
    *   **Region/Season:** Rice is a staple crop in Coastal Andhra Pradesh, and Zaid/Summer rice cultivation (often short-duration varieties) is common in the region, utilizing early monsoon rains.
*   **Expected Yield:** Given optimal nutrient levels, ample water, and selection of a suitable cool-tolerant variety, an expected yield could range from **4.5 - 6.0 tons/ha** (45-60 quintals/ha).
*   **Best Planting Time:** Early to Mid-March (for transplanting or direct seeding), aligning with the Zaid season (Mar-May) for harvesting by May/June.

### **2. Cowpea (Lobia)**

*   **Suitability Score:** 8/10
*   **Why it suits these conditions:**
    *   **Zaid Season & Short Duration:** Cowpea is an excellent short-duration pulse crop suitable for the Zaid season (Mar-May), fitting well between major cropping seasons.
    *   **Temperature (17°C):** Cowpea is adaptable and can grow well in temperatures ranging from 15°C to 35°C, making 17°C perfectly suitable for its growth.
    *   **Soil Nutrients & pH:** The high NPK levels will support healthy plant growth and pod formation. As a legume, it fixes atmospheric nitrogen, benefiting subsequent crops. It tolerates a wide range of soil types, including chalky soils, and is adaptable to pH 7.5.
    *   **Chalky Soil & Rainfall:** The chalky soil provides good drainage, which is crucial given the high rainfall (1893mm). While excessive continuous rainfall can be detrimental during flowering, cowpea is relatively hardy, and with good drainage, it can manage these conditions.
    *   **Region:** Cowpea is grown in Andhra Pradesh, often as a fodder, green manure, or pulse crop.
*   **Expected Yield:** With good management and the provided conditions, expected grain yield could be **1.5 - 2.5 tons/ha** (15-25 quintals/ha).
*   **Best Planting Time:** Early March to Early April (for a crop maturing by May/June).

### **3. Green Gram (Mung Bean)**

*   **Suitability Score:** 7.5/10
*   **Why it suits these conditions:**
    *   **Zaid Season & Short Duration:** Green Gram is a widely preferred short-duration pulse crop for the Zaid season in India, fitting well within the Mar-May window.
    *   **Temperature (17°C):** Green gram thrives in warm to moderately warm conditions. While slightly below its optimal range (20-30°C), 17°C is acceptable for its growth.
    *   **Soil Nutrients & pH:** High NPK levels will ensure good vegetative growth and pod development. As a legume, it contributes to soil fertility through nitrogen fixation. It tolerates a range of soils and pH up to 7.5.
    *   **Chalky Soil & Rainfall:** The chalky soil's good drainage is critical for green gram, as it is sensitive to waterlogging, especially during flowering. However, the extremely high rainfall (1893mm) poses a risk for flower drop and fungal diseases; careful water management and disease prevention will be important.
    *   **Region:** Green Gram is extensively cultivated in Andhra Pradesh during the Zaid season.
*   **Expected Yield:** Under these conditions and with good management, an expected yield could be **1.0 - 1.8 tons/ha** (10-18 quintals/ha).
*   **Best Planting Time:** Mid-March to Early April (for harvesting in May/June)."
28-02-2026 13:42,crop_recommendation,78,78,135,6.9,43,Sandy,23,41,1421,Summer / Zaid (Mar – May) – AP / Telangana / Karnataka,Andhra Pradesh – Rayalaseema,,,,"As an agricultural advisor, I've analyzed your specific conditions for cultivation in Andhra Pradesh (Rayalaseema region) during the Zaid season. The combination of sandy soil with good pH and nutrient levels, coupled with high rainfall and a moderate temperature, presents an excellent opportunity for certain crops.

Here are my top recommendations:

---

### 1. Groundnut (Peanut)

*   **Suitability Score:** 5/5
*   **Why it suits these conditions:**
    *   **Soil:** Groundnut thrives in well-drained, sandy loam soils, making your sandy soil type ideal. The pH of 6.9 is perfectly within its preferred range (6.0-7.5). Good NPK levels will support robust growth and pod development.
    *   **Environment:** It is a major Zaid/Summer crop in the Rayalaseema region of Andhra Pradesh, well-adapted to the local conditions. The temperature of 23°C is very favorable for its growth and development (optimal range is typically 25-30°C, but 23°C is excellent for vegetative growth and pod filling). High rainfall (1421mm) with sandy soil ensures consistent moisture availability without the risk of waterlogging, which groundnut is sensitive to.
*   **Expected Yield:** 1800-2500 kg/ha (pod yield)
*   **Best Planting Time:** Early March to Mid-April (within the specified Zaid season)

---

### 2. Green Gram (Moong Bean)

*   **Suitability Score:** 4.5/5
*   **Why it suits these conditions:**
    *   **Soil:** Green gram prefers well-drained loamy to sandy loam soils, making your sandy soil suitable. The pH of 6.9 is within its ideal range (6.0-7.5). As a legume, it benefits from the existing P and K, and fixes its own nitrogen, enriching the soil.
    *   **Environment:** It is a fast-growing, short-duration crop perfectly suited for the Zaid/Summer season in Andhra Pradesh. The temperature of 23°C is highly conducive for its growth (optimal range 25-35°C). The ample rainfall, combined with the quick drainage of sandy soil, provides ideal moisture conditions without waterlogging, which can be detrimental.
*   **Expected Yield:** 800-1200 kg/ha
*   **Best Planting Time:** Mid-March to Early April

---

### 3. Sunflower

*   **Suitability Score:** 4.5/5
*   **Why it suits these conditions:**
    *   **Soil:** Sunflower is quite adaptable and can tolerate sandy soils, although it prefers well-drained loamy soils. The pH of 6.9 is well within its preferred range (6.0-7.5). Sunflower has a high nutrient demand, which will be well-met by your good NPK levels, particularly the high K.
    *   **Environment:** The temperature of 23°C is absolutely perfect for sunflower growth, as its optimal range is 20-25°C. It can be successfully grown as a Zaid crop in Andhra Pradesh. The high rainfall (1421mm) is very beneficial for sunflower, as it requires a good amount of water, and the sandy soil ensures adequate drainage, preventing root issues.
*   **Expected Yield:** 1800-2500 kg/ha
*   **Best Planting Time:** Late February to Mid-March (allowing it to establish well within the Zaid window)

---"
28-02-2026 13:54,crop_recommendation,89,93,87,6.5,50,Sandy,28,65,1000,Summer / Zaid (Mar – May) – AP / Telangana / Karnataka,Telangana – Eastern Ghats Upland,,,,"Based on the conditions provided, here are the top crop recommendations for your farm in Telangana, Eastern Ghats Upland during the Zaid (Summer) season:

---

### **Agricultural Recommendation for Zaid (Mar – May) Season**

**Summary of Conditions:**
*   **Soil:** NPK good, pH ideal (6.5), Sandy type (fast draining, good aeration), Moisture (50% - currently good, but sandy soil dries quickly).
*   **Environment:** Warm (28°C), Moderate Humidity (65%), Good Annual Rainfall (1000mm), but Zaid season often needs irrigation.
*   **Region:** Telangana – Eastern Ghats Upland (warm-season crops, potential for good drainage).
*   **Season:** Zaid (Mar – May) – short duration, typically dry period before monsoons, irrigation is crucial.

---

### **1. Top 3 Recommended Crops**

1.  **Groundnut (Peanut)** - Suitability Score: 9.5/10
2.  **Moong (Green Gram)** - Suitability Score: 9.0/10
3.  **Sesame (Til)** - Suitability Score: 8.5/10

---

### **2. Why Each Crop Suits These Conditions**

**1. Groundnut (Peanut)**
*   **Soil Suitability:** Groundnut thrives exceptionally well in sandy soils with good drainage and aeration, which are crucial for peg penetration and pod development. The excellent NPK levels and ideal pH (6.5) are perfect for its growth. While sandy soil has lower water retention, current moisture is good, and with supplemental irrigation (essential for Zaid), it will flourish.
*   **Environmental Suitability:** The warm temperature (28°C) and moderate humidity (65%) are ideal for groundnut. It is a warm-season crop well-suited for the Zaid period in Telangana.
*   **Regional Fit:** Groundnut is a widely cultivated and economically important crop in Telangana, especially in regions with similar soil and climate profiles.

**2. Moong (Green Gram)**
*   **Soil Suitability:** Moong performs well in a variety of soils, including sandy loams, provided there is good drainage. The high NPK and ideal pH are very conducive. As a legume, it also enriches the soil by fixing atmospheric nitrogen, which is beneficial for subsequent crops.
*   **Environmental Suitability:** It is a short-duration, warm-season crop perfectly suited for the Zaid season. The temperatures are optimal for its growth and development. Its relatively lower water requirement compared to cereals makes it a good choice for Zaid, though irrigation is still critical.
*   **Regional Fit:** Moong is a popular pulse crop grown in Telangana during the Zaid season, known for its quick maturity and adaptability.

**3. Sesame (Til)**
*   **Soil Suitability:** Sesame is quite adaptable and can tolerate sandy soils, although it prefers well-drained sandy loams. The good soil fertility (NPK) and ideal pH will support vigorous growth. Its root system is relatively extensive, helping it cope with quicker drying sandy soils better than some other crops, but irrigation is still key.
*   **Environmental Suitability:** Sesame is a warm-season crop that thrives in temperatures around 25-30°C, making 28°C perfect. It is well-suited for the hot and often dry Zaid season, requiring specific moisture management.
*   **Regional Fit:** Sesame is grown in parts of Telangana as a summer or Zaid crop, valued for its oilseed production and relatively short duration.

---

### **3. Expected Yield**

1.  **Groundnut (Peanut):**
    *   **Expected Yield:** 1500 - 2000 kg/ha (dried pods), with good management and irrigation.
2.  **Moong (Green Gram):**
    *   **Expected Yield:** 800 - 1200 kg/ha, with proper care and timely irrigation.
3.  **Sesame (Til):**
    *   **Expected Yield:** 600 - 1000 kg/ha, depending on the variety and management practices.

---

### **4. Best Planting Time**

1.  **Groundnut (Peanut):**
    *   **Best Planting Time:** Mid-February to Mid-March. This allows the crop to establish before the peak summer heat and mature before the onset of heavy monsoon rains (if any late showers occur).
2.  **Moong (Green Gram):**
    *   **Best Planting Time:** Late February to Mid-March. Its short duration means it can be harvested by May, allowing timely preparation for the Kharif season.
3.  **Sesame (Til):**
    *   **Best Planting Time:** Mid-February to Mid-March. This timing allows it to utilize the Zaid season effectively for growth and maturity.

---

**Crucial Note for Zaid Season:**
*   **Irrigation is Paramount:** Despite the good current soil moisture (50%) and annual rainfall, the Zaid season (March-May) is inherently dry in this region. Consistent and timely irrigation will be the most critical factor for achieving the expected yields for all these recommended crops, especially in sandy soil which loses moisture quickly. Drip irrigation or sprinkler systems would be highly efficient given the sandy soil type.
*   **Nutrient Management:** While current NPK levels are good, sandy soils can leach nutrients. Regular monitoring and potentially supplemental fertilization (especially for N, P, K based on crop uptake) through fertigation (if using drip) or split applications will be beneficial."
28-02-2026 13:54,nutrient_advisory,80,83,95,6.8,,Sandy,,,,,,Soybean,,,"As your agricultural advisor, let's break down your soil data for soybean production.

---

### **1. Nutrient Analysis**

Here's an assessment of your soil's current nutrient status:

*   **Nitrogen (N): 80 kg/ha - Sufficient to Excess.**
    *   Soybeans are legumes and, with proper inoculation, can fix their own atmospheric nitrogen. While a small starter N is sometimes recommended for early vigor, 80 kg/ha is a significant amount already present in the soil. Excessive N can actually inhibit the nodulation process, reducing the soybean's ability to fix its own nitrogen, which is counterproductive.
*   **Phosphorus (P): 83 kg/ha - Excess.**
    *   This is an *exceptionally high* level of elemental Phosphorus. To put it in perspective, a typical high-yielding soybean crop might remove 15-25 kg P/ha from the soil. Your soil has vastly more phosphorus than a single crop needs. Applying more phosphorus would be unnecessary, a waste of money, and could potentially lead to nutrient imbalances or environmental concerns.
*   **Potassium (K): 95 kg/ha - High to Sufficient.**
    *   This is a good to high level of elemental Potassium. A high-yielding soybean crop typically removes 50-100 kg K/ha. Your current levels are on the higher end of what is needed, suggesting supplemental K might not be strictly necessary, but a small maintenance dose could be considered due to the sandy soil type (which can lose K more easily).
*   **pH: 6.8 - Optimal.**
    *   This pH is *perfectly ideal* for soybean growth, which thrives in a range of 6.0 to 7.0.
*   **Soil Type: Sandy.**
    *   Sandy soils have lower water holding capacity and nutrient retention. This means nutrients (especially mobile ones like nitrate and potassium) can leach more easily. While your current P and K levels are high, future management should consider this characteristic.

**Overall Conclusion:** Your soil is exceptionally rich in phosphorus, well-supplied with nitrogen, and has good levels of potassium. You are in an excellent position to significantly reduce or eliminate major fertilizer inputs for this soybean crop.

---

### **2. Fertilizer Recommendations**

Given your comprehensive soil analysis, the primary recommendation is to **minimize or eliminate** N and P fertilizers. A cautious, minimal approach to Potassium is recommended due to the sandy soil.

*   **Nitrogen (N): 0 kg N/ha**
    *   **Reasoning:** With 80 kg/ha already in the soil, and ensuring proper inoculation (see Organic Options), the soybeans should be able to meet their N needs through fixation without additional N. Adding more could hinder nodulation.
*   **Phosphorus (P2O5): 0 kg P2O5/ha**
    *   **Reasoning:** Your soil's elemental P content (83 kg/ha) is far beyond the needs of a soybean crop. Applying more would be wasteful and unnecessary.
*   **Potassium (K2O): 0 - 30 kg K2O/ha**
    *   **Reasoning:** Your current K levels (95 kg/ha elemental K) are good. However, sandy soils are prone to potassium leaching. A small maintenance dose, especially if aiming for very high yields or if your specific sandy soil has historically shown K instability, could be a wise ""insurance policy."" If you have consistently high yields and no K deficiency symptoms, you could even opt for 0 kg K2O/ha this year. Let's recommend a small maintenance dose to be safe.

**Specific Fertilizer Recommendation:**

1.  **Muriate of Potash (MOP - 0-0-60):**
    *   Apply **50 kg/ha of MOP**.
    *   This will supply approximately **30 kg K2O/ha**, which is a conservative maintenance dose given your high soil K and sandy soil type.
2.  **Micronutrients:**
    *   While not tested, sandy soils can be prone to micronutrient deficiencies (e.g., Manganese, Iron, Zinc, Boron). As a preventative measure, consider a **foliar application of a broad-spectrum micronutrient blend** (ensure it contains Manganese, which is crucial for soybeans) during early vegetative growth. Follow product label rates.

---

### **3. Application Schedule**

*   **Muriate of Potash (MOP):**
    *   **Pre-plant:** Broadcast and incorporate into the soil 0-14 days before planting. This allows the potassium to move into the root zone before plant demand is high.
    *   *Alternatively,* it can be applied at planting through a planter with a separate fertilizer attachment, ensuring it's banded away from the seed (e.g., 2x2 inch placement) to prevent any salt injury.
*   **Micronutrients (Foliar):**
    *   Apply during **early vegetative growth (V3-V5 growth stages)** or before flowering, if a deficiency is suspected or as a preventative measure. Follow specific product label instructions for timing and concentration.

---

### **4. Organic Options**

Given your high existing nutrient levels, the focus of organic amendments will be on enhancing soil health, biological activity, and ensuring efficient nutrient cycling.

*   **Rhizobium Inoculation:** This is **crucial** for soybean production. Always use a high-quality, fresh *Bradyrhizobium japonicum* inoculant just before planting. Ensure good seed-to-inoculant contact and plant soon after treatment, especially in warm, sunny conditions. This directly enables the soybean to fix its own nitrogen.
*   **Compost:** Apply 5-10 tonnes/ha of well-rotted compost. While not needed for major NPK, compost will significantly improve the sandy soil's structure, water holding capacity, and microbial diversity, which are vital for overall soil health and nutrient availability. It provides a slow release of minor nutrients.
*   **Cover Cropping:** After your soybean harvest, plant a diverse cover crop mix (e.g., cereal rye, oats, clover, vetch). This will protect your sandy soil from erosion, scavenge residual nutrients (preventing leaching), add organic matter, and suppress weeds. Leguminous cover crops can also contribute N for your next crop in the rotation.
*   **Bio-fertilizers:** Besides rhizobia, consider other beneficial microbial inoculants. For example, arbuscular mycorrhizal fungi (AMF) can enhance phosphorus uptake efficiency, even in high-P soils, by extending the root system's reach. Phosphorus-solubilizing bacteria (PSB) can help maintain P availability.

---

### **5. pH Correction**

*   **No pH Correction Needed!** Your soil pH of 6.8 is ideal for soybean growth. There is no need to add lime or any other pH-adjusting materials.

---

### **Practical Advice for Farmers:**

1.  **Embrace the Savings!** You have an excellent opportunity to save significantly on N and P fertilizer costs this season. Your soil has done the work for you.
2.  **Inoculation is Your Priority:** Since you're cutting back on synthetic N, ensuring robust nodulation through proper inoculation is your single most important fertilizer-related task.
3.  **Monitor Your Crop:** Despite good soil tests, always observe your plants. Look for any signs of nutrient deficiencies, especially for micronutrients in sandy soils. Early detection allows for timely foliar correction.
4.  **Long-Term Soil Health:** With high nutrient levels, shift your focus to long-term soil health. Practices like organic matter addition (compost, cover crops) are paramount for sandy soils to improve water retention, nutrient cycling, and resilience.
5.  **Regular Soil Testing:** Re-test your soil every 2-3 years. This will allow you to track the decline of your high P and K levels and adjust future recommendations accordingly.
6.  **Water Management:** Sandy soils dry out faster. Ensure adequate water management, especially during critical growth stages like flowering and pod fill.

By following these recommendations, you'll be growing a healthy soybean crop efficiently, economically, and sustainably!"
28-02-2026 13:58,nutrient_advisory,86,87,90,7.2,,Silt,,,,,,Groundnut,,,"Hello Farmer,

Thank you for providing your soil data. This information is crucial for making precise fertilizer recommendations to ensure a healthy and productive groundnut crop. Let's break down your soil's nutritional status and formulate a plan.

---

### 1. Nutrient Analysis

Based on your soil test results:

*   **Nitrogen (N): 86 kg/ha**
    *   **Analysis:** This level of Nitrogen is considered **Good to High**. Groundnut is a legume and has the ability to fix its own nitrogen from the atmosphere through root nodules, especially if properly inoculated. High external nitrogen application can actually inhibit this natural process and lead to excessive vegetative growth at the expense of pod development.
    *   **Conclusion:** No significant N deficiency. In fact, it's quite sufficient. We'll only need a minimal starter dose.

*   **Phosphorus (P): 87 kg/ha**
    *   **Analysis:** This level of Phosphorus is considered **Medium to High**. Groundnut is a heavy feeder of Phosphorus, which is vital for strong root development, nodulation, and flower and pod formation. While your soil has a decent amount, a supplementary dose is still beneficial to meet the crop's high demand.
    *   **Conclusion:** Sufficient, but supplementary application is recommended due to groundnut's high requirement.

*   **Potassium (K): 90 kg/ha**
    *   **Analysis:** This level of Potassium is considered **Low to Medium**. Potassium is essential for overall plant vigor, disease resistance, and crucially, for the filling of pods. With 90 kg/ha, your soil is borderline deficient for a crop like groundnut that has high K demands for good yield.
    *   **Conclusion:** **Deficient/Borderline Low.** Needs significant supplementation.

*   **pH: 7.2**
    *   **Analysis:** This pH is **Slightly Alkaline**. Groundnut prefers a slightly acidic to neutral soil (ideally pH 6.0-7.0). While 7.2 is manageable, nutrient availability, especially for some micronutrients like Iron (Fe), Manganese (Mn), Zinc (Zn), and Boron (B), can start to decrease at this level. Calcium availability is generally good at this pH.
    *   **Conclusion:** Slightly high. We'll monitor for micronutrient deficiencies, but it's not critically high for immediate drastic correction.

*   **Soil Type: Silt**
    *   **Analysis:** Silt soil is generally **Excellent** for groundnuts, offering good water retention, aeration, and workability, which helps in peg penetration and pod development.

---

### 2. Fertilizer Recommendations (per Hectare)

Based on your soil analysis and groundnut's specific needs, here's a practical recommendation:

**Target NPK for Groundnut (general guideline):** 10-20 kg N, 40-60 kg P2O5, 40-60 kg K2O per hectare, plus critical Calcium and Sulfur.

Given your soil:

1.  **Phosphorus (P) and Sulfur (S) & Calcium (Ca):**
    *   **Single Super Phosphate (SSP):** Apply **250-300 kg per hectare**.
        *   *Why:* SSP provides around 16% P2O5, which will give you 40-48 kg P2O5. Crucially, it also supplies about 11% Sulfur (S) and 21% Calcium (Ca). Both S and Ca are vital for groundnut: S for oil content and overall health, and Ca for pod filling (pods absorb Ca directly from the soil).
    *   *Nutrient contribution from SSP:* ~40-48 kg P2O5, ~27-33 kg S, ~52-63 kg Ca.

2.  **Potassium (K):**
    *   **Muriate of Potash (MoP) (Potassium Chloride):** Apply **100 kg per hectare**.
        *   *Why:* MoP contains 60% K2O. This will provide 60 kg K2O, significantly boosting your soil's deficient Potassium levels to support pod filling and plant health.

3.  **Nitrogen (N):**
    *   **Urea:** Apply **20-25 kg per hectare (optional/starter dose)**.
        *   *Why:* Although your soil N is good, a small starter dose of Nitrogen (approx. 9-11 kg N) can help the young plants establish themselves before their nitrogen-fixing nodules become fully active. Given your soil N is 86 kg/ha, you could even skip this if you are confident in your rhizobium inoculation.
        *   *Alternative:* If you were using DAP for P, it would also provide N. Since we are recommending SSP for its Ca and S, a small amount of Urea is a direct N source.

4.  **Calcium (Ca) for Pod Filling (CRITICAL):**
    *   **Gypsum (Calcium Sulfate):** Apply **250-500 kg per hectare**.
        *   *Why:* This is perhaps the most critical application for groundnut. Pods absorb Calcium *directly* from the soil around them; it is not efficiently translocated from leaves. Insufficient Calcium leads to 'pops' (empty pods) or poorly filled pods. Gypsum is an excellent source of readily available Calcium and also provides additional Sulfur.
        *   *Note:* The amount of Gypsum can vary based on local conditions and desired yield, but 250-500 kg/ha is a common recommendation.

5.  **Boron (B):**
    *   **Borax (Sodium Borate) or Solubor:** Apply **0.5-1 kg Borax per hectare** as a foliar spray or mixed with basal fertilizer.
        *   *Why:* Boron is crucial for pollen viability, pegging, and proper pod development. Deficiency can lead to malformed kernels or reduced yield.

---

### 3. Application Schedule

*   **At Planting/Sowing (Basal Application):**
    *   **SSP (250-300 kg/ha)**
    *   **MoP (100 kg/ha)**
    *   **Urea (20-25 kg/ha, if applying)**
    *   **Borax (0.5-1 kg/ha, if soil application):** Mix thoroughly with other basal fertilizers.
    *   **Application Method:** Broadcast these fertilizers evenly over the field and incorporate them into the soil before or at the time of sowing. Ensure they are not placed directly in contact with the seeds to avoid damage.

*   **At Pegging/Early Flowering Stage (approx. 30-45 Days After Sowing):**
    *   **Gypsum (250-500 kg/ha):**
        *   **Application Method:** This is a crucial top-dressing. Broadcast the Gypsum uniformly over the entire field. It needs to be in the rooting zone where pegs will penetrate the soil. Light irrigation after application can help move it into the soil.

*   **At Flowering/Pod Development Stage (Foliar Application):**
    *   **Boron (if not applied basally):**
        *   **Application Method:** Prepare a solution of 0.2% Borax (2 grams per liter of water) or a commercial foliar boron product. Spray the plants thoroughly during early flowering and again 10-15 days later if needed.

---

### 4. Organic Options (Natural Alternatives)

For a more sustainable approach and to improve soil health over time, consider these organic options:

*   **Farmyard Manure (FYM) or Compost:** Apply 10-15 tonnes per hectare well in advance of planting (e.g., a month before) and incorporate into the soil. This provides a slow-release source of N, P, K, micronutrients, and improves soil structure and water holding capacity.
*   **Bone Meal:** A good source of Phosphorus and Calcium. Can be applied at planting (e.g., 200-300 kg/ha) but is slow-acting.
*   **Wood Ash:** Contains Potassium, Calcium, and some Phosphorus. Be cautious with application rates as it can significantly raise pH if used excessively. Apply modest amounts (e.g., 1-2 tonnes/ha) and incorporate.
*   **Neem Cake:** Provides N, P, K and acts as a natural pest deterrent. Apply 200-300 kg/ha at planting.
*   **Vermicompost:** Rich in readily available N, P, K, and micronutrients. Apply 3-5 tonnes per hectare at planting.
*   **Rhizobium Inoculation:** This is **essential** for groundnuts. Treat your groundnut seeds with an appropriate Rhizobium culture before sowing. This ensures efficient nitrogen fixation, reducing the plant's reliance on external N fertilizers.
*   **Bio-fertilizers:** Consider using Phosphorus Solubilizing Bacteria (PSB) and Potassium Solubilizing Bacteria (KSB) along with Rhizobium. These microbes help make existing soil P and K, as well as applied fertilizers, more available to the plants.

---

### 5. pH Correction

Your soil pH of 7.2 is slightly alkaline. While not critically high for groundnut, it's on the upper end of its preferred range.

*   **Immediate Action:** For this season, no drastic pH correction is needed. Focus on the nutrient recommendations above. Monitor your crop for any signs of micronutrient deficiencies (e.g., yellowing between veins for iron or manganese, stunted growth for zinc). If deficiencies appear, consider a foliar spray of a micronutrient blend.
*   **Long-term Strategy to Lower pH (for future seasons):**
    *   **Elemental Sulfur (S):** Applying elemental sulfur is the most effective way to gradually lower soil pH. For your pH of 7.2, you might consider applying 200-400 kg of elemental sulfur per hectare. However, this is a slow process and needs to be applied well in advance (e.g., 6-12 months before planting) and incorporated into the soil. **Do a small test patch first and consult local agricultural extension for precise rates, as excessive sulfur can harm the crop.**
    *   **Organic Matter:** Regular additions of well-decomposed Farmyard Manure or compost will help buffer soil pH and can gradually bring it down over several seasons while improving overall soil health.
    *   **Gypsum:** While its primary role is Ca and S supply, the sulfate in gypsum can have a minor, temporary acidifying effect, which is a bonus in your situation.

---

### Practical Advice for Farmers:

*   **Soil Testing is Key:** You've done great by getting a soil test. Continue this practice every 2-3 years to monitor soil health and adjust recommendations.
*   **Even Application:** Ensure fertilizers are spread uniformly across the field for consistent nutrient uptake by all plants.
*   **Incorporate Well:** For basal applications, mix the fertilizers thoroughly into the soil. This prevents nutrient loss and makes them accessible to plant roots.
*   **Rhizobium Inoculation:** Do not skip this! It's the most cost-effective way to meet your groundnut's nitrogen needs naturally.
*   **Water Management:** Groundnuts require consistent moisture, especially during flowering and pod development. Good irrigation practices complement fertilizer use.
*   **Observe Your Crop:** Regularly walk through your fields and observe your plants. Early signs of nutrient deficiencies (e.g., yellowing leaves, stunted growth) can guide further action (e.g., foliar sprays).
*   **Local Expertise:** While these are general recommendations, always consult with your local agricultural extension office or experienced groundnut farmers in your area. They can provide specific advice tailored to your micro-climate, groundnut variety, and prevailing conditions.

By following these recommendations, you can optimize your groundnut yield and improve your soil health for future crops. Good luck with your farming!"
28-02-2026 13:58,nutrient_advisory,78,78,83,7.2,,Chalky,,,,,,Mustard,,,"Hello! It's great you're proactive in managing your soil nutrients for mustard cultivation. Let's break down your soil data and provide practical recommendations.

---

### Agricultural Advisor's Recommendation for Mustard Cultivation

**Crop:** Mustard
**Soil Data:**
*   **Nitrogen (N):** 78 kg/ha
*   **Phosphorus (P):** 78 kg/ha
*   **Potassium (K):** 83 kg/ha
*   **pH:** 7.2
*   **Soil Type:** Chalky

---

#### 1. Nutrient Analysis - What is deficient or excess?

To properly assess, we compare your soil levels with typical nutrient requirements for a good mustard crop (e.g., targeting 2.5-3.0 tonnes/ha yield).

*   **Nitrogen (N): 78 kg/ha**
    *   *Mustard Needs:* Typically 80-120 kg N/ha for optimal yield, often split.
    *   *Analysis:* Your soil has a **borderline adequate to slightly low** level of nitrogen. While 78 kg/ha provides a good base, supplemental N will be necessary to meet the crop's full demand, especially during critical growth stages.

*   **Phosphorus (P): 78 kg/ha**
    *   *Mustard Needs (P2O5):* Typically 40-60 kg P2O5/ha (which is about 17.5-26 kg P/ha).
    *   *Analysis:* Your soil has a **very high** level of available phosphorus. This is significantly more than what mustard requires. Applying additional phosphorus would be unnecessary, wasteful, and could potentially lead to environmental issues.

*   **Potassium (K): 83 kg/ha**
    *   *Mustard Needs (K2O):* Typically 40-80 kg K2O/ha (which is about 33-66 kg K/ha).
    *   *Analysis:* Your soil has an **adequate to slightly high** level of potassium. No supplemental potassium is needed at this time for mustard.

*   **pH: 7.2**
    *   *Mustard Prefers:* Slightly acidic to neutral conditions (pH 6.0-7.0) for optimal nutrient uptake.
    *   *Analysis:* Your soil pH is **slightly alkaline**. While 7.2 is not critically high, it's on the upper end of the preferred range. This can affect the availability of certain micronutrients (especially iron, manganese, zinc, and boron), which tend to become less soluble at higher pH.

*   **Soil Type: Chalky**
    *   *Analysis:* Chalky soils are typically high in calcium carbonate, which buffers the soil and tends to keep the pH high (alkaline). They can sometimes be prone to micronutrient deficiencies (like Boron, Zinc) due to the high pH. **Sulfur** is also critically important for brassicas like mustard (for oil content, pungency, and protein synthesis), and its levels are not provided in your test. Given the soil type and crop, we should assume a potential sulfur deficiency.

---

#### 2. Fertilizer Recommendations - Which fertilizers and how much per hectare?

Given your soil test, our strategy will be to provide nitrogen and crucial sulfur, while avoiding phosphorus and potassium.

**Nutrient Targets:**
*   **Nitrogen (N):** Aim for a total of 100-110 kg N/ha (including soil N). So, we need to add approximately 22-32 kg N/ha.
*   **Phosphur (P):** **No additional P needed.**
*   **Potassium (K):** **No additional K needed.**
*   **Sulfur (S):** Crucial for mustard. Aim for 20-30 kg S/ha.
*   **Micronutrients:** Focus on Boron and Zinc, especially important in high pH soils.

**Fertilizer Recommendations:**

1.  **Basal Application (Pre-sowing or at Sowing):**
    *   **Ammonium Sulfate (21-0-0-24S):** This is an excellent choice as it provides both Nitrogen and Sulfur, both of which are needed. Ammonium Sulfate also has a slight acidifying effect, which is beneficial in your alkaline soil.
        *   **Amount:** Apply **100-120 kg Ammonium Sulfate per hectare.**
        *   *Nutrients Supplied:* This will provide approximately 21-25 kg N and 24-29 kg S. This takes care of your sulfur requirement and provides a good initial dose of nitrogen.

2.  **Top-Dressing (30-45 Days After Sowing - DAS):**
    *   **Urea (46-0-0):** For the remaining nitrogen requirement.
        *   **Amount:** Apply **70-80 kg Urea per hectare.**
        *   *Nutrients Supplied:* This will provide approximately 32-37 kg N.

3.  **Micronutrients (Foliar Application):**
    *   Given the high pH and the importance of micronutrients for mustard (especially Boron for flowering and seed set, and Zinc for overall growth), a foliar spray is highly recommended. Foliar application is more efficient in high pH soils where soil-applied micronutrients can get ""locked up.""
    *   **Boron:** Apply Borax (10.5% Boron) at 1.5-2 kg/ha dissolved in 200-250 litres of water, *OR* a liquid boron product as per manufacturer's instructions.
    *   **Zinc:** Apply Zinc Sulphate (21% Zn) at 3-5 kg/ha dissolved in water, *OR* Zinc chelate (e.g., Zn-EDTA) as per manufacturer's instructions.
    *   *Alternatively, use a commercially available multi-micronutrient blend containing Boron, Zinc, Manganese, and Iron.*

**Summary of Fertilizers (per hectare):**
*   **Ammonium Sulfate (21-0-0-24S):** 100-120 kg (Basal)
*   **Urea (46-0-0):** 70-80 kg (Top-dressing)
*   **Boron & Zinc:** As foliar sprays (see application schedule)

---

#### 3. Application Schedule - When to apply?

*   **Basal Application (Ammonium Sulfate):**
    *   Apply **just before or at the time of sowing**. Incorporate it into the soil during final land preparation. This ensures early nitrogen and crucial sulfur availability for seedling establishment.

*   **Top-Dressing (Urea):**
    *   Apply **30-45 days after sowing (DAS)**. This is typically at the rosette or early branching stage when the mustard crop's nitrogen demand peaks for vegetative growth and preparing for flowering. Apply evenly between rows and ideally, lightly irrigate afterwards if rainfall is not expected, to move the urea into the root zone and minimize volatilization losses.

*   **Foliar Micronutrient Application (Boron, Zinc, etc.):**
    *   Apply **at the branching stage or just before flowering initiation**. This is a critical time for boron to support flower development and seed set. A second application during early pod formation can also be beneficial if deficiency symptoms persist.

---

#### 4. Organic Options - Natural alternatives?

If you prefer organic farming or want to build soil health, here are some alternatives:

*   **Nitrogen (N):**
    *   **Farmyard Manure (FYM) / Compost:** Well-decomposed FYM (10-15 tonnes/ha) or good quality compost (5-7 tonnes/ha) applied before sowing can supply a significant portion of N, P, K, S, and micronutrients.
    *   **Oil Cakes (e.g., Neem cake, Groundnut cake):** These can be incorporated before sowing for slow-release nitrogen. Neem cake also offers pest repellent properties. (e.g., 200-300 kg/ha).
    *   **Vermicompost:** Rich in readily available nutrients. (3-5 tonnes/ha).

*   **Phosphorus (P):**
    *   Given your high soil P, you **do not need** to apply additional organic P sources like rock phosphate or bone meal. Focus on maintaining existing P levels through organic matter.

*   **Potassium (K):**
    *   You **do not need** additional K. FYM and compost will also provide some potassium.
    *   **Wood Ash:** (Use with caution due to high pH and potential heavy metals) can be a source of K, but given your high soil pH, it's not recommended here.

*   **Sulfur (S):**
    *   **Gypsum (Calcium Sulfate):** If allowed in your organic certification, gypsum is a good source of sulfur and calcium.
    *   **Well-composted manure:** Good quality compost provides some sulfur.
    *   **Elemental Sulfur:** Slow-release option, but takes time to become available.

*   **Micronutrients (Boron, Zinc):**
    *   **Seaweed Extracts:** Foliar sprays of seaweed extracts are rich in micronutrients and growth hormones, boosting plant health.
    *   **Compost Tea:** Can be used as a foliar spray to provide microbial activity and trace elements.
    *   **Chelated Organic Micronutrients:** Look for organically certified products.

**Important Organic Note:** To meet the N demand, a combination of sources (e.g., FYM + oil cakes + vermicompost) would be most effective. The nutrient content of organic materials varies widely, so regular soil testing and careful calculation are crucial.

---

#### 5. pH Correction - If needed, how to adjust?

Your soil pH is 7.2, which is slightly alkaline. Mustard prefers 6.0-7.0. While 7.2 is not severely high, it's at the edge for optimal nutrient availability, particularly for micronutrients.

*   **Recommendation for Chalky Soil:** Attempting to significantly lower the pH of chalky soil (high in calcium carbonate) is **extremely difficult, very expensive, and often temporary** due to the soil's strong buffering capacity. It's generally not practical or recommended for field crops.

*   **Instead of direct pH correction, focus on mitigation strategies:**
    1.  **Use Acid-Forming Fertilizers:** As recommended, Ammonium Sulfate contributes slightly to lowering pH in the root zone and provides N and S effectively.
    2.  **Increase Soil Organic Matter:** Regularly incorporating organic matter (compost, FYM, green manure) into your soil is the most sustainable way to buffer pH fluctuations, improve nutrient availability, and enhance overall soil health. Organic acids released during decomposition help solubilize nutrients.
    3.  **Foliar Micronutrient Application:** As advised, this is the most effective way to address potential micronutrient deficiencies (Boron, Zinc, Iron, Manganese) that arise due to high pH, as it bypasses the soil lock-up.
    4.  **Consider Humic/Fulvic Acids:** These can be applied with irrigation or as a seed treatment. They help chelate nutrients, making them more available to plants even at higher pH.

---

### Practical Advice for Farmers:

*   **Soil Testing is Key:** This report is based on *one* soil test. Consider retesting every 2-3 years, and perhaps even specifically for sulfur and micronutrients if you observe any deficiency symptoms in previous crops.
*   **Water Management:** Proper irrigation is crucial for nutrient uptake. Ensure uniform moisture, especially during flowering and seed development. Over-watering can leach nutrients; under-watering restricts uptake.
*   **Weed Control:** Weeds compete heavily with mustard for nutrients, especially nitrogen. Implement timely weed control measures.
*   **Crop Rotation:** Practice good crop rotation to break pest and disease cycles, improve soil structure, and optimize nutrient cycling.
*   **Observe Your Crop:** Regularly scout your fields for any signs of nutrient deficiencies (e.g., yellowing leaves for N, stunted growth, poor flowering for Boron). Visual symptoms can help fine-tune your approach.
*   **Local Extension Advice:** Always consult with your local agricultural extension office or experienced advisors. They can provide region-specific recommendations based on local conditions, specific mustard varieties, and current market practices.

By following these recommendations, you should be able to provide your mustard crop with the essential nutrients it needs for a healthy and productive yield, while being mindful of your specific soil conditions. Good luck with your mustard cultivation!"
28-02-2026 13:59,nutrient_advisory,84,75,87,7,,Clay,,,,,,Mustard,,,"Hello! Based on your soil data, we can develop a precise fertilizer strategy for your mustard crop. Mustard is an oilseed crop that has specific nutrient demands, especially for sulfur.

Here's a breakdown and recommendations:

---

### 1. Nutrient Analysis

Let's evaluate your soil nutrient levels in relation to what mustard typically needs for optimal growth and yield. For phosphorus and potassium, soil test results are often given in elemental form (P, K), but fertilizer recommendations usually use the oxide form (P2O5, K2O). Let's convert:
*   Phosphorus (P): 75 kg/ha P converts to approx. **172 kg/ha P2O5** (75 x 2.29)
*   Potassium (K): 87 kg/ha K converts to approx. **104 kg/ha K2O** (87 x 1.20)

**Typical Mustard Requirements (Approximate ranges for good yield):**
*   **Nitrogen (N):** 60-100 kg/ha
*   **Phosphorus (P2O5):** 30-60 kg/ha
*   **Potassium (K2O):** 30-50 kg/ha
*   **Sulfur (S):** 20-40 kg/ha (Crucial for oilseeds!)
*   **Micronutrients:** Boron (B) and Zinc (Zn) can be important.

**Your Soil Status:**

*   **Nitrogen (N): 84 kg/ha**
    *   **Assessment:** This is a good baseline. It's moderate to high, but mustard benefits from additional available N throughout its growth cycle, especially for vegetative growth and seed filling. We'll plan for some supplemental N.
*   **Phosphorus (P2O5): 172 kg/ha (from 75 kg/ha elemental P)**
    *   **Assessment:** **Excess.** Your soil has very high levels of phosphorus. Adding more phosphorus fertilizer would likely be wasteful and could even lead to nutrient imbalances (e.g., affecting zinc uptake).
*   **Potassium (K2O): 104 kg/ha (from 87 kg/ha elemental K)**
    *   **Assessment:** **Excess.** Similar to phosphorus, your soil has very high levels of potassium. You do not need to apply any potassium fertilizer for this mustard crop.
*   **pH: 7.0**
    *   **Assessment:** **Ideal.** This is a perfectly neutral pH, which is excellent for mustard and most agricultural crops. No adjustment is needed.
*   **Soil Type: Clay**
    *   **Assessment:** Clay soils generally have good nutrient retention capacity, which is a positive for your high P and K levels. However, they can be slow to warm up in spring and require careful management to avoid compaction and ensure good drainage.
*   **Sulfur (S):** Not provided in the soil test.
    *   **Assessment:** **Likely Deficient/Needs Attention.** Sulfur is critical for oilseed crops like mustard as it's directly involved in oil synthesis and protein formation. Even without a soil test, it's almost always recommended to apply sulfur for mustard.

---

### 2. Fertilizer Recommendations (Per Hectare)

Based on the analysis, our focus will be on providing Nitrogen and Sulfur, and potentially some key micronutrients, while completely omitting Phosphorus and Potassium.

**Target Nutrient Application:**
*   **Nitrogen (N):** 60-80 kg/ha (total, including soil contribution)
*   **Phosphorus (P2O5):** 0 kg/ha
*   **Potassium (K2O):** 0 kg/ha
*   **Sulfur (S):** 20-30 kg/ha
*   **Boron (B):** 0.5 - 1 kg/ha (important for flowering and seed set in oilseeds)
*   **Zinc (Zn):** 5-10 kg/ha (can improve yield and oil quality)

**Recommended Fertilizers:**

1.  **Urea (46% N):**
    *   To provide supplemental Nitrogen.
    *   **Quantity:** 130 kg/ha (will provide ~60 kg N/ha)

2.  **Ammonium Sulfate (21% N, 24% S):**
    *   This is an excellent choice as it provides both crucial N and S.
    *   **Quantity:** 100 kg/ha (will provide ~21 kg N/ha and ~24 kg S/ha)

3.  **Borax (11% B):**
    *   To provide Boron.
    *   **Quantity:** 10 kg/ha (for soil application, or 1 kg/ha if using foliar spray)

4.  **Zinc Sulfate (21% Zn):**
    *   To provide Zinc.
    *   **Quantity:** 5-10 kg/ha (for soil application, or 0.5 kg/ha if using foliar spray)

**Total Nutrient Supply with this plan:**
*   **N:** 60 kg (from Urea) + 21 kg (from Ammonium Sulfate) = **81 kg N/ha**
    *   *Combined with your soil's N, this should be sufficient for a good crop.*
*   **S:** **24 kg S/ha** (from Ammonium Sulfate)
    *   *This is within the optimal range for mustard.*
*   **P2O5 & K2O:** 0 kg/ha (as not needed)
*   **B & Zn:** Provided through Borax and Zinc Sulfate.

---

### 3. Application Schedule

Splitting the application of Nitrogen is crucial for mustard to ensure sustained growth and prevent early lodging.

*   **At Sowing (Basal Application):**
    *   **All of your Phosphorus and Potassium (but you don't need any this year!).**
    *   **All of your Sulfur:** Apply **100 kg Ammonium Sulfate per hectare**. Broadcast and incorporate into the soil before sowing or drill alongside the seed (ensure it's not too close to avoid seedling damage).
    *   **Half of your Nitrogen:** Apply **65 kg Urea per hectare**. Broadcast and incorporate.
    *   **All of your Micronutrients (if soil applied):** Apply **10 kg Borax** and **5-10 kg Zinc Sulfate per hectare**. Mix thoroughly with your basal N/S fertilizers or apply separately.

*   **Top-Dressing (25-30 Days After Sowing (DAS) or at Rosette Stage):**
    *   **Remaining Half of Nitrogen:** Apply **65 kg Urea per hectare**. This should be done when the plants are well-established and showing good vegetative growth, before flowering initiation. Ensure soil has adequate moisture or irrigate after application.
    *   **Foliar Micronutrients (Optional, if not soil applied):** If you choose foliar application for Boron and Zinc, apply a foliar spray of **0.2% Borax solution** (200g Borax in 100 litres water) and **0.5% Zinc Sulfate solution** (500g Zinc Sulfate in 100 litres water) at the pre-flowering or early flowering stage. This can be more efficient for micronutrients in some cases.

---

### 4. Organic Options (Natural Alternatives)

If you prefer organic approaches, you can still manage your nutrient needs:

*   **Nitrogen (N):**
    *   **Farmyard Manure (FYM) or Compost:** Apply 10-15 tonnes per hectare well in advance of sowing (at least 2-3 weeks). Ensure it's well-decomposed to avoid nutrient lock-up. This will release N slowly.
    *   **Green Manuring:** Growing a legume cover crop (e.g., sunn hemp, dhaincha) and incorporating it into the soil before planting mustard can add significant nitrogen.
    *   **Oil Cakes:** Neem cake, groundnut cake, or castor cake can be applied as a slow-release nitrogen source.

*   **Sulfur (S):**
    *   **Gypsum (Calcium Sulfate):** A good source of sulfur and calcium. Apply 200-300 kg/ha.
    *   **Elemental Sulfur:** Apply 50-100 kg/ha. It's slower-acting than gypsum, so apply it well before planting.
    *   **Well-decomposed FYM/Compost:** Also contributes some sulfur.

*   **Micronutrients (Boron & Zinc):**
    *   **Well-rotted FYM/Compost:** Good quality organic matter contains a range of micronutrients.
    *   **Seaweed Extracts:** Can be used as a foliar spray to provide a broad spectrum of micronutrients and growth stimulants.
    *   **Boric Acid/Borax (for B):** Organic-approved forms can be used as per recommendations.
    *   **Zinc Oxide/Zinc Sulphate (for Zn):** Check for organic certification.

**Note:** Achieving precise nutrient levels purely with organic sources can be challenging, especially for higher yields, and requires careful management of decomposition rates and nutrient release. Your current high P and K levels mean you won't need to specifically source organic options for these.

---

### 5. pH Correction

*   **Your soil pH is 7.0, which is perfectly neutral and ideal for mustard.**
*   **No pH correction is needed at this time.** Continue to monitor your pH with future soil tests, but you are in a very good position.

---

### Practical Advice for Farmers:

1.  **Soil Health:** With your clay soil, focus on improving soil structure. Incorporate organic matter (like your excess P and K levels, you could grow green manure to sequester some of it, though it might not be taken up due to high levels), avoid heavy machinery on wet soil to prevent compaction, and consider minimum tillage practices where feasible. Good drainage is key.
2.  **Water Management:** Mustard is sensitive to water stress, especially during flowering and pod development. Ensure adequate moisture, particularly around top-dressing and critical growth stages. Clay soils hold water well, but can be prone to waterlogging if drainage is poor.
3.  **Weed Control:** Effective weed control is vital as mustard is a poor competitor with weeds, especially in its early stages.
4.  **Variety Selection:** Choose a mustard variety that is well-suited to your local climate and has a good yield potential and disease resistance.
5.  **Pest and Disease Monitoring:** Regularly scout your fields for pests and diseases and take timely action if needed.
6.  **Regular Soil Testing:** While your current P and K are very high, it's good practice to re-test your soil every 2-3 years to track nutrient levels and adjust recommendations accordingly. This will help you maintain optimal fertility and prevent nutrient mining or accumulation.

By following these recommendations, you should be well-positioned for a healthy and productive mustard crop!"
28-02-2026 14:00,nutrient_advisory,88,80,84,7.2,,Sandy,,,,,,Chickpea (Gram),,,"Hello Farmer,

Based on your soil data, you have a very favorable situation for growing Chickpea! Let's break down the nutrient analysis and provide practical recommendations.

---

### Agricultural Advisor's Recommendation for Chickpea (Gram)

**Soil Data Summary:**
*   **Nitrogen (N):** 88 kg/ha
*   **Phosphorus (P):** 80 kg/ha
*   **Potassium (K):** 84 kg/ha
*   **pH:** 7.2
*   **Soil Type:** Sandy

---

### 1. Nutrient Analysis - What is deficient or excess?

*   **Nitrogen (N):** Your soil has a **sufficient to high** level of available nitrogen (88 kg/ha). Chickpea is a legume and has the remarkable ability to fix its own atmospheric nitrogen through a symbiotic relationship with Rhizobium bacteria in its root nodules. This means it requires very little external nitrogen once established.
*   **Phosphorus (P):** Your soil has an **excessively high** level of available phosphorus (80 kg/ha). This is significantly above the requirements for chickpeas. Adding more phosphorus fertilizer would be wasteful and potentially lead to nutrient imbalances (e.g., zinc deficiency due to P antagonism), though this is more common with extremely high *applied* P rather than naturally high soil P.
*   **Potassium (K):** Your soil has a **sufficient** level of available potassium (84 kg/ha). This is adequate for healthy chickpea growth and yield.
*   **pH (7.2):** This is **optimal** for chickpea. Chickpeas thrive in a slightly acidic to neutral pH range (typically 6.0-7.5). Your soil pH is perfectly within this ideal range.
*   **Soil Type (Sandy):** Sandy soils generally have lower water retention and nutrient holding capacity (CEC). However, with your current high nutrient levels, this is less of an immediate concern for nutrient availability, but good water management will still be critical.

**In summary: Your soil is very well-supplied with N, P, and K. This is excellent news for cost savings!**

---

### 2. Fertilizer Recommendations - Which fertilizers and how much per hectare?

**Based on your soil test, you require minimal to no conventional NPK fertilizer for your chickpea crop.**

*   **Nitrogen (N):**
    *   **Recommendation:** **0 - 10 kg N/ha**
    *   **Justification:** Your soil already has a high N level. A very small starter dose of N (0-10 kg N/ha) might be considered *only if* your soil organic matter is very low, or if you are unsure about the effectiveness of your Rhizobium inoculation. This small amount helps the seedlings establish before nodulation begins. Given your 88 kg/ha, even this small starter dose is likely *unnecessary*.
    *   **Practical Advice:** Focus on proper Rhizobium inoculation (see below).
*   **Phosphorus (P):**
    *   **Recommendation:** **0 kg P2O5/ha**
    *   **Justification:** Your soil P levels are excessively high (80 kg/ha). Adding more will not benefit the crop and will be a waste of resources.
*   **Potassium (K):**
    *   **Recommendation:** **0 kg K2O/ha**
    *   **Justification:** Your soil K levels are sufficient (84 kg/ha). No additional potassium is needed.
*   **Micronutrients:**
    *   **Recommendation:** Monitor crop closely.
    *   **Justification:** While your macronutrients are abundant, high phosphorus levels in the soil can sometimes (though less commonly than with high *applied* P) induce micronutrient deficiencies, particularly **Zinc (Zn)**.
    *   **Practical Advice:** Observe your plants for any signs of micronutrient deficiency (e.g., yellowing between veins on new leaves for zinc, stunted growth). If symptoms appear, a foliar spray of a chelated micronutrient mix (e.g., ZnSO4 at 0.5%) can be applied. A preventative general micronutrient foliar spray can also be considered if you have experienced such issues in the past.

**Main takeaway: Your biggest ""fertilizer"" for nitrogen will be effective Rhizobium inoculation.**

---

### 3. Application Schedule - When to apply?

Given the minimal fertilizer requirement:

*   **At Sowing (Pre-sowing or in seedbed):**
    *   If you opt for a very small starter N dose (e.g., 5-10 kg N/ha), apply it pre-sowing and incorporate it into the soil, or apply it as a band beside the seed row.
    *   **Crucially, apply Rhizobium inoculum to the seeds immediately before sowing.** This is your primary ""nitrogen fertilizer."" Ensure proper adherence to the manufacturer's instructions for inoculation.

---

### 4. Organic Options - Natural alternatives?

Even with high existing nutrient levels, organic matter is always beneficial, especially in sandy soils.

*   **Farmyard Manure (FYM) or Compost:** Apply 5-10 tonnes/ha of well-decomposed FYM or compost every 2-3 years, preferably before the monsoon season or at least 2-3 weeks before sowing. This will:
    *   Improve soil structure, enhancing water retention in your sandy soil.
    *   Increase cation exchange capacity (CEC), improving nutrient holding.
    *   Boost beneficial microbial activity.
    *   Provide a slow release of micronutrients.
*   **Rhizobium Inoculation:** This is your most vital ""organic"" nitrogen source for chickpeas. Use a high-quality, viable strain specific for chickpeas.
*   **Crop Residue Incorporation:** Incorporate previous crop residues into the soil. This slowly adds organic matter and nutrients.
*   **Green Manuring:** If you have time in your rotation, a green manure crop (e.g., sunnhemp, dhaincha) can significantly improve soil health, organic matter, and nutrient cycling, especially beneficial for sandy soils.
*   **Phosphate Solubilizing Bacteria (PSB) & Potassium Mobilizing Bacteria (KMB):** While your soil already has high P and K, applying PSB and KMB bio-fertilizers can help convert any unavailable forms of these nutrients into plant-available forms over time, enhancing nutrient use efficiency and contributing to overall soil health. Apply as seed treatment or soil application.

---

### 5. pH Correction - If needed, how to adjust?

*   **pH 7.2 is optimal for chickpeas.**
*   **No pH correction is needed at this time.**
*   **Practical Advice:** Continue to monitor your soil pH with regular testing (every 2-3 years). If you observe a trend towards higher alkalinity in the future (e.g., above 7.5), then you might consider applying elemental sulfur (which slowly acidifies the soil). However, for now, your pH is perfect.

---

### Practical Advice for Farmers:

1.  **Celebrate Cost Savings:** You are in an excellent position to save significantly on fertilizer costs for your chickpea crop this season due to your soil's natural fertility.
2.  **Focus on Inoculation:** Your number one priority for nitrogen supply in chickpeas is effective **Rhizobium inoculation**. Ensure you use a fresh, viable inoculant and follow application instructions carefully.
3.  **Monitor Crop Health:** Despite good soil test results, always observe your crop for any signs of nutrient deficiencies or other stresses. Visual inspection is crucial.
4.  **Water Management:** As you have sandy soil, efficient water management is key. Chickpeas are relatively drought-tolerant, but critical stages like flowering and pod development require adequate moisture.
5.  **Weed Control:** Effective weed control is vital as weeds compete heavily for resources, even in fertile soil.
6.  **Crop Rotation:** Practice good crop rotation to maintain soil health, manage pests and diseases, and build organic matter.
7.  **Regular Soil Testing:** Continue to test your soil every 2-3 years to monitor nutrient levels and pH. This will guide your long-term fertilizer management plan.

Wishing you a successful chickpea harvest!"
28-02-2026 14:01,expert_advice,,,,,,,,,,,,,Which crop is best suited for this summer season in my area?,"N=89, P=93, K=87, pH=6.5, Region=Telangana – Eastern Ghats Upland","Namaste, Kisan bhai!

It's great to see you're proactively checking your soil health before planning your summer crop. Your soil test results are quite encouraging, and we can definitely find a suitable and profitable crop for you.

Let's break down your soil report and find the best fit:

**Your Soil Report Summary:**

1.  **N-P-K (Nitrogen-Phosphorus-Potassium):**
    *   **N=89, P=93, K=87:** These are all very good levels! It means your soil is rich in the main nutrients. You won't need heavy initial fertilizer applications, which saves you money. Good NPK levels support strong plant growth and better yields.
2.  **pH=6.5:**
    *   This is **excellent!** A pH of 6.5 is considered ideal for most agricultural crops. At this pH, nutrients in the soil are most available to plants, ensuring they can absorb what they need efficiently.
3.  **Region: Telangana – Eastern Ghats Upland:**
    *   This tells us you'll experience hot summers. The ""Upland"" part might suggest better drainage, but heat and water availability will be key factors for summer crops.
4.  **Season: Summer:**
    *   This means we need crops that are heat-tolerant, relatively short-duration, and can either manage with limited pre-monsoon showers or thrive with irrigation.

---

### **Best Suited Crops for Your Summer Season:**

Considering your excellent soil fertility (good NPK, ideal pH) and the Telangana summer conditions, I recommend focusing on **short-duration pulses or oilseeds, and certain heat-tolerant vegetables, provided you have reliable irrigation.** These crops can give you a quick return before the main monsoon (Kharif) season.

Here are my top recommendations, with practical advice:

---

#### **1. Greengram (Moong Dal / Pesalu)**

*   **Why it's best:**
    *   **Short Duration:** Matures in 60-75 days, allowing for a quick harvest.
    *   **Heat Tolerant:** Well-suited for hot summer months.
    *   **Soil Improver:** Being a legume, it fixes atmospheric nitrogen, enriching your soil for the next crop. This means less fertilizer needed for your future Kharif crop!
    *   **Good Market Demand:** Moong dal always has good demand.
    *   **Low Input:** Doesn't require as much water or fertilizer as some other crops.
*   **Practical Advice:**
    *   **Variety Selection:** Choose short-duration, heat-tolerant varieties popular in Telangana like **WGG-42 (Warangal Moong), MDU-1, or LGG-460**.
    *   **Seed Treatment:** Always treat seeds with **Rhizobium culture** (for nitrogen fixation) and a fungicide (like Carbendazim or Thiram) to protect against early diseases.
    *   **Sowing:** Sow in rows with a spacing of about 30 cm between rows and 10 cm between plants.
    *   **Fertilizer:** Your soil is already rich. Apply a very light starter dose of DAP (around 15-20 kg per acre) if needed, otherwise, the residual nutrients might be enough.
    *   **Water Management:** Critical stages are flowering and pod filling. Give 2-3 light irrigations if there are no pre-monsoon showers. Avoid waterlogging.
    *   **Weed Control:** Keep fields weed-free, especially in the first 30 days.
    *   **Pest/Disease:** Watch out for Yellow Mosaic Virus (YMV), which can be managed by resistant varieties and controlling whiteflies.

---

#### **2. Sesame (Til / Nuvvulu)**

*   **Why it's best:**
    *   **Very Heat and Drought Tolerant:** One of the most resilient crops for dry, hot conditions.
    *   **Short Duration:** Matures in 70-90 days.
    *   **Good Cash Crop:** Sesame oil and seeds have high market value.
    *   **Less Water Intensive:** Requires less water compared to most other oilseeds.
*   **Practical Advice:**
    *   **Variety Selection:** Choose local improved varieties or those recommended for summer like **YLM-11 (Rajeshwari), TKG-21**.
    *   **Seed Treatment:** Treat seeds with a fungicide to prevent damping-off.
    *   **Sowing:** Use a seed rate of 2-3 kg/acre. Mix with sand or ash for even sowing. Maintain 30-45 cm row spacing and 10-15 cm plant spacing.
    *   **Fertilizer:** Again, your soil is fertile. A starter dose of about 10-15 kg DAP per acre should be sufficient.
    *   **Water Management:** Essential during flowering and seed filling stages. 2 irrigations are usually sufficient if no rains.
    *   **Pest/Disease:** Watch out for pod borer and leaf spot.

---

#### **3. Okra (Bhindi / Bendakaya)**

*   **Why it's best:**
    *   **High Market Demand:** Fresh okra is always in demand, especially in summer.
    *   **Heat Tolerant:** Thrives in warm to hot weather.
    *   **Continuous Harvesting:** Gives you regular income for a prolonged period (2-3 months).
    *   **Quick Returns:** Starts yielding pods in about 45-50 days.
*   **Practical Advice:**
    *   **Variety Selection:** Choose high-yielding, disease-resistant varieties like **Arka Anamika, Pusa A-4, Kashi Pragati.**
    *   **Seed Treatment:** Treat seeds with fungicide (Carbendazim) and insecticide (Imidacloprid) for better germination and pest protection.
    *   **Sowing:** Sow directly with a spacing of 45-60 cm between rows and 15-20 cm between plants.
    *   **Fertilizer:** Okra is a bit more nutrient-demanding due to continuous harvesting. While your soil is good, you might need light top-ups. Apply well-decomposed farmyard manure (FYM) or compost (2-3 tractor loads per acre) before planting. For chemical fertilizer, start with 25 kg Urea, 50 kg SSP (Single Super Phosphate), and 25 kg MOP (Muriate of Potash) per acre. **Your soil has high P and K, so you might reduce SSP and MOP by half.** Apply 25 kg Urea again 30-40 days after sowing.
    *   **Water Management:** Requires consistent moisture. Irrigate every 5-7 days depending on soil type and weather. Drip irrigation is ideal if available.
    *   **Pest/Disease:** Watch out for Yellow Vein Mosaic Virus (YVMV), which is spread by whiteflies. Control whiteflies, and choose resistant varieties. Also look for fruit borers.
    *   **Harvesting:** Begin harvesting tender pods every 2-3 days once they reach marketable size.

---

### **General Important Advice for Your Farm:**

1.  **Water Management is Key:** For any summer crop, reliable irrigation is crucial. Consider using water-efficient methods like drip irrigation if feasible, or ensure you plan for timely furrow irrigations.
2.  **Market Linkage:** Before planting, check the market prices and demand for your chosen crop in your local mandi (market).
3.  **Weed Control:** Weeds compete for valuable water and nutrients. Timely weeding (manual or chemical) is essential for good yields.
4.  **Organic Matter:** To maintain your excellent soil health, regularly add farmyard manure (FYM) or compost. This improves soil structure, water retention, and nutrient availability.
5.  **Crop Rotation:** After your summer crop, plan a different crop for the Kharif season to break pest and disease cycles and further improve soil health.
6.  **Local Agricultural Officer:** Always consult your local agricultural department or Krishi Vigyan Kendra (KVK). They can provide specific variety recommendations and pest/disease management strategies tailored to your exact locality and current weather patterns.

With your rich soil and careful management, you are well-positioned for a successful summer harvest! Good luck!"
28-02-2026 14:01,expert_advice,,,,,,,,,,,,,What high-yield crops can I grow with limited water supply?,"N=89, P=93, K=87, pH=6.5, Region=Telangana – Eastern Ghats Upland","नमस्कार मेरे किसान भाई! Given your soil test results (N=89, P=93, K=87, pH=6.5) and your location in the Telangana – Eastern Ghats Upland region, which often faces water scarcity, your land has a *good foundation*. The NPK levels are healthy, and the pH of 6.5 is ideal for most crops.

Your main challenge is the limited water supply. So, the key is to choose crops that are naturally drought-tolerant and to implement smart water-saving practices.

Here are some high-yield crops suitable for your conditions, along with practical advice to maximize your returns:

---

## **Recommended High-Yield, Water-Efficient Crops**

These crops are known for their resilience in areas with limited water and have good market demand in Telangana:

1.  **Millets (చిరుధాన్యాలు - Chirudanyalu):** These are your best friends in limited water conditions. They are highly nutritious, have growing market demand, and are specifically adapted to arid and semi-arid regions.
    *   **Sorghum (జొన్న - Jonna):** Excellent drought tolerance. Can give good fodder along with grain.
    *   **Pearl Millet (సజ్జలు - Sajjalu):** Very hardy and can withstand severe dry spells. Matures relatively quickly.
    *   **Finger Millet (రాగులు - Ragulu):** Also very resilient, especially good on marginal soils. Known for its nutritional value.

2.  **Pulses (పప్పు ధాన్యాలు - Pappu Dhanyalu):** Legumes are crucial for your land. They fix nitrogen in the soil, reducing your need for nitrogen fertilizer for subsequent crops.
    *   **Pigeonpea (కందులు - Kandulu / Arhar/Toor Dal):** This is an outstanding choice. It has a deep taproot system, making it very drought-tolerant once established. It's a long-duration crop but yields well even with limited water.
    *   **Mung Bean (పెసలు - Pesalu) & Urad Bean (మినుములు - Minumulu):** These are short-duration crops that can be grown as a monsoon crop or a post-monsoon crop using residual moisture. They are quick to mature and provide good income.
    *   **Chickpea (శనగలు - Shanagalu):** A very popular Rabi (winter) crop that thrives on residual moisture after the monsoon or with minimal irrigation.

3.  **Oilseeds (నూనెగింజలు - Nooneginjalu):**
    *   **Groundnut (వేరుశనగ - Verusenaga):** A very common and profitable crop in Telangana. It needs good drainage but can tolerate periods of dryness.
    *   **Castor (ఆముదము - Amudamu):** Highly drought-tolerant and can grow on marginal lands. It's a longer-duration crop but requires very little water once established.
    *   **Sunflower (పొద్దుతిరుగుడు - Poddutirugudu):** Some varieties show good drought tolerance. It's an excellent cash crop.

---

## **Practical Advice for Limited Water Farming**

To maximize yields with your limited water, focus on these strategies:

1.  **Choose Drought-Tolerant Varieties:** Always select certified seeds of varieties specifically bred for drought tolerance and early maturity. Your local Krishi Vigyan Kendra (KVK) or Agriculture Department can provide recommendations.

2.  **Smart Water Management is Key:**
    *   **Mulching (కప్పు - Kappu):** Cover the soil surface with crop residues (straw, dried leaves, stalks) or even plastic mulch. This drastically reduces water evaporation from the soil.
    *   **Ridge and Furrow Method:** Plant crops on ridges. Water collects in the furrows and slowly seeps to the roots, reducing evaporation and improving water use efficiency.
    *   **Timely Weeding:** Weeds compete directly with your crops for scarce water and nutrients. Keep your fields weed-free, especially during dry spells.
    *   **Early Morning/Late Evening Irrigation:** If you do have some water for irrigation, apply it during these cooler times to minimize evaporation.
    *   **Drip or Sprinkler Irrigation (బిందు సేద్యం / తుంపర సేద్యం - Bindu/Tumpara Sedyam):** If feasible, invest in these systems. They deliver water directly to the plant roots, saving a huge amount of water compared to flood irrigation. Government subsidies are often available.

3.  **Enhance Soil Water Retention:**
    *   **Add Organic Matter:** Regularly incorporate farmyard manure (FYM), compost, or green manure (growing and ploughing in specific crops) into your soil. Organic matter acts like a sponge, significantly improving the soil's capacity to hold water.
    *   **Deep Ploughing (లోతైన దుక్కి - Lothaina Dukki):** Before sowing, deep ploughing can help break up hardpans, allowing roots to penetrate deeper and access more moisture, and also improve water infiltration.

4.  **Nutrient Management (Your NPK is good!):**
    *   **Balanced Fertilization:** While your NPK levels are good, follow crop-specific recommendations. For limited water, plants need nutrients to cope with stress.
    *   **Potassium (K) Application:** Ensure adequate potassium application as it plays a crucial role in helping plants withstand drought stress. Your K level (87) is decent but a little lower than N and P, so focus on K for water stress.
    *   **Micronutrients:** Under stress, micronutrients like Zinc (Zn) and Boron (B) can become critical. A foliar spray of micronutrient mixture might be beneficial.

5.  **Intercropping / Mixed Cropping (అంతరపంటలు / మిశ్రమపంటలు - Antarapantalu / Mishra Pantalu):**
    *   Planting two or more crops together (e.g., Sorghum with Pigeonpea, or Pearl Millet with Mung Bean) can reduce risk. If one crop fails due to drought, the other might survive, ensuring some yield. Legumes also benefit companion crops by providing nitrogen.

6.  **Rainwater Harvesting (వర్షపు నీటి నిల్వ - Varshapu Neeti Nilva):**
    *   If possible, dig small farm ponds or trenches on your field to collect rainwater during the monsoon. This stored water can be used for critical irrigation during dry spells.

7.  **Consult Local Experts:**
    *   Always reach out to the scientists at your nearest **Krishi Vigyan Kendra (KVK)** or the **Agriculture Department officials** in your district. They have specific recommendations for your exact soil type, rainfall patterns, and the latest high-yielding, drought-tolerant varieties suited for the Telangana – Eastern Ghats Upland region.

By combining the right crop choices with smart farming practices, you can achieve good yields even with limited water. Good luck, and happy farming!"
28-02-2026 14:02,expert_advice,,,,,,,,,,,,,Which short-duration crop can give profit within 3 months?,"N=89, P=93, K=87, pH=6.5, Region=Telangana – Eastern Ghats Upland","Hello Farmer,

That's an excellent question, and with your soil report, we have a great starting point! Your soil pH of 6.5 is ideal, and the high Phosphorus (P=93) and good Nitrogen (N=89) and Potassium (K=87) levels mean your soil is quite fertile and ready for good production. This is a significant advantage. The Telangana – Eastern Ghats Upland region typically experiences good monsoon rains but can also face dry spells, so choosing a somewhat drought-tolerant or less water-intensive crop is wise.

Given your request for a short-duration crop (within 3 months) that can generate profit, here are my top recommendations, along with practical advice:

---

### Top Crop Recommendations for Profit within 3 Months:

1.  **Moong (Green Gram) / Urad (Black Gram) - Pulses:**
    *   **Why:** These are excellent choices. They mature in **60-75 days**, making them perfect for your 3-month window. They are well-suited to Telangana's climate, require moderate water, and are nitrogen-fixing, meaning they enrich your soil for the next crop – a great bonus! There's consistent market demand for pulses.
    *   **Profit Potential:** Good, especially as they are relatively low-input crops and often fetch good market prices.

2.  **Okra (Bhindi) - Vegetable:**
    *   **Why:** Okra starts yielding fruit within **45-60 days** and continues to produce for several weeks. This means you can start harvesting and selling well within your 3-month target. It has high market demand in Telangana and can be very profitable if managed well.
    *   **Profit Potential:** High, but requires more frequent harvesting and careful pest management.

3.  **Sesame (Til) - Oilseed:**
    *   **Why:** Sesame is a hardy crop, relatively drought-tolerant, and matures in about **75-90 days**. It's a good cash crop with consistent demand for oil extraction.
    *   **Profit Potential:** Good, generally less labor-intensive than vegetables, but market prices can fluctuate.

---

### Helpful Advice for Maximizing Profit:

1.  **Market Survey is King!**
    *   **Before Sowing:** Visit your local market (mandi) or nearby towns. Talk to traders and other farmers. Find out which of these crops is currently fetching the best prices, and what the demand looks like. Also, check for any upcoming festivals or events that might increase demand for specific vegetables. *This is perhaps the most crucial step for profit!*
    *   **Local Processing:** See if there are any small-scale processing units for pulses or oilseeds that might offer a slightly better price or provide contracts.

2.  **Choose the Right Variety:**
    *   **Short Duration & High Yield:** For Moong/Urad, look for varieties like WGG-42 (Warangal Green Gram 42), LGG-460 for Moong, or TBG-104 (Telangana Black Gram 104) for Urad, which are popular and perform well in the region.
    *   **Pest & Disease Resistance:** Ask your local agricultural extension officer (Krishi Vigyan Kendra - KVK) or reputable seed dealer for varieties that are resistant to common local pests and diseases.

3.  **Optimize Sowing Time:**
    *   **Monsoon/Rabi Transition:** For pulses, sowing right after the monsoon, using residual moisture, or early rabi season (Oct-Nov) if you have irrigation, can be very beneficial. For Okra, you can often grow it almost year-round with irrigation, avoiding peak monsoon (which can cause waterlogging) or extreme summer heat.
    *   **Follow KVK Recommendations:** They will have the most precise timing for your specific area within the Eastern Ghats Upland.

4.  **Nutrient Management (Your Soil is Great!):**
    *   **Less Nitrogen:** Since your soil N is already good, you might need less added nitrogen fertilizer for pulses (as they fix their own N). For Okra, you might need a bit more.
    *   **Phosphorus & Potassium:** Your P and K levels are also strong. Apply a balanced fertilizer like DAP or NPK based on soil test recommendations, but you may need slightly less than general recommendations given your excellent report. Always get specific advice from KVK or agronomist for exact quantities.
    *   **Micronutrients:** Consider a micronutrient mix if recommended locally, especially for vegetables.

5.  **Efficient Water Management:**
    *   **Critical Stages:** Even for short-duration crops, water is crucial during flowering and pod/fruit development.
    *   **Drip/Sprinkler:** If possible, consider drip irrigation for Okra, as it's highly efficient and saves water. For pulses/sesame, light sprinklers or furrow irrigation can be effective. Avoid over-watering, especially in uplands.

6.  **Pest and Disease Scouting:**
    *   **Regular Checks:** Walk through your field daily to spot any signs of pests or diseases early.
    *   **Integrated Pest Management (IPM):** Use a combination of methods – pest-resistant varieties, healthy soil, hand-picking larger pests, sticky traps, and only use chemical sprays as a last resort and with proper guidance. Early action saves your crop and your profit.

7.  **Timely Harvesting and Post-Harvest Care:**
    *   **Pulses/Sesame:** Harvest when most pods/capsules are mature to avoid shattering losses. Dry them properly to prevent spoilage.
    *   **Okra:** Harvest young, tender pods every 1-2 days. This encourages more production and gets you the best market price. Pack them carefully to avoid bruising.

8.  **Consider Intercropping/Rotation:**
    *   **Increase Income:** For pulses, you can intercrop with other compatible short-duration vegetables like leafy greens (spinach, amaranth) for extra income, or simply rotate these crops to maintain soil health and reduce pest buildup.

---

**Summary Action Plan for You:**

1.  **Visit Your Market:** Identify the highest demand and best-priced option among Moong/Urad, Okra, or Sesame.
2.  **Consult KVK/Agri Dept:** Get specific variety recommendations, optimal sowing dates for your location, and detailed fertilizer advice based on your excellent soil report.
3.  **Source Quality Seeds:** Invest in good, certified seeds of the chosen short-duration, high-yielding variety.
4.  **Prepare Field & Plant:** Implement good agricultural practices for chosen crop.
5.  **Manage & Monitor:** Pay close attention to water, pests, and diseases.
6.  **Harvest & Sell Smart:** Timely harvesting and direct sales where possible for best profit.

With your fertile soil and careful planning, you can definitely achieve a good profit within 3 months! Good luck!"
28-02-2026 14:03,expert_advice,,,,,,,,,,,,,"Is it better to grow maize or groundnut this season? Why?
","N=89, P=93, K=87, pH=6.5, Region=Telangana – Eastern Ghats Upland","Namaste Kisan Bhai,

Looking at your soil report and region, it's a great question that shows you're thinking smartly about your farm! Let's break it down:

**My Recommendation: You should strongly consider growing GROUNDNUT this season.**

Here's why, in simple terms:

1.  **Nitrogen (N) Levels (89 kg/acre - Medium):**
    *   **Groundnut:** This is a ""legume"" crop, meaning it has a special ability to *make its own nitrogen* from the air with the help of tiny bacteria in its roots. This is a huge advantage for you, as your soil's nitrogen is in the medium range. Groundnut won't need much extra nitrogen fertilizer, saving you money and matching your soil's natural capacity.
    *   **Maize:** Maize is a ""hungry"" crop when it comes to nitrogen. Your medium N levels would likely be insufficient for a good maize yield, meaning you'd have to spend a lot more on urea or other nitrogen fertilizers to get a decent crop.

2.  **Phosphorus (P) Levels (93 kg/acre - High):**
    *   **Both Groundnut and Maize:** Both crops love phosphorus, especially for strong root growth and fruit/grain development. Your high phosphorus level is excellent for either crop. Groundnut will particularly benefit for good pod formation.

3.  **Potassium (K) Levels (87 kg/acre - Medium):**
    *   **Both Groundnut and Maize:** Both crops need potassium. Your medium K levels are decent. You might need a small top-up for either crop later in the season, but it's not a major limiting factor right now.

4.  **Soil pH (6.5 - Slightly Acidic to Neutral):**
    *   **Groundnut:** This pH is almost perfect for groundnut. It thrives in slightly acidic to neutral soils.
    *   **Maize:** This pH is also very good for maize, though it often prefers slightly more neutral (6.0-7.0). So, no major issue for either here.

5.  **Region (Telangana – Eastern Ghats Upland):**
    *   **THIS IS THE MOST IMPORTANT FACTOR!** This region often relies heavily on rainfall and can experience dry spells.
    *   **Groundnut:** Is much more **drought-tolerant** than maize. While it needs water, especially during flowering and pod development, it can withstand periods of dry weather better. If rainfall is unpredictable, groundnut is a much safer bet.
    *   **Maize:** Is very sensitive to water stress, especially during its critical stages (tasseling, silking, and grain filling). A lack of water during these times can drastically reduce your yield, making it a very risky crop in a rainfed, upland area.

6.  **Soil Health:**
    *   **Groundnut:** As a legume, it actually improves your soil's health by adding nitrogen back into the soil, benefiting future crops.
    *   **Maize:** Is more exhaustive on soil nutrients and can leave the soil less fertile for the next season.

---

### Practical Advice for Growing Groundnut:

Since groundnut seems to be the better choice, here's how to maximize your chances of a successful harvest:

1.  **Choose the Right Variety:**
    *   Look for **short-duration** (90-105 days) and **drought-tolerant** varieties suitable for Telangana. Ask your local agricultural department or successful farmers for recommendations (e.g., K-6, TAG-24, Kadiri-6, Dharani).
2.  **Seed Treatment is a Must:**
    *   Treat your seeds with a fungicide (e.g., Carbendazim + Thiram) to protect against early diseases.
    *   Then, treat with a **Rhizobium culture** (bio-fertilizer) and **PSB (Phosphate Solubilizing Bacteria)**. This is crucial for N-fixation and making P available to the plant, especially since your P is high but needs to be accessible. You can buy these packets from agricultural stores.
3.  **Sowing Time and Method:**
    *   Sow when you receive sufficient and continuous rain (usually with the onset of the monsoon).
    *   Use a proper seed drill to maintain recommended spacing (e.g., 30 cm between rows, 10 cm between plants). This ensures good plant population and air circulation.
4.  **Gypsum Application:**
    *   This is CRITICAL for groundnut! Apply **Gypsum (Calcium Sulphate)** at the time of flowering and pegging (when the pods start to form, around 40-50 days after sowing) near the base of the plants. Gypsum provides Calcium and Sulphur, which are essential for strong pod formation and filling. Lack of gypsum often leads to empty or poorly filled pods. Aim for about 200-250 kg per acre.
5.  **Weed Management:**
    *   Groundnut is very sensitive to weeds, especially in the first 45-60 days. Timely weeding (manual or using herbicides) is essential for good yield. Consider a pre-emergent herbicide for initial weed control.
6.  **Pest and Disease Watch:**
    *   Keep an eye out for common groundnut pests (like leaf miner, aphid, white grub) and diseases (like tikka leaf spot, rust). Consult your local expert immediately if you notice any issues for timely control measures.
7.  **Water Conservation:**
    *   In an upland rainfed area, consider practices like **mulching** (covering the soil with straw or crop residues) to conserve soil moisture. Also, maintain small furrows or trenches between rows to capture and hold rainwater.

---

**In summary:** Given your soil's nitrogen levels and the unpredictable rainfall in Telangana's Eastern Ghats Upland, **Groundnut is the safer, more sustainable, and potentially more profitable choice for you this season.** It will utilize your soil's existing nutrients more efficiently and has a better chance of giving you a good yield even if the monsoon is a bit erratic.

Wishing you a prosperous season!"
28-02-2026 14:04,crop_recommendation,77,87,67,6.8,50,Sandy,23,59,1255,Virippu / SW Monsoon (Jun – Aug) – Kerala,Kerala – Palakkad Gap,,,,"As an agricultural advisor, considering the provided soil and environmental conditions for the Palakkad Gap region of Kerala during the Virippu / SW Monsoon season (Jun – Aug), here are my top recommendations:

---

### **1. Paddy (Rice)**
*   **Suitability Score:** 9.5/10
*   **Why it suits these conditions:**
    *   **Region & Season:** Palakkad is a significant rice-producing region in Kerala, and the Virippu season (SW Monsoon) is the primary rice-growing period, perfectly aligned with the heavy rainfall.
    *   **Rainfall:** The high annual rainfall (1255mm, indicative of heavy monsoon) is ideal for rainfed paddy cultivation, ensuring sufficient water for flooded fields or consistent moisture.
    *   **Temperature:** 23°C is an optimal temperature for rice growth and development.
    *   **Soil pH:** A pH of 6.8 is excellent, falling within the ideal range for rice cultivation.
    *   **Nutrients:** The NPK levels (N=77, P=87, K=67 kg/ha) are adequate for supporting good rice growth, though supplementary fertilization can further enhance yields.
    *   **Soil Type:** While clay loam is often preferred, sandy loam soils can be successfully managed for paddy, especially with abundant water availability and proper organic matter incorporation.
*   **Expected Yield:** With improved varieties and good management practices, 4.0 - 5.5 tonnes/ha (of paddy grain).
*   **Best Planting Time:** Transplanting during **June-July**, aligning with the peak of the Southwest Monsoon.

---

### **2. Ginger**
*   **Suitability Score:** 9.0/10
*   **Why it suits these conditions:**
    *   **Climate:** Ginger thrives in warm, humid tropical climates with ample, well-distributed rainfall. The temperature (23°C), humidity (59%), and heavy monsoon rainfall are ideal.
    *   **Rainfall:** Requires consistent moisture throughout its growth period, which the monsoon provides, but good drainage is crucial to prevent rhizome rot.
    *   **Soil Type:** Prefers well-drained, loose, sandy loam soils rich in organic matter. The sandy nature of your soil is beneficial for healthy rhizome development and ensures good drainage, preventing waterlogging in heavy rains.
    *   **pH & Nutrients:** A pH of 6.8 is ideal for ginger. The existing NPK levels are good for initial establishment and growth.
    *   **Region:** Kerala is a historically significant spice-growing region, and ginger is a high-value cash crop well-suited to the local conditions and market.
*   **Expected Yield:** 15-25 tonnes/ha (of fresh rhizomes) under good cultivation practices.
*   **Best Planting Time:** **April-May**, just before the onset of the Southwest Monsoon, to allow rhizomes to sprout and establish with the initial rains and then benefit from the heavy monsoon.

---

### **3. Tapioca (Cassava)**
*   **Suitability Score:** 8.5/10
*   **Why it suits these conditions:**
    *   **Hardiness & Adaptability:** Tapioca is renowned for its resilience and ability to grow in various conditions, including sandy and less fertile soils where other crops might struggle.
    *   **Rainfall:** It performs exceptionally well in regions with high, consistent rainfall, making the Kerala monsoon period highly suitable.
    *   **Temperature:** While optimal around 25-29°C, 23°C is well within its comfortable range, ensuring good tuberization.
    *   **Soil Type:** Tapioca requires well-drained soil, and your sandy soil type is excellent, preventing waterlogging which can cause tuber rot. Its roots can penetrate sandy soils effectively.
    *   **pH & Nutrients:** It tolerates a wide pH range, and the existing NPK levels are sufficient for reasonable yields, though improved fertility can significantly boost production.
    *   **Region:** Tapioca is a traditional and significant staple food crop in Kerala, deeply integrated into the local diet and farming systems.
*   **Expected Yield:** 25-40 tonnes/ha (of fresh tubers) for improved varieties with proper management.
*   **Best Planting Time:** **May-June**, coinciding with the initial onset of the Southwest Monsoon, allowing plants to establish vigorously with the abundant rainfall."
28-02-2026 14:05,crop_recommendation,89,81,80,7.1,45,Sandy,25,40,853,Mundakan / NE Monsoon (Sep – Nov) – Kerala,Kerala – Western Ghats (High Rainfall Zone),,,,"As an agricultural advisor, based on the conditions provided for your farm in the Western Ghats region of Kerala during the Mundakan (NE Monsoon) season, here are my top crop recommendations:

The primary considerations are the **sandy soil type** (which drains well but can lose nutrients) combined with **high rainfall** (853mm, requiring good drainage management), ideal **tropical temperatures** (25°C), and good existing **soil nutrient levels** and moisture.

---

### 1. Paddy (Rice) - ""Mundakan"" Crop

*   **Suitability Score:** 9/10
*   **Why it suits these conditions:**
    *   **Region & Season:** Mundakan is the traditional second rice crop season in Kerala, perfectly aligning with the Sep-Nov period and cultural practices.
    *   **Rainfall:** The high rainfall (853mm) during this period is ideal for rainfed paddy cultivation, ensuring sufficient water for flooding.
    *   **Temperature:** 25°C is optimal for rice growth and development.
    *   **Soil Moisture:** 45% moisture indicates good initial conditions, and the continuous rainfall will sustain it.
    *   **Nutrient & pH:** The good NPK levels and slightly alkaline pH (7.1) are well within the acceptable range for rice.
    *   **Sandy Soil Adaptation:** While sandy soils are not ideal for water retention in traditional flooded paddy, the very high rainfall during Mundakan can compensate. Proper puddling and bunding will be crucial to manage water effectively and prevent excessive leaching.
*   **Expected Yield:** 4.0 - 4.5 tonnes/hectare (of rough rice), with good management practices adapted for sandy soil.
*   **Best Planting Time:** Late September to early October.

---

### 2. Tapioca (Cassava)

*   **Suitability Score:** 8.5/10
*   **Why it suits these conditions:**
    *   **Soil Type:** Tapioca is remarkably well-suited to sandy and well-drained soils, which are often poor in nutrients. Your sandy soil type is excellent for its tuber development, preventing waterlogging and rot.
    *   **Rainfall:** It thrives in high rainfall areas, as long as drainage is adequate. The 853mm rainfall is beneficial for robust vegetative growth.
    *   **Temperature:** 25°C is an ideal tropical temperature for tapioca, supporting rapid growth and tuberization.
    *   **Nutrient & pH:** It's tolerant of a wide range of soil conditions, and your current good nutrient levels and pH 7.1 are very favorable.
    *   **Hardiness:** Tapioca is a very hardy and drought-tolerant crop (post-establishment), making it a reliable choice.
*   **Expected Yield:** 25 - 35 tonnes/hectare (of fresh tubers), depending on variety and management.
*   **Best Planting Time:** September to October (after the peak of the heavy monsoon, when the soil is moist but not waterlogged).

---

### 3. Ginger / Turmeric (Rhizome Crops)

*   **Suitability Score:** 8/10
*   **Why it suits these conditions:**
    *   **Soil Type:** Both ginger and turmeric require extremely well-drained soils to prevent rhizome rot. Your sandy soil is excellent for this, ensuring proper aeration and water percolation.
    *   **Rainfall:** High rainfall during the growing season is beneficial, but the critical factor is drainage. The sandy soil, combined with the region's hilly terrain (Western Ghats), provides the necessary drainage.
    *   **Temperature & Humidity:** 25°C and 40% humidity are very favorable tropical conditions for these spice crops. They also prefer partial shade, which can often be found or created in the Western Ghats.
    *   **Nutrient & pH:** They respond well to good nutrient levels (which you have) and tolerate a slightly acidic to neutral pH, so 7.1 is acceptable.
    *   **Market Value:** These are high-value cash crops with good demand.
*   **Expected Yield:**
    *   **Ginger:** 15 - 25 tonnes/hectare (fresh weight)
    *   **Turmeric:** 20 - 30 tonnes/hectare (fresh weight)
*   **Best Planting Time:** September to October (post-monsoon, allowing rhizomes to establish with residual moisture but reduced risk of waterlogging).

---

**Additional Advice:**

*   **Soil Management for Sandy Soils:** While the current nutrient levels are good, sandy soils are prone to nutrient leaching, especially with high rainfall. Incorporate organic matter (compost, well-rotted manure) regularly to improve water and nutrient retention.
*   **Erosion Control:** In the Western Ghats, high rainfall on sandy soils can lead to erosion. Implement contour farming, terracing, or intercropping with cover crops to mitigate this.
*   **Crop Rotation:** Consider rotating these crops to maintain soil health and prevent pest/disease buildup.
*   **Water Management:** Even with high rainfall, efficient drainage is key. Ensure proper channels and raised beds where necessary, especially for non-paddy crops."
28-02-2026 14:06,crop_recommendation,79,94,114,7.1,50,Silt,5,46,1144,Puncha / Winter Paddy (Dec – Feb) – Kerala,Kerala – Coastal Kerala,,,,"Dear Farmer,

It appears there might be a significant discrepancy in the provided environmental data, specifically regarding the temperature. A temperature of **5°C is highly unusual and extremely low for Coastal Kerala** during the Puncha / Winter Paddy season (December-February), where typical temperatures range from **22°C to 33°C**.

**If the 5°C temperature is accurate, it would make the cultivation of traditional tropical crops, including paddy and most vegetables suitable for Kerala, virtually impossible or severely limit growth.** Most crops adapted to Kerala's climate require significantly warmer temperatures to thrive.

**Assumption:** For the purpose of providing relevant and practical agricultural advice for the ""Puncha / Winter Paddy"" season in ""Coastal Kerala,"" I will **assume that the 5°C temperature is an error or typo**, and base my recommendations on the typical warm tropical temperatures (approx. 22-33°C) that prevail in Coastal Kerala during December-February. If the 5°C is indeed accurate, please be aware that these recommendations may not apply, and specialized cold-tolerant crops (not typical for Kerala) would be required.

---

Based on the soil conditions (N=79, P=94, K=114 kg/ha – good fertility; pH=7.1 – neutral/slightly alkaline; Moisture=50% – good; Silt type – excellent for cultivation) and assuming typical warm temperatures for Coastal Kerala during the Puncha season, here are the top three recommended crops:

### 1. Top 3 Recommended Crops

*   **1. Rice (Paddy)** - **Suitability Score: 5/5**
*   **2. Cowpea (Vigna unguiculata) - Bush/Pole Variety** - **Suitability Score: 4.5/5**
*   **3. Bitter Gourd (Momordica charantia)** - **Suitability Score: 4/5**

---

### 2. Why Each Crop Suits These Conditions

*   **1. Rice (Paddy)**
    *   **Season & Region:** This is the namesake crop for the ""Puncha / Winter Paddy"" season in Kerala, making it the most obvious and traditional choice.
    *   **Soil:** Silt soil is ideal for paddy cultivation, offering good water retention and nutrient availability. The pH of 7.1 is well within the tolerable range for rice. The good levels of N, P, and K indicate fertile soil, which will support robust growth.
    *   **Moisture & Rainfall:** While coastal Kerala receives high annual rainfall (1144mm), the Puncha season (Dec-Feb) is typically drier, requiring supplementary irrigation, which is a common practice for this crop in this season. The 50% soil moisture is excellent for land preparation and initial growth, and irrigation can maintain optimal conditions.
    *   **Temperature (Assumed):** Thrives in the warm tropical temperatures typical of Kerala.

*   **2. Cowpea (Vigna unguiculata) - Bush/Pole Variety**
    *   **Season & Region:** A fast-growing legume well-suited for the tropical climate of Kerala and can be grown effectively in the relatively drier Puncha season. It can be cultivated as a standalone crop, intercrop, or sequential crop after paddy.
    *   **Soil:** Cowpea performs very well in fertile silt soils with good drainage, such as yours. The pH of 7.1 is optimal for its growth. As a legume, it also enriches the soil with nitrogen, benefiting subsequent crops.
    *   **Moisture & Rainfall:** It benefits from the good soil moisture and can tolerate the reduced rainfall of the Puncha season, requiring less irrigation than paddy.
    *   **Market Demand:** Green pods are in high demand as a vegetable in Kerala.

*   **3. Bitter Gourd (Momordica charantia)**
    *   **Season & Region:** A popular tropical vegetable in Kerala that thrives in warm, humid conditions. The Puncha season offers relatively lower humidity and less intense rainfall compared to the monsoon, which can help reduce fungal disease pressure common in gourds.
    *   **Soil:** Bitter gourd prefers well-drained, fertile silt or loamy soils, making your conditions ideal. The neutral pH of 7.1 is very suitable.
    *   **Moisture & Rainfall:** Requires consistent moisture, which the 50% soil moisture and silt type can provide. Supplementary irrigation will be necessary during dry spells.
    *   **Market Demand:** High demand in local markets. Requires trellising for optimal growth and yield.

---

### 3. Expected Yield (Approximate, with good management)

*   **1. Rice (Paddy):** 3,000 – 5,000 kg/ha (for a high-yielding variety)
*   **2. Cowpea (Green Pods):** 5,000 – 8,000 kg/ha
*   **3. Bitter Gourd:** 10,000 – 15,000 kg/ha

---

### 4. Best Planting Time

*   **1. Rice (Paddy):** Mid-November to Mid-January (Transplanting or Direct Seeding, depending on variety and local practice for Puncha).
*   **2. Cowpea:** December to January.
*   **3. Bitter Gourd:** December to January.

---

**Additional Advice:**

*   **Irrigation:** Even though the region has high annual rainfall, the Dec-Feb period (Puncha season) typically has less direct rainfall. Regular irrigation will be crucial, especially for paddy and gourds, to maintain optimal soil moisture.
*   **Nutrient Management:** While your soil has good initial nutrient levels, consider soil testing before each cropping season and follow fertilizer recommendations specific to the chosen crop for sustained yields.
*   **Pest and Disease Management:** Implement integrated pest and disease management practices as appropriate for each crop to protect your yields."
28-02-2026 14:07,crop_recommendation,96,71,97,7.4,57,Chalky,15,61,1990,Mundakan / NE Monsoon (Sep – Nov) – Kerala,Kerala – Western Ghats (High Rainfall Zone),,,,"As an agricultural advisor, based on the provided conditions for Kerala's Western Ghats during the Mundakan (NE Monsoon) season, here are my top crop recommendations:

---

### 1. Paddy (Rice)

*   **Suitability Score:** 9/10

*   **Why it suits these conditions:**
    *   **Rainfall:** Paddy is a water-intensive crop and thrives in high rainfall environments. The 1990mm rainfall during the Mundakan season is perfectly suited for its cultivation.
    *   **Season & Region:** Mundakan is the traditional second rice crop season in Kerala, directly aligning with the recommended period and the high rainfall zone of the Western Ghats.
    *   **Soil:** The good NPK levels (N=96, P=71, K=97 kg/ha) are beneficial for rice growth. While chalky soil can be free-draining, the extremely high rainfall ensures continuous water availability, and traditional puddling techniques will help retain moisture.
    *   **pH:** Paddy generally tolerates a wide range of pH, including neutral to slightly alkaline (pH 7.4 is acceptable).
    *   **Temperature:** While optimal temperatures for tropical rice are slightly higher, many Mundakan varieties grown in Kerala's high-range or Kuttanad regions are adapted to tolerate the slightly cooler average temperature of 15°C during this period.

*   **Expected Yield:** With good management and suitable high-yielding Mundakan varieties, an expected yield is **3.5 - 4.5 tons/ha** (of paddy, not milled rice).

*   **Best Planting Time:** Transplanting in **September - October**, coinciding with the onset and peak of the Mundakan (NE Monsoon) rains.

---

### 2. Ginger

*   **Suitability Score:** 8.5/10

*   **Why it suits these conditions:**
    *   **Rainfall:** Ginger thrives in regions with high rainfall (1500-3000 mm), making 1990mm ideal. Crucially, it requires *excellent drainage* to prevent rhizome rot, which the chalky soil type (known for its good drainage properties) will largely provide.
    *   **Soil:** The good NPK levels are advantageous for the nutrient-demanding ginger crop. The well-aerated chalky soil is beneficial for healthy rhizome development. Supplementing with organic matter would further improve soil structure, nutrient retention, and buffer the pH.
    *   **pH:** Ginger prefers slightly acidic to neutral soil (pH 6.0-7.0). While pH 7.4 is slightly on the higher side, it is generally tolerated, especially with good organic matter management. Monitoring for micronutrient deficiencies (like iron) might be necessary.
    *   **Temperature:** While optimal growth occurs at 20-30°C, ginger can tolerate cooler periods. 15°C, especially in the Western Ghats highlands, is acceptable and might slow initial growth but won't prevent it.
    *   **Region & Season:** Ginger is a prominent spice crop grown in the high-rainfall areas of the Western Ghats. Planting during August-September allows it to benefit from the retreating Southwest monsoon and the subsequent Northeast monsoon.

*   **Expected Yield:** With good management and suitable varieties, an expected yield is **15 - 25 tons/ha** (of fresh rhizomes).

*   **Best Planting Time:** **August - September**, to utilize the remaining monsoon moisture for establishment and then benefit from the NE monsoon.

---

### 3. Turmeric

*   **Suitability Score:** 8/10

*   **Why it suits these conditions:**
    *   **Rainfall:** Similar to ginger, turmeric thrives in high rainfall areas (1000-2000 mm) but *requires well-drained soil* to prevent rhizome rot. The chalky soil type is a significant advantage for providing this necessary drainage.
    *   **Soil:** The healthy NPK levels support turmeric's growth. The good aeration of chalky soil is conducive to proper rhizome formation. Adding organic matter would greatly enhance soil fertility and water holding capacity.
    *   **pH:** Turmeric prefers a pH range of 6.0-7.5. A pH of 7.4 is at the upper end but still within its tolerant range. As with ginger, managing organic matter and observing for potential micronutrient deficiencies is advisable.
    *   **Temperature:** Like ginger, turmeric grows best in warmer temperatures (20-30°C). While 15°C is cooler, it is tolerable, and the crop will grow, albeit potentially at a slower rate during cooler phases.
    *   **Region & Season:** Turmeric is a common spice crop in the Western Ghats. While often planted earlier (May-June) during the Southwest monsoon, planting in August-September for the Mundakan season is also viable, benefiting from the abundant rainfall.

*   **Expected Yield:** With good management and improved varieties, an expected yield is **20 - 30 tons/ha** (of fresh rhizomes).

*   **Best Planting Time:** **August - September**, to capitalize on the retreating monsoon and the subsequent Northeast monsoon for vigorous growth."
28-02-2026 14:08,crop_recommendation,84,80,88,6.7,38,Sandy,26,35,714,Rabi / Winter (Nov – Feb) – AP / Telangana / Karnataka,Karnataka – Krishna–Tungabhadra Basin,,,,"As an agricultural advisor, considering your specific soil, environmental, and seasonal conditions in the Krishna-Tungabhadra Basin of Karnataka during the Rabi season (November - February), I recommend the following crops:

---

### 1. Top 3 Recommended Crops with Suitability Score

*   **1. Groundnut (Peanut)** - Suitability Score: **9.5/10**
*   **2. Sunflower** - Suitability Score: **9.0/10**
*   **3. Rabi Sorghum (Jowar)** - Suitability Score: **9.0/10**

---

### 2. Why Each Crop Suits These Conditions

**1. Groundnut (Peanut)**

*   **Soil Suitability:**
    *   **Type (Sandy):** Groundnut thrives in well-drained, loose sandy to sandy loam soils, which are ideal for peg penetration and pod development. Your sandy soil is perfectly suited.
    *   **pH (6.7):** The near-neutral pH is optimal for groundnut growth.
    *   **Moisture (38%):** While sandy soil drains quickly, the initial good moisture content, coupled with access to irrigation (common in the Krishna-Tungabhadra Basin), will support its moderate water needs.
    *   **Nutrients:** Being a legume, it fixes atmospheric nitrogen, reducing external N requirements. The existing P and K levels are conducive to good growth.
*   **Environmental Suitability:**
    *   **Temperature (26°C):** This temperature is within the ideal range (25-30°C) for groundnut cultivation, promoting good vegetative growth and pod formation.
    *   **Humidity (35%):** Low to moderate humidity is generally favorable, reducing fungal disease pressure.
    *   **Season & Region:** Groundnut is a major Rabi/summer crop in Karnataka, especially with irrigation, making it a reliable choice for your region and season.

**2. Sunflower**

*   **Soil Suitability:**
    *   **Type (Sandy):** Sunflower is adaptable and performs well in a wide range of soils, including sandy loams and well-drained sandy soils like yours.
    *   **pH (6.7):** The neutral pH is ideal for sunflower.
    *   **Moisture (38%):** Sunflower is moderately drought-tolerant, but irrigation significantly boosts yield. With initial moisture and likely irrigation access, it's well-suited.
    *   **Nutrients:** It responds well to balanced nutrition; your existing N, P, K levels provide a good base.
*   **Environmental Suitability:**
    *   **Temperature (26°C):** This is near the optimal temperature (20-28°C) for sunflower, promoting healthy growth and seed development.
    *   **Humidity (35%):** The low humidity is generally not an issue for sunflower.
    *   **Season & Region:** Sunflower is a widely cultivated oilseed crop in Karnataka during the Rabi season, fitting well into the cropping patterns of the region.

**3. Rabi Sorghum (Jowar)**

*   **Soil Suitability:**
    *   **Type (Sandy):** Sorghum is highly adaptable to various soil types, including light sandy soils, as long as they are well-drained.
    *   **pH (6.7):** The neutral pH is well within its preferred range.
    *   **Moisture (38%):** Sorghum is known for its excellent drought tolerance, making it a robust choice. With some initial soil moisture and potential irrigation, it will perform very well.
    *   **Nutrients:** It effectively utilizes available nutrients, and your existing N, P, K levels are a good foundation.
*   **Environmental Suitability:**
    *   **Temperature (26°C):** Sorghum is a warm-season crop, and 26°C is very suitable for its growth and development.
    *   **Humidity (35%):** Low humidity is generally favorable for sorghum and helps prevent some diseases.
    *   **Season & Region:** Rabi Sorghum is a staple crop extensively grown in Karnataka during the winter season, particularly in dryland areas or with supplementary irrigation.

---

### 3. Expected Yield (per hectare)

*   **Groundnut:**
    *   Expected Pod Yield: **20-30 quintals/ha** (with good management and irrigation)
*   **Sunflower:**
    *   Expected Seed Yield: **15-25 quintals/ha** (with good management and irrigation)
*   **Rabi Sorghum (Jowar):**
    *   Expected Grain Yield: **25-40 quintals/ha** (with good management and irrigation)

---

### 4. Best Planting Time

*   **Groundnut:**
    *   **Early to Mid-November** (to benefit from the residual moisture and available irrigation, ensuring pod development before intense heat)
*   **Sunflower:**
    *   **Late October to Mid-November** (allows the crop to establish during milder temperatures and mature before the hottest part of summer)
*   **Rabi Sorghum (Jowar):**
    *   **Late October to Mid-November** (ideal for maximizing the growth period during the favorable Rabi temperatures)"
28-02-2026 14:15,crop_recommendation,80,72,88,6.5,50,Sandy,28,65,1000,Navarai (Jan – Mar) – TN Summer Crop,Tamil Nadu – Cauvery Delta,,,,"As an agricultural advisor, based on the provided conditions for your farm in the Cauvery Delta, Tamil Nadu, during the Navarai (Jan – Mar) season, here are my top crop recommendations:

The soil conditions are generally good with adequate N, P, K, and a balanced pH of 6.5. However, the sandy soil type means quick drainage and lower water retention, which needs to be considered. The environment is hot and humid, typical for a TN summer crop, with good rainfall.

---

### 1. Top 3 Recommended Crops with Suitability Score

1.  **Groundnut (Peanut)** - Suitability Score: 9.5/10
2.  **Greengram (Moong Bean)** - Suitability Score: 9.0/10
3.  **Paddy (Short-duration varieties)** - Suitability Score: 8.5/10

---

### 2. Why Each Crop Suits These Conditions

*   **Groundnut (Peanut)**
    *   **Soil Suitability:** Groundnut thrives exceptionally well in sandy and sandy-loam soils due to its pegging habit and pod development. The good N, P, K levels and ideal pH of 6.5 are highly favorable.
    *   **Environmental Suitability:** The warm temperature (28°C) and moderate humidity (65%) are perfect for groundnut growth. It is a well-established summer crop in Tamil Nadu.
    *   **Rainfall/Moisture:** 1000mm rainfall is generally sufficient, but given the sandy soil's rapid drainage, supplemental irrigation during critical growth stages (flowering and pod formation) will be beneficial to maintain the 50% moisture level.
    *   **Season:** It's a short-duration crop (90-110 days for summer varieties), fitting perfectly into the Navarai season.

*   **Greengram (Moong Bean)**
    *   **Soil Suitability:** Greengram is highly adaptable and performs well on a wide range of soils, including sandy soils. It is less demanding than many other crops and its nitrogen-fixing ability will improve your soil's fertility. The existing N, P, K, and pH are very conducive.
    *   **Environmental Suitability:** It is a heat-loving crop, tolerating the 28°C temperature well. The moderate humidity and good rainfall support its growth during the Navarai season.
    *   **Rainfall/Moisture:** It is a relatively drought-tolerant crop, but the available rainfall and soil moisture are more than adequate for good yields.
    *   **Season:** As a very short-duration crop (60-75 days), it is an excellent choice for the Navarai season, allowing for quick harvest and potentially fitting another short-duration crop afterward, or preparing the land for the next major season.

*   **Paddy (Short-duration varieties)**
    *   **Soil Suitability:** While sandy soil is not ideal for traditional paddy (which prefers heavier clay soils for water retention), short-duration varieties can be cultivated successfully in sandy soils with proper management (e.g., puddling, application of tank silt/organic matter to improve water holding capacity). The balanced N, P, K, and pH are good for paddy.
    *   **Environmental Suitability:** Paddy thrives in warm temperatures (28°C) and high humidity (65%). The Cauvery Delta is the heartland of paddy cultivation in TN.
    *   **Rainfall/Moisture:** 1000mm rainfall, combined with potential irrigation from the Cauvery system, ensures sufficient water availability for paddy, which is a high water-demanding crop. Managing water in sandy soil will be crucial.
    *   **Season:** Short-duration paddy varieties (e.g., ADT 43, ADT 45, ASD 16) are specifically bred for the Navarai season in Tamil Nadu, maturing in 90-110 days.

---

### 3. Expected Yield

*   **Groundnut:** 2.5 - 3.5 tonnes/ha (pod yield)
*   **Greengram:** 1.0 - 1.5 tonnes/ha (seed yield)
*   **Paddy (Short-duration varieties):** 4.5 - 5.5 tonnes/ha (grain yield)

*(Note: Yields are estimates under good management practices and favorable conditions. Actual yields can vary.)*

---

### 4. Best Planting Time

*   **Groundnut:** Early January - Mid-February
*   **Greengram:** Late January - Mid-February
*   **Paddy (Short-duration varieties):** Late January - Early February

*(These timings ensure the crops can utilize the Navarai season effectively and mature before the onset of the hotter pre-monsoon months or the main monsoon.)*"
28-02-2026 14:17,crop_recommendation,95,87,114,7.2,47,Sandy,27,38,991,Navarai (Jan – Mar) – TN Summer Crop,Tamil Nadu – Southern Dry Zone,,,,"As an agricultural advisor, based on the provided conditions for the Navarai (Jan – Mar) season in Tamil Nadu's Southern Dry Zone, here are the top three recommended crops:

---

### 1. Pearl Millet (Kambu)

*   **Suitability Score:** 9.8/10

*   **Why it suits these conditions:**
    *   **Soil:** Pearl Millet is exceptionally well-suited to sandy soils due to its strong root system and tolerance for well-drained conditions. The pH of 7.2 is ideal, and the existing nutrient levels (N=95, P=87, K=114 kg/ha) are more than adequate for its moderate nutrient requirements.
    *   **Environment:** It is a champion of dryland farming. With high temperatures (27°C), low humidity (38%), and the inherent dryness of the Navarai season in the Southern Dry Zone, Pearl Millet's extreme drought and heat tolerance make it a highly reliable choice. It can effectively utilize the available moisture (47%) and perform well even with limited supplementary irrigation.
    *   **Region/Season:** It's a staple coarse cereal widely grown in Tamil Nadu during the summer months due to its resilience.

*   **Expected Yield:** 2000 – 3000 kg/ha (grain yield) under good management and supplementary irrigation.

*   **Best Planting Time:** January – February

---

### 2. Groundnut (Kadalaikottai)

*   **Suitability Score:** 9.5/10

*   **Why it suits these conditions:**
    *   **Soil:** Groundnut thrives in well-drained sandy to sandy-loam soils, making it an excellent match for your sandy soil type. The slightly alkaline pH (7.2) is well within its preferred range. It benefits significantly from the good phosphorus (P=87 kg/ha) and potassium (K=114 kg/ha) levels for pod development.
    *   **Environment:** This oilseed crop is well-adapted to warm temperatures (27°C) and is moderately drought-tolerant. It is a traditional and economically important crop for the summer (Navarai) season in Tamil Nadu, often grown with light supplementary irrigation to ensure good pod filling.
    *   **Water:** While needing moderate water, its tolerance to intermittent dry spells makes it suitable for this region and season.

*   **Expected Yield:** 1800 – 2500 kg/ha (pod yield) with good management and supplementary irrigation.

*   **Best Planting Time:** January – Mid-February

---

### 3. Greengram (Pasi Payaru)

*   **Suitability Score:** 9.2/10

*   **Why it suits these conditions:**
    *   **Soil:** Greengram tolerates sandy soils and performs well in well-drained conditions. As a legume, it fixes atmospheric nitrogen, which is a significant advantage for sandy soils that typically have lower organic matter and nitrogen retention. The neutral to slightly alkaline pH (7.2) is suitable for its growth. The existing P and K levels are beneficial.
    *   **Environment:** This is a short-duration crop (60-75 days), making it highly suitable for the Navarai summer season where quick turns are often preferred. It is heat-tolerant (27°C) and moderately drought-tolerant, capable of performing well with residual soil moisture or minimal irrigation.
    *   **Benefit:** Being a pulse crop, it also enhances soil health through nitrogen fixation, benefiting subsequent crops.

*   **Expected Yield:** 800 – 1200 kg/ha (grain yield) with good management.

*   **Best Planting Time:** January – Early March"
28-02-2026 14:17,crop_recommendation,87,94,90,6.9,38,Silt,24,42,1116,Rabi / Winter (Nov – Feb) – AP / Telangana / Karnataka,Telangana – Eastern Ghats Upland,,,,"As an agricultural advisor, based on the provided soil and environmental conditions, I recommend the following crops for your farm in the Telangana – Eastern Ghats Upland region during the Rabi season (Nov – Feb):

---

### **1. Top 3 Recommended Crops**

#### **1. Maize (Corn)**
*   **Suitability Score:** 9.5/10

#### **2. Paddy (Rice)**
*   **Suitability Score:** 8.8/10 (Assumes assured irrigation for Rabi season)

#### **3. Groundnut (Peanut)**
*   **Suitability Score:** 8.5/10

---

### **2. Why Each Crop Suits These Conditions**

#### **1. Maize (Corn)**
*   **Soil Suitability:** The silt soil type is excellent for maize, offering good water retention and aeration. The high NPK (N=87, P=94, K=90 kg/ha) ensures robust nutrient availability, and the near-neutral pH (6.9) is ideal for optimal nutrient uptake.
*   **Environmental Suitability:** A temperature of 24°C is perfectly within the optimal range (20-30°C) for maize growth and development. Moderate humidity (42%) and significant annual rainfall (1116mm, implying good residual moisture and potential for groundwater recharge) contribute to favorable growing conditions. Rabi maize often yields better and faces fewer pest/disease challenges compared to Kharif maize in the region.
*   **Regional Suitability:** Maize is an increasingly important Rabi crop in Telangana, grown for both grain and fodder, and fits well into the regional agricultural practices.

#### **2. Paddy (Rice)**
*   **Soil Suitability:** The silt soil, with its excellent water-holding capacity and richness in NPK, is highly conducive to paddy cultivation. The pH of 6.9 is also very suitable for rice.
*   **Environmental Suitability:** While ideal Rabi paddy temperatures are slightly cooler (20-22°C), 24°C is still manageable and commonly experienced during Rabi in Telangana. The high annual rainfall strongly suggests good availability of irrigation water (from tanks, borewells, or canals) which is critical for this water-intensive crop during the drier Rabi season.
*   **Regional Suitability:** Paddy is the staple food crop and widely cultivated in Telangana during the Rabi season, especially in areas with assured irrigation facilities.

#### **3. Groundnut (Peanut)**
*   **Soil Suitability:** Silt soil provides a good balance of drainage and water retention, which is beneficial for groundnut, especially for healthy pod development underground. The high phosphorus (P=94 kg/ha) and potassium (K=90 kg/ha) levels are particularly advantageous for flowering and pod formation, and the pH of 6.9 is ideal.
*   **Environmental Suitability:** A temperature of 24°C is very favorable for groundnut growth, flowering, and pod filling (optimal range 25-30°C). Moderate humidity (42%) is also suitable. While groundnut requires about 500-600mm of water during its growth cycle, the high annual rainfall supports good residual soil moisture, reducing the need for extensive irrigation.
*   **Regional Suitability:** Groundnut is a significant oilseed crop grown in the Rabi/summer season across Telangana and surrounding regions.

---

### **3. Expected Yield**

*   **Maize:** 6-8 tons/ha (60-80 quintals/ha) for improved hybrid varieties under good management and irrigation.
*   **Paddy:** 5-6.5 tons/ha (50-65 quintals/ha) for high-yielding irrigated varieties.
*   **Groundnut:** 2.5-3.5 tons/ha (25-35 quintals/ha) of unshelled pods for improved varieties under irrigation.

---

### **4. Best Planting Time**

*   **Maize:** Mid-October to Mid-November
*   **Paddy:** Late October to Early December (Transplanting, depending on nursery raising)
*   **Groundnut:** Late October to Mid-November"
28-02-2026 14:19,crop_recommendation,94,88,126,7.2,43,Peaty,21,44,1005,Samba (Aug – Jan) – TN Main Season,Tamil Nadu – Coastal Tamil Nadu,,,,"As an agricultural advisor, considering the provided soil and environmental conditions in Coastal Tamil Nadu during the Samba season (Aug – Jan), here are the top crop recommendations:

**Overall Assessment:**
The soil is highly fertile (high NPK) with a neutral to slightly alkaline pH (7.2) and excellent moisture retention due to its peaty nature. High rainfall (1005mm) during the Samba season means crops must either tolerate wet conditions or require careful drainage management. The moderate temperature (21°C) is conducive for a wide range of warm-season crops.

---

### 1. Paddy (Rice)

*   **Suitability Score:** 10/10
*   **Why it suits these conditions:**
    *   **Season:** Samba is the primary rice-growing season in Tamil Nadu, coinciding perfectly with the Northeast Monsoon and high rainfall.
    *   **Soil:** Peaty soils, rich in organic matter and with high moisture retention, are highly suitable for paddy cultivation, providing a fertile environment. The high NPK levels and neutral pH are ideal for rice growth.
    *   **Water:** Paddy thrives in standing water, making the high rainfall and consistent moisture (43%) from the peaty soil exceptionally beneficial, reducing irrigation needs.
    *   **Region:** Coastal Tamil Nadu is a major rice-producing belt.
*   **Expected Yield:** 5-7.5 tonnes/hectare (for high-yielding varieties with good management).
*   **Best Planting Time:** August – September (transplanting).

---

### 2. Sugarcane

*   **Suitability Score:** 9/10
*   **Why it suits these conditions:**
    *   **Soil:** Sugarcane thrives in fertile, well-drained, but consistently moist soils. Peaty soil provides excellent organic matter and moisture retention. The high NPK and neutral pH are very favorable for sugarcane.
    *   **Water:** Requires a high amount of water throughout its long growth cycle. The high rainfall during the Samba season significantly contributes to its water needs, reducing dependency on irrigation. While it needs moisture, good drainage is crucial to prevent waterlogging, which can be managed in peaty soils.
    *   **Temperature:** The moderate temperature of 21°C is conducive for good initial growth.
    *   **Region:** Sugarcane is a significant commercial crop in Tamil Nadu.
*   **Expected Yield:** 100-150 tonnes/hectare (with improved varieties and good management).
*   **Best Planting Time:** August – September (Samba planting season).

---

### 3. Banana

*   **Suitability Score:** 8.5/10
*   **Why it suits these conditions:**
    *   **Soil:** Banana plants prefer deep, fertile, well-drained soils rich in organic matter. The peaty soil, with its high organic content and excellent NPK levels, is highly suitable. The pH of 7.2 is ideal for banana.
    *   **Water:** Bananas are heavy feeders and require consistent moisture and high rainfall. The 1005mm rainfall and good moisture retention of the peaty soil are beneficial. However, excellent drainage is critical to prevent waterlogging, which can damage roots – raised beds might be a consideration if drainage is perceived to be slow.
    *   **Temperature:** The moderate temperature of 21°C is well within the optimal range for banana growth.
    *   **Region:** Coastal Tamil Nadu is a significant banana-growing region.
*   **Expected Yield:** 40-60 tonnes/hectare (depending on variety and management practices).
*   **Best Planting Time:** August – September (Samba season, which allows plants to establish before peak monsoons and benefit from the subsequent dry period for development)."
28-02-2026 14:20,nutrient_advisory,81,88,97,7.1,,Sandy,,,,,,Pigeon Pea (Tur),,,"Hello Farmer,

Based on your soil test results for growing Pigeon Pea (Tur), here's a detailed fertilizer recommendation and practical advice.

---

### 1. Nutrient Analysis

Let's break down your soil's current nutrient status:

*   **Nitrogen (N): 81 kg/ha**
    *   **Status:** Low. While 81 kg/ha is low for most crops, Pigeon Pea is a legume. It has the ability to fix its own atmospheric nitrogen through a symbiotic relationship with Rhizobium bacteria in its root nodules. Therefore, it primarily needs a **starter dose** of nitrogen to get established before its own nitrogen fixation kicks in.
*   **Phosphorus (P): 88 kg/ha**
    *   **Status:** Excess/Very High. This is a remarkably high level of available phosphorus. Most crops, including legumes that have a high demand for P for nodulation and flowering, rarely need this much. Applying more phosphorus would be wasteful and could even lead to nutrient imbalances (e.g., affecting micronutrient availability like zinc).
*   **Potassium (K): 97 kg/ha**
    *   **Status:** Low to Medium. Pigeon pea requires adequate potassium for overall plant health, stress tolerance, and good pod/seed development. 97 kg/ha is borderline and suggests a need for supplementation.
*   **pH: 7.1**
    *   **Status:** Optimal. Pigeon pea thrives in a pH range of 6.0 to 7.5. Your pH of 7.1 is perfectly suited, slightly on the alkaline side but well within the ideal range.
*   **Soil Type: Sandy**
    *   **Implications:** Sandy soils have low water holding capacity and low cation exchange capacity (CEC), meaning nutrients (especially nitrogen and potassium) can leach out easily. This emphasizes the need for careful nutrient management and building organic matter.

---

### 2. Fertilizer Recommendations (Per Hectare)

Considering your soil data and the needs of Pigeon Pea, here's what to apply:

*   **Nitrogen (N): 20 kg/ha** (Starter dose)
*   **Phosphorus (P2O5): 0 kg/ha** (No P needed due to very high soil levels)
*   **Potassium (K2O): 30 kg/ha**

**Specific Fertilizers to Use:**

1.  **Urea (46-0-0):** For Nitrogen
    *   To get 20 kg N: **44 kg Urea** per hectare (20 kg N / 0.46 = ~43.5 kg)
2.  **Muriate of Potash (MOP, 0-0-60):** For Potassium
    *   To get 30 kg K2O: **50 kg Muriate of Potash** per hectare (30 kg K2O / 0.60 = 50 kg)

**Do NOT apply any phosphorus-containing fertilizers** like DAP (Di-Ammonium Phosphate) or SSP (Single Super Phosphate), as your soil already has a significant excess.

---

### 3. Application Schedule

For Pigeon Pea in sandy soil:

*   **At Sowing (Basal Application):**
    *   Apply the entire recommended amount of **44 kg Urea** and **50 kg Muriate of Potash** per hectare.
    *   **Method:** Broadcast these fertilizers evenly over the field just before the last harrowing or soil preparation, and thoroughly mix them into the soil. This ensures the nutrients are available to the young seedlings immediately after germination.
    *   Alternatively, you can **band place** the fertilizer 5-7 cm to the side and 5-7 cm below the seed depth to improve efficiency, especially in sandy soils.

*   **Top Dressing:**
    *   **No further nitrogen top-dressing is recommended** for pigeon pea, as the plant will develop its nodules and fix its own N. Excess N can actually inhibit nodulation.
    *   In sandy soils, potassium can sometimes be split, but for 30 kg K2O, a single basal application is generally sufficient. If you observe any potassium deficiency symptoms later in the growth cycle, a foliar spray containing K could be considered, but it's unlikely to be necessary with this basal application.

---

### 4. Organic Options (Natural Alternatives)

Integrating organic practices is especially beneficial for sandy soils to improve water and nutrient retention, and overall soil health.

*   **For Nitrogen:**
    *   **Rhizobium Inoculation:** This is **critical** for Pigeon Pea. Before sowing, treat your seeds with an appropriate strain of *Rhizobium* bio-fertilizer. This directly enhances the plant's ability to fix atmospheric nitrogen, reducing reliance on external N inputs.
    *   **Farmyard Manure (FYM) / Compost / Vermicompost:** Apply 5-10 tonnes per hectare well in advance (e.g., a month before planting) and incorporate it into the soil. These provide slow-release nitrogen, phosphorus, potassium, and micronutrients, while significantly improving soil structure and water holding capacity.
    *   **Green Manure Crops:** If possible, grow and incorporate a green manure crop (e.g., sunnhemp, dhaincha) into the soil 4-6 weeks before planting pigeon pea. This adds significant organic matter and nitrogen.

*   **For Phosphorus:**
    *   Given your high soil P, no additional organic P sources are needed. However, FYM and compost inherently contain some phosphorus, contributing to long-term soil health.

*   **For Potassium:**
    *   **Wood Ash:** If available, wood ash (from untreated wood) can be a good source of potassium. Be mindful that it also has a liming effect, but with your optimal pH, small amounts are fine.
    *   **Compost / FYM:** As mentioned, these also supply potassium in a slow-release form.

*   **General Soil Health:**
    *   **Crop Residue Management:** Leaving crop residues on the field or incorporating them adds organic matter.
    *   **Cover Cropping:** Growing non-cash crops during fallow periods can protect the soil, add organic matter, and suppress weeds.
    *   **Biochar:** Incorporating biochar can significantly improve nutrient and water retention in sandy soils over the long term.

---

### 5. pH Correction

*   **Your soil pH is 7.1.** This is **optimal** for Pigeon Pea and does not require any correction.
*   **No need to apply lime** (to raise pH) or elemental sulfur/gypsum (to lower pH).
*   Maintain this pH by ensuring balanced fertilization and consistent organic matter additions.

---

### Practical Advice for Farmers:

1.  **Rhizobium Inoculation is Key:** This is the most crucial step for N management in pigeon pea. Do not skip it.
2.  **Build Organic Matter:** Your sandy soil will greatly benefit from regular additions of FYM, compost, or other organic materials. This improves water retention, nutrient retention, and overall soil fertility.
3.  **Water Management:** Sandy soils dry out quickly. Plan for efficient irrigation (drip or critical stages) and consider mulching to conserve soil moisture.
4.  **Micronutrient Check:** While your test only covered NPK and pH, sandy soils can sometimes be prone to micronutrient deficiencies (e.g., Zinc, Boron, Molybdenum for legumes). Observe your plants for any signs of yellowing, stunted growth, or unusual leaf patterns. If suspected, a foliar micronutrient spray can be very effective.
5.  **Monitor Plant Health:** Regularly walk your fields and observe your plants. They are the best indicators of nutrient deficiencies or other stresses.
6.  **Future Soil Tests:** Continue routine soil testing every 2-3 years to monitor changes in nutrient levels, especially phosphorus, to ensure you are not accumulating too much or depleting other nutrients.

By following these recommendations, you should be able to achieve healthy growth and good yields from your Pigeon Pea crop!"
28-02-2026 14:20,nutrient_advisory,84,84,91,6.9,,Loamy,,,,,,Potato,,,"Hello Farmer,

Based on your soil data, we can develop a tailored fertilizer plan for your potato crop. Potatoes are heavy feeders, especially for potassium, and good nutrient management is crucial for high yields and quality tubers.

---

### 1. Nutrient Analysis

Let's break down what your soil test results mean for potato cultivation:

*   **Nitrogen (N): 84 kg/ha**
    *   **Deficiency:** **Moderate to High Deficiency.** Potatoes typically require 180-250 kg/ha of total N for optimal yields, depending on the variety and desired yield. Your current level is less than half of what's generally needed.
*   **Phosphorus (P): 84 kg/ha**
    *   **Assessment:** Your soil test reports elemental P. To compare with fertilizer recommendations (which are typically P2O5), we convert: 84 kg P * 2.29 = ~192 kg P2O5/ha.
    *   **Excess/Sufficient:** **Significantly High.** Potatoes generally need 80-120 kg P2O5/ha. Your soil has more than enough available phosphorus. Adding more P fertilizer would be wasteful and could potentially lock up other nutrients.
*   **Potassium (K): 91 kg/ha**
    *   **Assessment:** Your soil test reports elemental K. To compare with fertilizer recommendations (which are typically K2O), we convert: 91 kg K * 1.2 = ~109 kg K2O/ha.
    *   **Deficiency:** **High Deficiency.** Potatoes are ""potash lovers"" and require substantial amounts, often 200-300+ kg K2O/ha for good yields and tuber quality. Your soil is well below this range.
*   **pH: 6.9**
    *   **Assessment:** **Slightly High for Potatoes.** The ideal pH range for potatoes is generally 5.5 to 6.5. A pH of 6.9 increases the risk of common scab disease, which can significantly reduce tuber quality and marketability. While not critically high, it's something to manage.
*   **Soil Type: Loamy**
    *   **Assessment:** **Excellent.** Loamy soils are ideal for potatoes as they offer good drainage, aeration, and water retention, which are all crucial for tuber development.

**Summary:** Your soil is highly deficient in Nitrogen and Potassium, but has an excellent supply of Phosphorus. The pH is a bit high, posing a risk for scab.

---

### 2. Fertilizer Recommendations (per hectare)

Based on a target yield and general potato nutrient needs, aiming for around 200 kg N, 0-30 kg P2O5 (as a starter, though not strictly needed here), and 250 kg K2O.

*   **Nitrogen (N) Requirement:** Approximately 115-120 kg N/ha needs to be *applied*.
*   **Phosphorus (P2O5) Requirement:** **No P fertilizer is needed.** Your soil already has a very high level.
*   **Potassium (K2O) Requirement:** Approximately 140-145 kg K2O/ha needs to be *applied*.

**Recommended Fertilizers and Amounts:**

1.  **For Nitrogen:**
    *   **Urea (46-0-0):** Apply **250 kg/ha**
        *   (This will provide 250 * 0.46 = 115 kg N/ha)
    *   *Alternatively, if available and preferred:* Ammonium Nitrate (34-0-0) at 340 kg/ha or Calcium Ammonium Nitrate (CAN, 27-0-0) at 425 kg/ha. Urea is generally the most cost-effective.

2.  **For Phosphorus:**
    *   **None needed.** Do not apply any phosphorus fertilizer. Your soil has sufficient levels.

3.  **For Potassium:**
    *   **Sulfate of Potash (SOP, 0-0-50):** Apply **290 kg/ha**
        *   (This will provide 290 * 0.50 = 145 kg K2O/ha)
    *   **Why SOP over Muriate of Potash (MOP, 0-0-60)?** SOP is preferred for potatoes because it contains sulfur and has a lower chloride content. High chloride from MOP can negatively affect potato tuber quality, specific gravity, and starch content. Given the pH concerns, avoiding excess chloride is a good practice.

4.  **Micronutrients:**
    *   **Recommendation:** While not tested, potatoes are sensitive to deficiencies in Boron (B), Manganese (Mn), and Zinc (Zn). Given your slightly higher pH, Manganese availability might be reduced. Consider a **foliar application of a balanced trace element mix** (containing B, Mn, Zn) during the early bulking stage. This is a practical way to address potential unseen deficiencies.

---

### 3. Application Schedule

Splitting applications, especially for N and K, improves nutrient efficiency and reduces losses.

*   **At Planting / Pre-planting:**
    *   **SOP (0-0-50):** Apply **190 kg/ha** (approx. 2/3 of total K) by broadcasting and incorporating into the soil before planting, or band-applied beside the seed pieces.
    *   **Urea (46-0-0):** Apply **80-90 kg/ha** (approx. 1/3 to 1/2 of total N). This starter N is important for early plant establishment.

*   **At Hilling / Early Tuberization (approx. 3-4 weeks after emergence, or when plants are 15-20 cm tall):**
    *   **Urea (46-0-0):** Apply the remaining **160-170 kg/ha** of Urea. This is a critical time for N uptake for canopy development and tuber initiation. Banding beside the rows or dribbling on the surface followed by hilling is ideal.
    *   **SOP (0-0-50):** Apply the remaining **100 kg/ha** of SOP. This ensures continued potassium supply during the tuber bulking phase.
    *   **Micronutrients (Foliar):** If using a foliar spray, this is a good time to apply it.

---

### 4. Organic Options (Natural Alternatives)

If you prefer organic approaches, here are some alternatives for your specific deficiencies:

*   **For Nitrogen:**
    *   **Composted Manure:** Well-rotted cattle or poultry manure (ensure it's composted to avoid weed seeds and pathogens). Amounts vary widely based on nutrient content, but generally several tons per hectare are needed.
    *   **Blood Meal (approx. 13-0-0):** A fast-acting organic N source. You'd need significant amounts (e.g., 800-900 kg/ha) for your N deficit.
    *   **Alfalfa Meal (approx. 2.5-0.5-2.5):** Slower release.
    *   **Leguminous Cover Crops:** Planting a clover or vetch cover crop in the season prior to potatoes can fix a good amount of nitrogen, which will be released upon termination and incorporation.

*   **For Phosphorus:**
    *   **None needed.** Focus on maintaining your current P levels through general organic matter like compost.

*   **For Potassium:**
    *   **Wood Ash (Untreated wood):** Can be a good source of K (and some P, Ca). *Caution:* Test the wood ash first for nutrient content and heavy metals. Also, wood ash has a liming effect, which would raise your pH further, so use sparingly given your current pH of 6.9.
    *   **Kelp Meal (approx. 1-0.1-2):** A good source of K and micronutrients, but quite expensive for large-scale application to meet a high K deficit.
    *   **Greensand (approx. 0-0-0.5 to 0-0-7):** A very slow-release K source, useful for long-term building but not for addressing acute deficiency in one season.
    *   **Compost:** Quality compost provides a balanced but lower concentration of all nutrients, including K. Regular application builds soil health.
    *   **Organic Certified Muriate of Potash (MOP):** If available and certified for organic use, it's an option. Check your organic certifier's rules.

**Organic Strategy:** A combination of heavy application of well-composted manure/compost to build overall fertility and N, combined with some blood meal for quick N release, and possibly some certified organic MOP (if allowed) or a large volume of wood ash (carefully considering pH) for K. Planning cover crops in rotation is also vital.

---

### 5. pH Correction

Your pH of 6.9 is slightly high for potatoes and increases the risk of **common scab**. Ideally, you want to be in the 5.5-6.5 range to minimize this.

*   **Immediate Action (for this season):**
    *   **Avoid Liming:** Do *not* apply any lime (calcium carbonate, dolomitic lime) as this would further raise your pH and worsen the scab risk.
    *   **Maintain Consistent Soil Moisture:** Irregular watering, especially during tuber set and early bulking, can exacerbate scab. Ensure consistent moisture levels.
    *   **Plant Resistant Varieties:** If common scab has been an issue in the past, choose potato varieties that show some resistance or tolerance to scab.
    *   **Increase Organic Matter:** Regularly adding compost can help buffer pH and improve soil health, making it less conducive to scab.

*   **Long-Term Correction (for future seasons):**
    *   **Elemental Sulfur (S):** To lower pH, you would apply elemental sulfur. Sulfur oxidizes in the soil to sulfuric acid, gradually lowering the pH.
        *   **Recommendation:** This is a slow process and should ideally be done in the season *before* planting potatoes.
        *   **Application:** For a loamy soil, to drop the pH by ~0.4-0.5 units (e.g., from 6.9 to 6.5), you might need around 300-500 kg/ha of elemental sulfur. However, **this needs to be done carefully and ideally after another soil test to confirm the desired pH drop.** Too much sulfur can harm plants. Spread evenly and incorporate into the soil several months before planting.

**Practical Advice for Farmers:**

1.  **Soil Test Regularly:** Aim to re-test your soil every 2-3 years, or even annually for high-value crops like potatoes, to monitor changes and fine-tune your nutrient program.
2.  **Accurate Application:** Calibrate your spreading equipment to ensure you apply the correct amount of fertilizer evenly across the field.
3.  **Monitor Your Crop:** Observe your potato plants for any signs of nutrient deficiencies (e.g., yellowing leaves for N, purpling for P, scorched leaf margins for K). While your soil test is good, visual cues can provide additional insights.
4.  **Weed Control:** Aggressive weed control is vital as weeds compete heavily with potatoes for water and nutrients.
5.  **Good Drainage and Aeration:** Potatoes require loose, well-drained soil. Avoid soil compaction, which hinders tuber development and nutrient uptake.
6.  **Water Management:** Consistent water supply is critical, especially during flowering and tuber bulking, to maximize yield and quality and to help manage common scab risk.

By following these recommendations, you should be well-equipped to grow a healthy and productive potato crop! Good luck!"
28-02-2026 14:21,nutrient_advisory,90,82,94,7.2,,Chalky,,,,,,Tomato,,,"Alright farmer, let's break down your soil data for growing tomatoes and get you set up for a productive season. Tomatoes are heavy feeders, especially for potassium, and perform best with consistent nutrient supply.

---

### Agricultural Advisor Report: Tomato Fertilizer Recommendations

**Soil Data Summary:**
*   **Nitrogen (N):** 90 kg/ha
*   **Phosphorus (P):** 82 kg/ha
*   **Potassium (K):** 94 kg/ha
*   **pH:** 7.2
*   **Soil Type:** Chalky

---

### 1. Nutrient Analysis - What is Deficient or Excess?

Let's convert your elemental P and K values into their oxide forms (P2O5 and K2O) which are commonly used in fertilizer recommendations:
*   **Phosphorus (P):** 82 kg/ha P $\times$ 2.29 = **187.8 kg/ha P2O5**
*   **Potassium (K):** 94 kg/ha K $\times$ 1.2 = **112.8 kg/ha K2O**

Now, comparing these to typical tomato requirements:

*   **Nitrogen (N): 90 kg/ha**
    *   **Assessment:** This is a good starting level, but tomatoes are heavy nitrogen feeders throughout their growth cycle. You will need significant supplemental nitrogen, especially during vegetative growth and fruit development. *Likely sufficient initially, but will become deficient without additional applications.*
*   **Phosphorus (P2O5): 187.8 kg/ha**
    *   **Assessment:** This is **very high**. Typical recommendations for tomatoes range from 50-100 kg/ha P2O5. Your soil has more than double the upper limit. *Excess.* Adding more phosphorus would be wasteful and could even interfere with the uptake of other essential nutrients like zinc and iron, especially in high pH soils.
*   **Potassium (K2O): 112.8 kg/ha**
    *   **Assessment:** Tomatoes are ""potash lovers"" and require high amounts of potassium for flowering, fruiting, and overall plant health. Typical recommendations range from 150-300 kg/ha K2O. *Deficient.* You will need to significantly increase your potassium levels.
*   **pH: 7.2**
    *   **Assessment:** Slightly high. Ideal pH for tomatoes is typically between 6.0 and 6.8. At 7.2, some micronutrients (like iron, manganese, zinc) can become less available, which is common in chalky soils. *Slightly high.*
*   **Soil Type: Chalky**
    *   **Assessment:** Chalky soils are typically high in calcium carbonate, which contributes to the high pH. They can also be prone to micronutrient deficiencies (especially iron chlorosis) due to the high pH locking up these nutrients.

---

### 2. Fertilizer Recommendations (per Hectare)

Based on your analysis, we need to focus on adding Nitrogen and Potassium, and crucially, **avoid adding any Phosphorus**.

**Target Nutrient Additions for the Season (Above Soil Levels):**
*   **Nitrogen (N):** ~90-120 kg/ha (bringing total seasonal N to ~180-210 kg/ha)
*   **Phosphorus (P2O5):** 0 kg/ha (already in excess)
*   **Potassium (K2O):** ~100-150 kg/ha (bringing total seasonal K2O to ~210-260 kg/ha)

**Recommended Fertilizers:**

1.  **Nitrogen Source (e.g., Urea, Ammonium Nitrate):**
    *   **Urea (46-0-0):** A common and cost-effective source of nitrogen.
    *   **Total Urea needed:** Approximately **200-260 kg/ha** (to provide 92-119 kg N).

2.  **Potassium Source (e.g., Sulfate of Potash, Muriate of Potash):**
    *   **Sulfate of Potash (SOP, 0-0-50):** Preferred for tomatoes as it contains sulfur, which is beneficial, and avoids the chloride found in Muriate of Potash (MOP), which can be detrimental to some crops at high levels.
    *   **Total SOP needed:** Approximately **200-300 kg/ha** (to provide 100-150 kg K2O).
    *   *(If SOP is unavailable or too expensive, Muriate of Potash (0-0-60) can be used, but observe plants for any signs of chloride stress, especially if soil salinity is already a concern. You'd need approximately 167-250 kg/ha MOP.)*

3.  **Micronutrients:**
    *   Given the high pH and chalky soil, micronutrient deficiencies (especially Iron (Fe), Manganese (Mn), Zinc (Zn)) are highly probable.
    *   **Recommendation:** Apply a **chelated micronutrient blend** as a foliar spray or through irrigation, especially if you notice yellowing between leaf veins (chlorosis) in new growth. Look for blends rich in Fe, Mn, Zn, and Boron (B).

---

### 3. Application Schedule (Split Applications are Key)

Tomatoes benefit greatly from split applications, feeding them throughout their growth.

*   **1. Pre-Planting / Transplanting (Base Dressing - incorporated into the soil):**
    *   **Potassium:** Apply approximately **2/3 of the total recommended SOP (130-200 kg/ha)**. Incorporate it well into the soil before planting. This ensures a good supply of K for root development and early growth.
    *   **Nitrogen:** Apply approximately **1/4 of the total recommended Urea (50-65 kg/ha)**. This provides initial nitrogen for establishment.
    *   **Phosphorus:** **NONE**.
    *   **Micronutrients:** If your chosen blend can be incorporated into the soil, you can apply a base dose. Otherwise, start foliar applications later.

*   **2. First Side-Dress (3-4 weeks after transplanting, or at onset of flowering):**
    *   **Nitrogen:** Apply approximately **1/3 of the total recommended Urea (70-90 kg/ha)**. This supports vigorous vegetative growth and flowering.
    *   **Potassium:** Apply the **remaining 1/3 of the total recommended SOP (70-100 kg/ha)**. This ensures continued K supply as the plant starts setting fruit.
    *   **Micronutrients:** Begin foliar applications as per product label, especially if early signs of deficiency are observed.

*   **3. Second Side-Dress (At first fruit set / heavy fruiting stage):**
    *   **Nitrogen:** Apply the **remaining 5/12 of the total recommended Urea (80-105 kg/ha)**. This fuels fruit development and bulking.
    *   **Potassium:** No further granular application is typically needed if the full amount was applied in the first two stages.
    *   **Micronutrients:** Continue foliar applications every 2-3 weeks or as needed, especially iron if chlorosis persists.

**Important Note:** Always water thoroughly after applying granular fertilizers to help them dissolve and move into the root zone, and to prevent ""burning"" the plants.

---

### 4. Organic Options - Natural Alternatives

If you prefer organic approaches, you can substitute synthetic fertilizers with natural sources. Be aware that nutrient concentrations can vary significantly, and nutrient release is often slower.

*   **Nitrogen (N):**
    *   **Composted Manure:** Well-composted chicken, cow, or horse manure (apply generously pre-planting and side-dress).
    *   **Blood Meal:** Rich in nitrogen (use sparingly as it's potent).
    *   **Alfalfa Meal:** Slower release nitrogen, also adds organic matter.
    *   **Worm Castings:** Excellent all-around fertilizer, apply as top dressing.

*   **Phosphorus (P):**
    *   **NONE NEEDED.** Your soil has plenty. Avoid rock phosphate or bone meal.

*   **Potassium (K):**
    *   **Wood Ash:** (Use with caution due to high pH and potential for salts). It's a good source of K, but given your already high pH, apply very sparingly and only if your pH correction strategy is in place.
    *   **Greensand:** Slower release potassium and trace minerals.
    *   **Kelp Meal:** Good source of potassium and trace elements, often used as a foliar spray or soil amendment.
    *   **Compost:** High-quality compost will contain some potassium.

*   **Micronutrients:**
    *   **Kelp Meal:** Contains a wide range of micronutrients.
    *   **Compost Tea:** Can provide beneficial microbes and some soluble nutrients.
    *   **Chelated Micronutrients (Organic certified):** Look for organic-approved chelated iron, manganese, and zinc products for foliar application.

---

### 5. pH Correction - How to Adjust?

Your pH of 7.2 is slightly high for tomatoes, which prefer a slightly acidic to neutral range (6.0-6.8). Lowering pH in chalky soils can be challenging due to their high buffering capacity (they resist changes in pH).

*   **Recommendation: Gradual Lowering & Micronutrient Management**

    1.  **Add Organic Matter:** This is the most practical and beneficial long-term strategy for chalky soils.
        *   **How:** Incorporate generous amounts of well-rotted **compost, peat moss, or composted pine bark/needles** into your soil regularly. Organic matter slowly helps to acidify the soil, improves its structure, and enhances nutrient availability.
        *   **Amount:** Aim for a 2-4 inch layer annually, tilled into the top 6-8 inches of soil.

    2.  **Elemental Sulfur:**
        *   **When to Use:** If you wish to actively lower the pH, elemental sulfur (S) is the most common amendment. It works slowly as soil microbes convert it to sulfuric acid.
        *   **How much:** For a slight reduction in pH (e.g., from 7.2 to 6.8), you might start with **100-200 kg/ha of elemental sulfur**. Apply it in the fall (for spring planting) or several months before planting to allow time for microbial action.
        *   **Caution:** *Do not apply large amounts at once, especially close to planting, as it can harm plants.* Always re-test your soil pH after 6-12 months to gauge effectiveness before applying more. In highly chalky soils, the effect may be limited or temporary.

    3.  **Micronutrient Management:**
        *   Since significantly lowering pH in chalky soil is difficult, **managing micronutrient deficiencies directly is often more effective** than relying solely on pH adjustment.
        *   **Foliar Feeds:** As mentioned, use foliar sprays of chelated micronutrients (especially iron) if chlorosis symptoms appear. This bypasses the soil conditions that are locking up the nutrients.

**Practical Advice for Farmers:**

*   **Observe Your Plants:** No soil test or recommendation is perfect. Your plants will tell you what they need. Look for signs of deficiencies (e.g., yellowing leaves, stunted growth).
*   **Water Wisely:** Efficient irrigation helps nutrient uptake and prevents leaching.
*   **Regular Soil Testing:** Re-test your soil every 2-3 years, especially after making significant amendments, to monitor pH and nutrient levels.
*   **Start Small:** If unsure about a new fertilizer or practice, try it on a smaller section of your field first.
*   **Record Keeping:** Keep records of what you apply, when, and the resulting plant performance. This data is invaluable for future seasons.

By following these recommendations, you'll be well on your way to a successful and bountiful tomato harvest!"
28-02-2026 14:23,nutrient_advisory,95,86,89,7.3,,Saline,,,,,,Onion,,,"Alright, let's break down your soil data for growing onions and develop a practical fertilizer plan, keeping in mind the challenging saline soil conditions.

Onions are moderate feeders, but they require a steady supply of nutrients, especially nitrogen and potassium, for good bulb development.

---

### **1. Nutrient Analysis**

Let's compare your soil levels to typical onion requirements (which can vary slightly by region and cultivar, but these are good general guidelines):

*   **Nitrogen (N):**
    *   **Your Soil:** 95 kg/ha
    *   **Onion Requirement:** Typically 100-150 kg/ha
    *   **Analysis:** Slightly deficient. You'll need to supplement N, and crucial to split applications.
*   **Phosphorus (P):**
    *   **Your Soil:** 86 kg/ha
    *   **Onion Requirement:** Typically 60-100 kg/ha
    *   **Analysis:** Adequate to good. You might not need much supplemental P, or just a small starter dose. *However, in saline soils, P availability can be reduced due to precipitation with calcium, so a small addition can be beneficial.*
*   **Potassium (K):**
    *   **Your Soil:** 89 kg/ha
    *   **Onion Requirement:** Typically 80-120 kg/ha
    *   **Analysis:** Slightly deficient. Potassium is vital for bulb size, quality, and disease resistance. You'll need to supplement K.
*   **pH:**
    *   **Your Soil:** 7.3
    *   **Optimal for Onions:** 6.0 - 7.0 (slightly acidic to neutral)
    *   **Analysis:** Slightly high (alkaline). This can affect the availability of some nutrients, particularly phosphorus and micronutrients like iron, zinc, and manganese.
*   **Soil Type:**
    *   **Your Soil:** Saline
    *   **Analysis:** This is the most critical factor. Salinity creates osmotic stress, making it harder for plants to absorb water and nutrients. It can also lead to specific ion toxicities (sodium, chloride) and affect soil structure. This will heavily influence our fertilizer choices and application methods.

---

### **2. Fertilizer Recommendations (per Hectare)**

Given your soil analysis and the saline conditions, here's a recommended fertilizer plan. The goal is to correct deficiencies while minimizing the impact of salinity.

**Target Nutrient Additions (Approximate):**
*   **N:** +30-40 kg/ha
*   **P₂O₅:** +10 kg/ha (as a starter to ensure availability)
*   **K₂O:** +20-30 kg/ha

**A. For Salinity & pH Management (Crucial First Step):**

1.  **Gypsum (Calcium Sulfate):**
    *   **Amount:** 2-5 tonnes/ha.
    *   **Why:** Gypsum is essential for saline soils. It helps replace excess sodium with calcium, improving soil structure, drainage, and facilitating the leaching of sodium from the root zone. This is a foundational treatment.
2.  **Elemental Sulfur:**
    *   **Amount:** 500-1000 kg/ha (finely ground).
    *   **Why:** Elemental sulfur oxidizes slowly in the soil to form sulfuric acid, which will help to gradually lower the pH over time. It also provides sulfur, an essential nutrient.

**B. Macronutrient Fertilizers:**

1.  **Phosphorus (P): Triple Superphosphate (TSP) or Diammonium Phosphate (DAP)**
    *   **TSP (0-46-0):** ~22 kg/ha (provides 10 kg P₂O₅)
        *   **Why:** Provides P without adding N early, and TSP is less likely to contribute to salinity than some other P sources.
    *   **Alternative: DAP (18-46-0):** If you prefer a granular NPK option, you could use ~22 kg/ha DAP, which would give you your 10 kg P₂O₅ and a small amount of N (approx. 4 kg N). If using DAP, adjust basal N accordingly.
2.  **Potassium (K): Sulfate of Potash (SOP)**
    *   **Amount:** ~40-60 kg/ha SOP (0-0-50)
    *   **Why:** SOP is preferred over Muriate of Potash (KCl) in saline soils because it contains sulfur and *no chloride*. Chloride can worsen salinity issues. This amount will provide 20-30 kg K₂O and valuable sulfur.
3.  **Nitrogen (N): Urea & Calcium Nitrate**
    *   **Urea (46-0-0):** ~50 kg/ha (provides ~23 kg N) – *to be split.*
    *   **Calcium Nitrate (15.5-0-0 + 19% Ca):** ~45-65 kg/ha (provides ~7-10 kg N + Calcium) – *to be used for one topdressing.*
    *   **Why:** Urea is cost-effective, but its application needs to be split to avoid salt build-up. Calcium Nitrate provides nitrate-N, which is often better tolerated in saline conditions, and supplies calcium, which is beneficial for soil structure and nutrient uptake in saline environments.

**C. Micronutrients:**

*   **Chelated Micronutrient Mix:**
    *   **Amount:** Follow product label for foliar application.
    *   **Why:** High pH and saline conditions can reduce the availability of micronutrients like Iron (Fe), Zinc (Zn), Manganese (Mn), and Boron (B). Foliar application of chelated forms is often the most efficient way to correct these potential deficiencies under these conditions.

---

### **3. Application Schedule**

Precise timing and splitting applications are crucial, especially in saline soils.

1.  **Pre-planting (1-2 weeks before planting/transplanting):**
    *   **Gypsum:** Broadcast evenly and incorporate thoroughly into the top 15-20 cm of soil.
    *   **Elemental Sulfur:** Broadcast evenly and incorporate thoroughly.
    *   **Sulfate of Potash (SOP):** Broadcast and incorporate.
    *   **Triple Superphosphate (TSP) or DAP:** Broadcast and incorporate.
    *   **Initial Deep Irrigation:** After incorporating these amendments, give a deep irrigation to help move salts and activate the gypsum and sulfur. Ensure good drainage.

2.  **Basal (At Planting/Transplanting):**
    *   No further fertilizer at this stage if you did a thorough pre-planting application. Focus on good seedbed preparation or transplanting.

3.  **First Topdressing (2-3 weeks after transplanting or 4-5 leaf stage for direct-seeded):**
    *   **Urea:** Apply ~25 kg/ha Urea (approx. 11.5 kg N).
    *   **Method:** Band application or broadcast lightly between rows, immediately followed by irrigation to wash it into the root zone and prevent salt burn.

4.  **Second Topdressing (4-6 weeks after transplanting/emergence, during early bulb initiation):**
    *   **Urea:** Apply the remaining ~25 kg/ha Urea (approx. 11.5 kg N).
    *   **Method:** As above, band or broadcast lightly, followed by irrigation.
    *   **Foliar Micronutrients:** Apply a chelated micronutrient mix as per label instructions.

5.  **Third Topdressing (8-10 weeks after transplanting/emergence, during rapid bulb development):**
    *   **Calcium Nitrate:** Apply ~45-65 kg/ha (provides 7-10 kg N + Calcium).
    *   **Why:** Nitrate form is good for saline soils, and the calcium is beneficial. *Avoid applying nitrogen too late in the season (past 10 weeks), as it can promote leafy growth, delay maturity, and reduce bulb quality/storage life.*
    *   **Method:** As above, band or broadcast lightly, followed by irrigation.

---

### **4. Organic Options**

For a more sustainable approach, or to complement chemical fertilizers, consider these organic options:

*   **Compost & Well-rotted Farmyard Manure:**
    *   **Amount:** 10-20 tonnes/ha (or more if available).
    *   **Why:** Improves soil structure, water holding capacity, nutrient retention, provides a slow-release source of NPK and micronutrients, and buffers pH. It is particularly beneficial in saline soils by improving soil aggregation and allowing for better water infiltration and salt leaching.
*   **Green Manures/Cover Crops:**
    *   **Why:** Planting a legume cover crop (e.g., alfalfa, clover) and incorporating it before planting onions can add significant nitrogen and organic matter. Choose salt-tolerant varieties.
*   **Bone Meal:**
    *   **Amount:** Follow product instructions.
    *   **Why:** A slow-release source of phosphorus.
*   **Wood Ash (leached):**
    *   **Amount:** Use sparingly and test first, as it can raise pH.
    *   **Why:** Source of potassium and some micronutrients. Ensure it's not from treated wood.
*   **Kelp Meal / Seaweed Extract:**
    *   **Amount:** Follow product instructions for soil or foliar application.
    *   **Why:** Provides potassium, micronutrients, and plant hormones that can improve stress tolerance (including salinity).
*   **Biochar:**
    *   **Amount:** 2-5 tonnes/ha.
    *   **Why:** Can improve soil water retention, nutrient cycling, and may help mitigate salinity stress over time by improving soil structure.

---

### **5. pH Correction**

Your soil pH is 7.3, which is slightly higher than optimal for onions (6.0-7.0). This can reduce the availability of Phosphorus and several micronutrients.

*   **Primary Correction Method (already included):**
    *   **Elemental Sulfur (500-1000 kg/ha):** This is the most effective long-term solution for lowering pH in alkaline soils. It reacts slowly with soil bacteria to produce sulfuric acid. *Be aware that it takes several months for the full effect.*
*   **Indirect Benefits:**
    *   **Gypsum:** While primarily for salinity, the calcium in gypsum can improve soil structure and indirectly enhance nutrient uptake, even if it doesn't directly lower pH significantly. It facilitates the leaching of sodium, which helps overall soil health.
    *   **Organic Matter (Compost/Manure):** Adding large amounts of organic matter helps to buffer soil pH and can slightly acidify the soil over time as it decomposes.
    *   **Ammonium-based fertilizers (like Ammonium Sulfate, 21-0-0):** While we're using Urea, Ammonium Sulfate has a strong acidifying effect. However, its use needs careful consideration in saline soils due to potential for ammonium toxicity at high pH and the salt index. For your situation, elemental sulfur is a safer bet for pH management.

---

### **Practical Advice for Farmers:**

1.  **Water Management is Key:** In saline soils, frequent, light irrigation can lead to salt accumulation. Use deep, less frequent irrigation to help leach salts below the root zone. Ensure good drainage. Avoid waterlogging.
2.  **Monitor Plant Health:** Observe your onion plants closely for any signs of nutrient deficiency (e.g., yellowing leaves, stunted growth). This will tell you if the recommendations are working or if adjustments are needed.
3.  **Soil Test Regularly:** Repeat soil tests every 2-3 years to monitor changes in NPK, pH, and salinity levels. This allows for precise adjustments to your fertilizer program.
4.  **Consider Raised Beds:** For very saline areas, planting onions on raised beds can help improve drainage and keep the root zone slightly higher above the accumulating salts.
5.  **Choose Salt-Tolerant Varieties:** If possible, select onion varieties known for better tolerance to saline conditions.
6.  **Maintain Soil Organic Matter:** Continuously adding organic matter (compost, manure) is fundamental for improving soil health, buffering pH, and mitigating salinity stress in the long run.

By carefully following these recommendations, you can optimize nutrient availability for your onions and manage the challenges posed by your saline soil, leading to a healthier crop and better yields. Good luck!"
28-02-2026 14:24,nutrient_advisory,88,81,94,7,,Silt,,,,,,Chilli,,,"Hello Farmer,

Based on your soil test results, we can develop a targeted fertilizer plan for your Chilli crop. Chilli is a relatively heavy feeder, especially for Nitrogen and Potassium, and requires good Phosphorus for root development and fruit set.

Let's break down your soil's current status and what we need to do.

---

### 1. Nutrient Analysis

*   **Nitrogen (N): 88 kg/ha**
    *   **Status:** Moderately Deficient. Chilli requires a good supply of Nitrogen for vigorous vegetative growth. While 88 kg/ha is not extremely low, it will likely not be sufficient for optimal yield throughout the growing season. We'll need to supplement this.
*   **Phosphorus (P): 81 kg/ha**
    *   **Status:** Sufficient to Good. This is an excellent level of Phosphorus in your soil. Chilli needs Phosphorus for strong root development, flowering, and fruit setting, but with 81 kg/ha already present, we need to be careful not to over-apply, which can tie up other micronutrients.
*   **Potassium (K): 94 kg/ha**
    *   **Status:** Sufficient to Good. Similar to Phosphorus, this is a healthy level of Potassium. Potassium is crucial for fruit quality, disease resistance, and water regulation in chilli. We'll aim to maintain this level and provide a boost for fruit development.
*   **pH: 7.0**
    *   **Status:** Ideal. A pH of 7.0 is perfectly neutral and falls right within the optimal range for chilli cultivation (typically 6.0-7.0, sometimes up to 7.5). All essential nutrients will be readily available to your plants.
*   **Soil Type: Silt**
    *   **Status:** Good. Silt soil generally has good water retention capacity and nutrient holding ability, making it favorable for chilli cultivation.

---

### 2. Fertilizer Recommendations (per Hectare)

Given your soil data, the focus will be on supplementing Nitrogen, providing a maintenance dose of Phosphorus and Potassium, and ensuring availability during critical growth stages.

**Target Nutrient Application (Added):**
*   **Nitrogen (N):** 50-60 kg/ha
*   **Phosphorus (P2O5):** 25-30 kg/ha (for starter availability)
*   **Potassium (K2O):** 30-40 kg/ha

**Recommended Fertilizers:**

1.  **Di-ammonium Phosphate (DAP)**: (18% N, 46% P2O5)
2.  **Muriate of Potash (MOP)**: (0% N, 0% P2O5, 60% K2O)
3.  **Urea**: (46% N)

**Application Quantities (per Hectare):**

*   **Basal Application (Pre-planting / At Transplanting):**
    *   **DAP:** 55 kg/ha (This supplies ~10 kg N and ~25 kg P2O5)
    *   **MOP:** 50 kg/ha (This supplies ~30 kg K2O)
    *   *Mix these thoroughly into the soil during land preparation or apply in the planting pits/rows before transplanting.*

*   **First Top-Dressing (3-4 weeks after transplanting / early vegetative growth):**
    *   **Urea:** 50 kg/ha (This supplies ~23 kg N)
    *   *Apply this around the base of the plants, avoiding direct contact with the stem, and incorporate lightly into the soil. Immediately irrigate to dissolve the fertilizer and make it available.*

*   **Second Top-Dressing (At flowering / early fruit set):**
    *   **Urea:** 50 kg/ha (This supplies ~23 kg N)
    *   **MOP:** 15 kg/ha (This supplies ~9 kg K2O)
    *   *This application boosts Nitrogen for continued growth and Potassium for fruit development and quality. Apply as described above and irrigate.*

**Summary of Total Nutrients Applied (approximately):**
*   **N:** 10 kg (DAP) + 23 kg (Urea TD1) + 23 kg (Urea TD2) = **56 kg/ha**
*   **P2O5:** 25 kg (DAP) = **25 kg/ha**
*   **K2O:** 30 kg (MOP basal) + 9 kg (MOP TD2) = **39 kg/ha**

These additions, combined with your existing soil nutrients, will provide a balanced supply for excellent chilli production.

**Micronutrients:**
Your soil test didn't cover micronutrients. While your pH is ideal for their availability, it's good practice to consider them. If you observe any yellowing between veins (iron deficiency), small leaves (zinc deficiency), or distorted growth, a **foliar spray of a good quality micronutrient blend** can be highly effective. You can typically apply this during the vegetative or flowering stage.

---

### 3. Application Schedule

1.  **Basal Application (Pre-planting / At Transplanting):**
    *   **Timing:** Just before transplanting chilli seedlings or at the time of direct seeding.
    *   **Method:** Broadcast and incorporate DAP and MOP into the soil, or apply in planting furrows/pits. Ensure good mixing with soil.

2.  **First Top-Dressing (Urea):**
    *   **Timing:** Approximately **3-4 weeks after transplanting** (when plants are actively growing and established).
    *   **Method:** Apply Urea in a band about 10-15 cm away from the plant stem to avoid root burn. Lightly incorporate and then irrigate thoroughly.

3.  **Second Top-Dressing (Urea + MOP):**
    *   **Timing:** Approximately **6-8 weeks after transplanting**, coinciding with the start of flowering and early fruit set. This is a critical stage.
    *   **Method:** Apply Urea and MOP as a band, lightly incorporate, and irrigate.

**Practical Tips for Application:**
*   **Watering:** Always irrigate immediately after applying solid fertilizers to ensure they dissolve and become available to the roots, and to prevent nutrient burn.
*   **Placement:** Avoid direct contact of fertilizers with plant stems or leaves.
*   **Weather:** Avoid applying fertilizers on windy days to prevent drift, or during heavy rain which can lead to leaching.

---

### 4. Organic Options (Natural Alternatives)

For a more sustainable and soil-health-focused approach, you can substitute or supplement synthetic fertilizers with organic options. Keep in mind that organic nutrient release is slower and their exact nutrient content can vary. You'll generally need larger quantities of organic materials.

*   **For Nitrogen:**
    *   **Well-rotted Farmyard Manure (FYM) or Compost:** Apply 10-15 tonnes/ha during land preparation. This also significantly improves soil structure and microbial activity.
    *   **Vermicompost:** 3-5 tonnes/ha.
    *   **Poultry Manure:** 3-5 tonnes/ha (use well-composted to avoid excessive N burn).
    *   **Green Manure Crops:** Incorporating legumes like sunhemp or dhaincha before planting can fix atmospheric nitrogen.

*   **For Phosphorus:**
    *   **Rock Phosphate:** A slow-release source, apply at 200-300 kg/ha during land preparation. Its availability improves in slightly acidic soils, but your pH is neutral, so it might be slower.
    *   **Bone Meal:** If available and culturally acceptable, a good source of P.

*   **For Potassium:**
    *   **Wood Ash:** Can be used sparingly (500-1000 kg/ha) as it's a good source of K, but it also increases soil pH, which you don't need currently.
    *   **Compost / Vermicompost:** These also contain some K.
    *   **Kelp Meal:** A good source of K and micronutrients.

**Recommendation:** Consider incorporating 10-15 tonnes of well-rotted FYM or compost per hectare as a basal application. This will provide a slow, steady release of all macronutrients and micronutrients, while significantly boosting your soil health and resilience. You can then slightly reduce the synthetic fertilizer doses, particularly for P and K.

---

### 5. pH Correction

*   **Your soil pH is 7.0 (Neutral), which is ideal for Chilli.**
*   **No pH correction is needed at this time.**

**General Advice for pH Correction (if it were needed):**
*   **If pH were too low (acidic, e.g., below 6.0):** You would apply liming materials like **Agricultural Lime (Calcium Carbonate)**. The amount depends on the current pH and soil type.
*   **If pH were too high (alkaline, e.g., above 7.5):** You could apply **Elemental Sulfur**. Sulfur slowly converts to sulfuric acid, lowering the pH. This process can take several months. For high sodicity issues, **Gypsum (Calcium Sulfate)** is used, which improves soil structure but has less direct impact on pH.

---

**Final Practical Advice for the Farmer:**

1.  **Observe Your Plants:** This fertilizer schedule is a guideline. Constantly monitor your chilli plants for any signs of nutrient deficiencies (e.g., yellowing leaves, stunted growth, poor flowering/fruiting).
2.  **Water Management:** Proper irrigation is crucial. Fertilizers won't be available to plants without adequate soil moisture. Over-watering can also lead to nutrient leaching.
3.  **Weed Control:** Weeds compete with your chilli plants for water and nutrients, making your fertilizer application less efficient.
4.  **Regular Soil Testing:** It's recommended to test your soil every 2-3 years, or after every 3-4 cropping cycles, to monitor nutrient levels and adjust your fertilizer program accordingly.
5.  **Safety First:** Always wear gloves and protective clothing when handling fertilizers. Store them securely away from children and animals.

By following these recommendations, you should be able to provide your chilli crop with the nutrients it needs for a healthy and productive season! Good luck!"
28-02-2026 14:27,expert_advice,,,,,,,,,,,,,"Based on my soil test report, which crop should I plant?
","N=94, P=88, K=126, pH=7.2, Region=Tamil Nadu – Coastal Tamil Nadu","அண்ணா/ஐயா,

உங்கள் மண் பரிசோதனை அறிக்கை நன்றாக உள்ளது! இதைப் புரிந்துகொண்டு, எந்தப் பயிரைத் தேர்வு செய்யலாம் என்று பார்ப்போம்.

**உங்கள் மண் அறிக்கை என்ன சொல்கிறது?**

1.  **மண் கார-அமிலத்தன்மை (pH) = 7.2:**
    *   இது பெரும்பாலான பயிர்களுக்கு மிகச் சரியான அளவு. மண் அதிகமாக அமிலத்தன்மையுடனும் இல்லை, அதிகமான காரத்தன்மையுடனும் இல்லை. பல பயிர்கள் இந்த pH மதிப்பில் நன்றாக வளரும்.

2.  **பாஸ்பரஸ் (P) = 88 ppm (அதிகம்):**
    *   உங்கள் மண்ணில் பாஸ்பரஸ் சத்து மிக அதிகமாக உள்ளது! இது பயிர்களின் வேர் வளர்ச்சி, பூ பூப்பது மற்றும் காய் பிடிப்புக்கு மிகவும் முக்கியமானது. இந்த சத்து அதிகம் இருப்பது நல்ல அறிகுறி.

3.  **பொட்டாசியம் (K) = 126 ppm (நடுத்தரம் முதல் அதிகம்):**
    *   பொட்டாசியம் சத்தும் நல்ல அளவில் உள்ளது. இது பயிர்களுக்கு நோய் எதிர்ப்பு சக்தியையும், பழங்கள் மற்றும் விதைகளின் தரத்தையும் மேம்படுத்தும்.

4.  **நைட்ரஜன் (N) = 94 ppm (குறைவு முதல் நடுத்தரம்):**
    *   நைட்ரஜன் சத்து சற்று குறைவாகவோ அல்லது நடுத்தர அளவிலோ உள்ளது. இது பயிர்களின் இலை மற்றும் தண்டு வளர்ச்சிக்கு அத்தியாவசியமானது.

5.  **பகுதி (Region) = கடலோர தமிழ்நாடு:**
    *   இது மிகவும் முக்கியம். கடலோரப் பகுதி என்பதால், அங்குள்ள தட்பவெப்பநிலை, மழைப்பொழிவு (வடகிழக்கு பருவமழை), நிலத்தடி நீர் (சில சமயங்களில் உப்புத் தன்மை இருக்கலாம்), காற்றின் ஈரப்பதம் போன்றவற்றை கருத்தில் கொள்ள வேண்டும்.

---

**பரிந்துரைக்கப்பட்ட பயிர்கள் (உங்கள் மண் மற்றும் பகுதிக்கு ஏற்றவாறு):**

உங்கள் மண்ணில் பாஸ்பரஸ் மற்றும் பொட்டாசியம் சத்துக்கள் நன்றாக இருப்பதால், பல பயிர்கள் நன்றாக வளரும். நைட்ரஜன் சத்தை மட்டும் சற்று கூடுதலாகக் கவனிக்க வேண்டும்.

**1. தானியங்கள் மற்றும் சிறுதானியங்கள்:**

*   **மக்காச்சோளம் (Maize):** கடலோரப் பகுதிகளில் நன்றாக வளரும். நல்ல P மற்றும் K சத்துக்கள் இதற்கு உதவியாக இருக்கும். நைட்ரஜன் உரத்தை மட்டும் தேவைக்கேற்ப கூடுதலாகப் போட வேண்டும்.
*   **கம்பு (Pearl Millet / Bajra):** வறட்சியைத் தாங்கும் பயிர், கடலோரப் பகுதிகளில் நன்றாக வளரும்.
*   **சோளம் (Sorghum / Jowar):** கம்பியைப் போலவே வறட்சியைத் தாங்கும் தன்மை கொண்டது.

**2. பயறு வகைகள் (Pulses):**

*   **பச்சைப்பயறு (Greengram):** இவை மண்ணில் நைட்ரஜனை நிலைநிறுத்தும் தன்மை கொண்டவை. உங்கள் மண்ணில் நைட்ரஜன் சத்து குறைவாக இருப்பதால், இவை நல்ல தேர்வு.
*   **உளுந்து (Blackgram):** பச்சைப்பயறைப் போலவே நல்ல தேர்வு.
*   **கொள்ளு (Horsegram):** குறைந்த தண்ணீரில் வளரக்கூடியது, வறட்சியைத் தாங்கும்.

**3. எண்ணெய் வித்துக்கள்:**

*   **நிலக்கடலை (Groundnut):** கடலோரப் பகுதிகளில் நல்ல வடிகால் வசதியுடன் கூடிய மணல் கலந்த மண்ணில் நன்றாக வளரும். நல்ல P மற்றும் K சத்து இதற்கு உகந்தது.
*   **எள் (Sesame):** வறட்சியைத் தாங்கும், குறைந்த இடுபொருள் தேவை.

**4. காய்கறிகள்:**

*   **கத்தரி (Brinjal), வெண்டை (Okra), மிளகாய் (Chilli):** இவை அனைத்தும் கடலோரப் பகுதிகளில் நன்றாக வளரும். இவற்றின் வளர்ச்சிக்கு நல்ல P மற்றும் K சத்துக்கள் முக்கியம். நைட்ரஜனை அவ்வப்போது மேல் உரமிடுதல் அவசியம்.
*   **சுரைக்காய், புடலங்காய், பீர்க்கங்காய் (Gourds):** கொடி வகைக் காய்கறிகளும் உங்கள் மண் தன்மைக்கு ஏற்றவை.

**5. தோட்டக்கலைப் பயிர்கள் (நீண்ட காலப் பயிர்கள்):**

*   **தென்னை (Coconut):** கடலோரப் பகுதிகளின் முக்கியப் பயிர். நல்ல வடிகால் வசதி மற்றும் உப்புத்தன்மையை ஓரளவு தாங்கும் தன்மை கொண்டது. நீண்ட கால முதலீடு.
*   **முந்திரி (Cashew):** கடலோரப் பகுதிகளில், சற்று வறட்சியான நிலங்களில் கூட வளரக்கூடியது.
*   **வாழை (Banana):** நல்ல தண்ணீர் வசதி இருந்தால், வாழை சாகுபடி செய்யலாம். இதற்கு நைட்ரஜன் சத்து அதிகம் தேவைப்படும்.

---

**விவசாயிகளுக்கான நடைமுறை ஆலோசனை:**

1.  **நைட்ரஜன் சத்தை நிர்வகிக்கவும்:**
    *   உங்கள் மண்ணில் நைட்ரஜன் சத்து சற்று குறைவாக இருப்பதால், பயிர் விதைக்கும் முன் நன்கு மட்கிய தொழு உரம், மண்புழு உரம் அல்லது கம்போஸ்ட் உரத்தை மண்ணுடன் கலந்து விடுவது மிக அவசியம்.
    *   பயிரின் வளர்ச்சிப் பருவத்தில், தேவைக்கேற்ப யூரியா போன்ற நைட்ரஜன் உரங்களை மேல் உரமிடுங்கள்.

2.  **நீர் நிர்வாகம்:**
    *   கடலோரப் பகுதி என்பதால், நிலத்தடி நீரில் உப்புத்தன்மை இருக்க வாய்ப்பு உண்டு. உங்கள் நீரின் தரத்தையும் பரிசோதிப்பது நல்லது. பயிர்களுக்கு ஏற்ற உப்புத்தன்மை இல்லாத நீரை உறுதி செய்யவும்.
    *   நீர்ப்பாசன முறைகளை (சொட்டுநீர் பாசனம்) சரியாகப் பயன்படுத்தினால் நீரைச் சேமிக்கலாம்.

3.  **சந்தை தேவை (Market Demand):**
    *   மிக முக்கியமாக, நீங்கள் சாகுபடி செய்ய விரும்பும் பயிருக்கு உங்கள் உள்ளூர் சந்தையில் நல்ல விலை கிடைக்குமா, அதற்குத் தேவை இருக்கிறதா என்பதை முதலில் விசாரித்துக் கொள்ளுங்கள். நல்ல விலை கிடைக்கும் பயிரைத் தேர்ந்தெடுப்பது லாபகரமாக இருக்கும்.

4.  **பயிர் சுழற்சி (Crop Rotation):**
    *   ஒரே பயிரை மீண்டும் மீண்டும் சாகுபடி செய்யாமல், பயறு வகைகள் போன்றவற்றை சுழற்சி முறையில் சாகுபடி செய்யுங்கள். இது மண்ணின் நைட்ரஜன் சத்தை இயற்கையாகவே அதிகரிக்க உதவும்.

5.  **உள்ளூர் விவசாயிகளை அணுகவும்:**
    *   உங்கள் கிராமத்திலோ அல்லது அருகிலுள்ள கிராமங்களிலோ இதே போன்ற மண் மற்றும் தட்பவெப்பநிலையில் வெற்றிகரமாக சாகுபடி செய்யும் விவசாயிகளிடம் பேசி, அவர்களின் அனுபவங்களையும் கேட்டுத் தெரிந்து கொள்ளுங்கள்.
    *   உள்ளூர் வேளாண் விரிவாக்க மைய (Agricultural Extension Centre) அதிகாரிகளிடமும் ஆலோசனை பெறலாம்.

**முடிவுரை:**

உங்கள் மண்ணின் pH, பாஸ்பரஸ், பொட்டாசியம் சத்துக்கள் நன்றாக இருப்பதால், பல பயிர்கள் சாகுபடி செய்ய வாய்ப்பு உள்ளது. நைட்ரஜன் சத்து மேலாண்மை மற்றும் உள்ளூர் சந்தை தேவைகளைக் கருத்தில் கொண்டு, ஒரு பயிரைத் தேர்ந்தெடுத்து லாபம் பெறுங்கள்! வாழ்த்துக்கள்!"
28-02-2026 14:29,expert_advice,,,,,,,,,,,,,"How much fertilizer should I apply for tomato cultivation?
","N=94, P=88, K=126, pH=7.2, Region=Tamil Nadu – Coastal Tamil Nadu","Hello! Based on your soil test report from Coastal Tamil Nadu, here's a clear and practical fertilizer recommendation for your tomato cultivation.

**Your Soil Report Summary:**

*   **N (Nitrogen) = 94 kg/ha:** This is a **medium** level. Tomatoes need a good amount of nitrogen for healthy leaf growth and overall vigor.
*   **P (Phosphorus) = 88 kg/ha:** This is a **high** level. Your soil is rich in phosphorus, so we can significantly reduce the amount you need to add. This is good as you'll save on phosphorus fertilizers.
*   **K (Potassium) = 126 kg/ha:** This is a **medium to moderately high** level. Tomatoes are heavy feeders of potassium, especially for fruit quality, size, and disease resistance.
*   **pH = 7.2:** This is slightly alkaline, which is generally good for tomatoes.

---

**Fertilizer Recommendation for Tomato (Per Acre):**

Considering your soil's nutrient levels, we'll focus on providing sufficient Nitrogen and Potassium, while being conservative with Phosphorus.

Here’s a practical schedule using common fertilizers:

**1. Basal Application (At the time of transplanting/planting seedlings):**
This application goes into the soil before or at planting. Mix it well with the soil.

*   **DAP (Di-Ammonium Phosphate): 50 kg per acre**
    *   *Purpose:* Provides some initial Nitrogen and the reduced Phosphorus your high soil P needs.
*   **MOP (Muriate of Potash / Potash): 40 kg per acre**
    *   *Purpose:* Supplies essential Potassium for early plant vigor.
*   **Urea: 25 kg per acre**
    *   *Purpose:* Boosts initial Nitrogen for strong vegetative growth.
*   **Micronutrient Mixture: 10 kg per acre**
    *   *Purpose:* Essential for overall plant health, especially in coastal and slightly alkaline soils where some micronutrients might be less available. Look for a general ""Tomato Special"" or ""Crop Specific"" micronutrient mix.
*   **Farm Yard Manure (FYM) or Compost: 5-8 tonnes per acre** (If available)
    *   *Purpose:* Highly recommended! Improves soil structure, water holding capacity, and nutrient availability, especially in coastal soils. Mix it thoroughly with the soil before planting.

**2. First Top Dressing (30-35 days after transplanting):**
Apply around the plants in a band, then irrigate immediately.

*   **Urea: 50 kg per acre**
    *   *Purpose:* Continues to support vegetative growth and plant development.
*   **MOP (Muriate of Potash): 30 kg per acre**
    *   *Purpose:* Boosts Potassium as the plant starts to prepare for flowering.

**3. Second Top Dressing (60-65 days after transplanting / Early fruiting stage):**
Apply around the plants in a band, then irrigate immediately. This is crucial for fruit set and development.

*   **Urea: 50 kg per acre**
    *   *Purpose:* Sustains plant vigor during flowering and initial fruit development.
*   **MOP (Muriate of Potash): 50 kg per acre**
    *   *Purpose:* High demand for Potassium during fruit formation; this will enhance fruit size and quality.

**4. Third Top Dressing (90-95 days after transplanting / Peak fruiting stage):**
Apply around the plants in a band, then irrigate immediately.

*   **Urea: 25 kg per acre**
    *   *Purpose:* Provides continued Nitrogen support for extended fruiting.
*   **MOP (Muriate of Potash): 50 kg per acre**
    *   *Purpose:* Maintains fruit quality and plant health during peak harvest.

---

**Important Additional Advice for Farmers:**

1.  **Water Management is Key:**
    *   **Irrigate Immediately:** Always irrigate your field right after applying fertilizers to ensure nutrients dissolve and reach the roots efficiently.
    *   **Consistent Moisture:** Tomatoes need consistent moisture. In Coastal Tamil Nadu, manage irrigation carefully, especially during dry spells or high heat, but avoid waterlogging. Drip irrigation is highly recommended if feasible, as it conserves water and delivers nutrients directly to the root zone.

2.  **Application Method:**
    *   **Basal:** Broadcast the fertilizers evenly and mix them into the soil before making beds and transplanting.
    *   **Top Dressing:** Apply fertilizers in a band about 6-8 inches away from the plant stem and then cover lightly with soil before irrigating. Avoid direct contact with the stem.

3.  **Monitor Your Plants:**
    *   Observe your tomato plants closely. If leaves look pale yellow, they might need a little more nitrogen (foliar spray of 2% Urea solution can be a quick fix). If flowers are dropping or fruits are small, it could indicate a need for more potassium or a calcium deficiency (see below).

4.  **Calcium Deficiency (Blossom End Rot):**
    *   Tomatoes are prone to Blossom End Rot (BER), which is a calcium deficiency, often linked to inconsistent watering. Even with enough calcium in the soil, if water supply is erratic, the plant can't take it up. Ensure consistent soil moisture and consider a foliar spray of calcium nitrate (5 grams per liter of water) during flowering and early fruiting if you notice BER.

5.  **Wind and Salinity (Coastal TN specific):**
    *   **Windbreaks:** Strong coastal winds can damage plants. Consider planting natural windbreaks around your field or using artificial barriers.
    *   **Salinity Management:** While your soil pH is fine, coastal areas can sometimes have salinity issues. Regular addition of organic matter (FYM/compost) helps mitigate salinity stress and improves soil health.

6.  **Pest and Disease Management:**
    *   Beyond nutrition, keep a close watch for common tomato pests (like fruit borer, whitefly) and diseases (like early blight, late blight, leaf curl virus). Consult with local agricultural extension officers for timely and effective control measures.

By following these recommendations, you should achieve healthy growth and a good harvest from your tomato crop! Good luck with your cultivation."
28-02-2026 14:30,expert_advice,,,,,,,,,,,,,What can I do to improve low soil fertility naturally?,"N=94, P=88, K=126, pH=7.2, Region=Tamil Nadu – Coastal Tamil Nadu","வணக்கம்! I've reviewed your soil report for Coastal Tamil Nadu, and it gives us a clear picture of what we need to focus on to improve your soil fertility naturally.

**Your Soil Snapshot:**
*   **Nitrogen (N=94):** This is in the **low-medium** range. Nitrogen is crucial for the green, leafy growth of your plants.
*   **Phosphorus (P=88):** Also in the **low-medium** range. Phosphorus is vital for strong root development, flowering, and fruit/seed formation.
*   **Potassium (K=126):** This is in the **high** range. You have good potassium levels, which helps with overall plant health, disease resistance, and water regulation. We don't need to add much potassium naturally.
*   **pH (7.2):** This is slightly **alkaline**, but generally close to neutral. This is a good pH for most crops, so we don't need to significantly adjust it.

**The Main Challenge: Boosting Nitrogen (N) and Phosphorus (P) Naturally, while improving overall soil health.**

Here's practical advice, easy to understand and implement, focusing on natural methods:

---

### **Natural Strategies to Boost Soil Fertility (N & P Focus):**

**1. The Power of Organic Matter (The Foundation of Healthy Soil):**

*   **Apply Well-Decomposed Farmyard Manure (FYM) or Compost:**
    *   **What it is:** Animal dung (especially cow dung) mixed with crop residues, or kitchen waste and plant matter, allowed to rot completely.
    *   **Why it helps:** It's a treasure trove of N, P, and other nutrients. More importantly, it adds ""life"" to your soil (beneficial microbes), improves water retention, makes the soil softer, and helps nutrients become available to plants.
    *   **How to do it:** Apply 5-10 tonnes per acre *before* planting, mixing it thoroughly into the topsoil. Ensure it's fully decomposed; fresh manure can harm plants.
    *   **Local Tip:** If you have livestock, collect and compost their manure properly. If not, look for local sources of good quality, aged FYM or create your own compost pit.

*   **Grow Green Manure Crops:**
    *   **What it is:** Specific fast-growing plants grown for a short period and then ploughed back into the soil while they are still green.
    *   **Why it helps:** Leguminous green manures (like **Sunnhemp (சணப்பு)**, **Dhaincha (டெய்ன்சா)**, **Cowpea (காராமணி)**, or **Sesbania**) are champions at fixing atmospheric nitrogen into the soil. All green manures add organic matter, improve soil structure, and suppress weeds.
    *   **How to do it:** Grow these crops in between your main crops or during a fallow period. After 45-60 days (before they flower or just when they start flowering), plough them into the soil. Allow 2-3 weeks for decomposition before planting your next crop.
    *   **Local Tip:** These are excellent choices for coastal Tamil Nadu as they are adapted to the climate.

*   **Mulching:**
    *   **What it is:** Covering the soil surface around your plants with organic materials like dry leaves, straw, rice husk, coconut coir pith, or chopped crop residues.
    *   **Why it helps:** As the mulch slowly breaks down, it releases nutrients (N and P included) into the soil. It also conserves soil moisture (very important in coastal areas), suppresses weeds, keeps soil temperature stable, and reduces erosion.
    *   **How to do it:** Apply a 2-4 inch layer of organic material around your crops, making sure not to pile it directly against the plant stem. Replenish as it decomposes.

**2. Smart Cropping Practices:**

*   **Crop Rotation with Legumes:**
    *   **What it is:** Changing the type of crop grown in a field each season or year.
    *   **Why it helps:** Including **leguminous crops** like **groundnut (நிலக்கடலை)**, **black gram (உளுந்து)**, **green gram (பாசிப்பயறு)**, **cowpea (காராமணி)**, or **soybean** in your rotation is crucial. These plants have bacteria in their roots that take nitrogen from the air and make it available in the soil for the next crop. This naturally boosts your N levels.
    *   **How to do it:** After a non-legume crop (like paddy or maize), plant a legume. This breaks pest and disease cycles too.

*   **Intercropping:**
    *   **What it is:** Growing two or more crops simultaneously in the same field.
    *   **Why it helps:** You can intercrop a main cash crop with a legume (e.g., maize with cowpea, or coconut with groundnut/pulses). The legume fixes nitrogen, benefiting the main crop and your overall soil N.

**3. Harnessing Soil Microbes (The ""Hidden Helpers""):**

*   **Use Bio-fertilizers:**
    *   **What it is:** Living microorganisms that, when applied to seeds, plant surfaces, or soil, colonize the rhizosphere (root zone) and promote growth by increasing the supply or availability of primary nutrients to the host plant.
    *   **Why it helps:**
        *   **For Nitrogen (N):** Use **Rhizobium** (for legume crops) and **Azotobacter/Azospirillum** (for non-legume crops like paddy, maize, millets). These bacteria fix atmospheric nitrogen into a form plants can use.
        *   **For Phosphorus (P):** Use **Phosphorus Solubilizing Bacteria (PSB)**. Your soil has bound-up phosphorus that plants can't access easily. PSB helps release this locked-up phosphorus, making it available to plants.
    *   **How to do it:**
        *   **Seed Treatment:** Mix the bio-fertilizer with water and apply it to seeds just before planting.
        *   **Soil Application:** Mix with FYM or sand and apply directly to the soil near the roots.
        *   **Seedling Dip:** Dip roots of seedlings (like paddy) in a bio-fertilizer solution before transplanting.
    *   **Local Tip:** Bio-fertilizers are widely available in Tamil Nadu and are very effective for naturally improving N and P availability.

**4. Reduce Soil Disturbance:**

*   **Minimum Tillage:**
    *   **Why it helps:** Ploughing less frequently or adopting zero-tillage methods helps preserve soil structure, keeps organic matter intact, and protects the beneficial microbial life that is working to improve your fertility. Frequent deep tilling can burn off organic matter faster, especially in warm climates.

---

### **Important Considerations for Coastal Tamil Nadu:**

*   **Salinity Risk:** While your pH isn't high enough to indicate a major salinity issue, coastal soils can be prone to it. Building organic matter *naturally* helps buffer soil against salinity stress.
*   **Water Management:** Efficient water use is always critical. Organic matter helps your soil hold water better, reducing irrigation needs and nutrient leaching.
*   **Observe Your Plants:** While soil tests are great, always look at your plants. Yellowing leaves (especially older ones) can indicate N deficiency, while purplish hues might suggest P deficiency.

---

**In Summary:**

Your focus should be on building up the **organic matter** in your soil through FYM/Compost, Green Manure, and Mulching. This will naturally replenish N and P over time, improve soil structure, and feed your beneficial soil microbes. Combine this with smart cropping practices like **crop rotation with legumes** and the strategic use of **bio-fertilizers (Rhizobium, Azospirillum, PSB)**.

Be patient – natural fertility improvement is a gradual process, but the results are a healthier, more resilient, and more productive soil for your farm! Good luck!"
28-02-2026 14:30,expert_advice,,,,,,,,,,,,,How often should I irrigate my rice field during summer?,"N=94, P=88, K=126, pH=7.2, Region=Tamil Nadu – Coastal Tamil Nadu","Hello! Thank you for reaching out. Irrigating rice in summer in Coastal Tamil Nadu, especially with your soil conditions (pH 7.2, good K, but low N), requires careful management due to high temperatures and evaporation.

The simple answer is: **It's not about a fixed schedule (e.g., ""every 3 days""), but about maintaining a specific water level based on the rice plant's stage and your field's condition.**

Here's how you should manage irrigation for your rice field during summer, in an easy-to-understand way:

### The Golden Rule for Rice Irrigation

For most of its life, rice needs standing water in the field. Think of it like a shallow bath for your rice plants. This standing water helps with:
1.  **Weed Control:** Drowns most weeds that compete with rice.
2.  **Nutrient Availability:** Helps rice roots absorb nutrients better, especially nitrogen.
3.  **Temperature Regulation:** Cools the soil and plants during hot summer days.

### Irrigation Schedule by Rice Growth Stage

You need to adjust your irrigation based on how old your rice plants are:

1.  **Field Preparation and Transplanting (First 1-2 Weeks):**
    *   **Before Transplanting:** Your field should be well-puddled (muddy mix of soil and water).
    *   **After Transplanting:** Maintain a **shallow water level of about 2-3 cm (1 inch)**. This helps the young seedlings establish quickly and protects them from initial heat stress. Keep this level consistent for about 10-15 days.

2.  **Vegetative Stage (Tillering, about 2-6 Weeks After Transplanting):**
    *   This is when the rice plants start producing more shoots (tillers).
    *   Maintain a **standing water level of 2-5 cm (1-2 inches)**.
    *   **How often?** In summer, with high evaporation, you might need to refill the field **every 2-4 days** if the water level drops below 2 cm. Your soil type plays a role:
        *   **Sandy soils (common in coastal areas):** Water drains faster, so you might need to irrigate more frequently (closer to every 2 days).
        *   **Clayey soils:** Hold water longer, so you might irrigate less frequently (closer to every 4 days).
    *   **Expert Tip:** Consider a **""mid-season drainage""** for 3-5 days around 30-40 days after transplanting. Let the field dry out until the soil cracks slightly. This helps strengthen roots, encourages more tillering, and flushes out any harmful substances. Then, re-irrigate to 2-5 cm.

3.  **Reproductive Stage (Panicle Initiation to Flowering, about 6-10 Weeks After Transplanting):**
    *   **This is the MOST CRITICAL stage for water.** Any water stress here can severely reduce your yield.
    *   **Maintain a continuous standing water level of 2-5 cm (1-2 inches) AT ALL TIMES.**
    *   **How often?** You will likely need to irrigate **daily or every other day** to keep this level consistent, especially if it's windy or very hot. Do not let the field dry out during this period.

4.  **Grain Filling Stage (10-13 Weeks After Transplanting):**
    *   The grains are developing and filling.
    *   Continue to maintain a **2-5 cm (1-2 inches) water level.**
    *   You can let the water level drop slightly towards the end of this stage, but avoid complete drying until maturity.

5.  **Maturity Stage (About 1-2 Weeks Before Harvest):**
    *   **Drain the field completely!**
    *   **Why?** This helps the grains ripen uniformly, prevents lodging (plants falling over), and makes harvesting easier.
    *   Stop irrigation about **7-10 days before your expected harvest date.**

### Practical Advice for Summer Irrigation in Coastal Tamil Nadu

*   **Watch Your Field, Not Just the Calendar:** The best indicator is the water level in your field. If it drops, add water.
*   **Check Daily:** During summer, especially the critical stages, check your field daily to see if the water level is sufficient.
*   **Shallow Water is Key:** Don't flood your field with very deep water (more than 5 cm). This wastes water and can sometimes harm the plants. Aim for that 2-5 cm ""bath.""
*   **Strong Bunds:** Ensure your field bunds (embankments) are strong and leak-proof to prevent water loss.
*   **Levelling:** A well-levelled field ensures even water distribution and prevents some areas from drying out while others are flooded.
*   **Night Irrigation:** If possible, irrigating during cooler parts of the day (early morning or late evening/night) can reduce evaporation losses.
*   **Rainfall:** If you receive rainfall, adjust your irrigation schedule accordingly. Let nature do the work!

### Regarding Your Soil Test

*   **pH 7.2:** This is slightly alkaline but generally acceptable for rice.
*   **N=94 (Low):** Your rice needs nitrogen! Ensure you are applying nitrogen fertilizer in split doses as per local agricultural university recommendations. Good nitrogen management will help the plant grow strong and use water more efficiently.
*   **K=126 (High):** Potassium is good, you likely won't need much, if any, supplemental K.

By following these practical steps, you can ensure your rice crop gets the right amount of water during the demanding summer months in Coastal Tamil Nadu, leading to a healthy and productive harvest!"
28-02-2026 14:31,crop_recommendation,92,81,104,6.6,42,Peaty,24,42,783,Summer / Zaid (Mar – May) – AP / Telangana / Karnataka,Andhra Pradesh – Krishna Delta,,,,"As an agricultural advisor, based on the conditions provided for the Andhra Pradesh – Krishna Delta region during the Zaid (Summer) season, here are my top recommendations:

---

### **1. Top 3 Recommended Crops with Suitability Score**

*   **Greengram (Moong)** - Suitability Score: 9.5/10
*   **Maize (Hybrid)** - Suitability Score: 9.0/10
*   **Paddy (Short-duration Zaid variety)** - Suitability Score: 8.5/10

---

### **2. Why Each Crop Suits These Conditions**

#### **1. Greengram (Moong)**
*   **Soil Suitability:**
    *   **Fertility:** The N, P, K levels (N=92, P=81, K=104 kg/ha) are good for Greengram, which benefits from moderate to high fertility. Being a legume, it also fixes atmospheric nitrogen, enriching the soil.
    *   **pH:** The pH of 6.6 is ideal for Greengram, which prefers slightly acidic to neutral soils.
    *   **Moisture & Type:** Peaty soil with 42% moisture ensures good water retention, which is beneficial for Greengram's consistent moisture needs without being waterlogged (assuming good drainage in a delta). High organic matter in peaty soil also supports healthy root development.
*   **Environmental Suitability:**
    *   **Temperature:** 24°C is very favorable for Greengram cultivation, promoting healthy growth and pod development.
    *   **Season/Region:** As a short-duration crop (60-75 days), it fits perfectly within the Zaid (Mar-May) season, allowing for timely harvest before the monsoon. It's a popular and well-established crop in Andhra Pradesh.
    *   **Rainfall/Humidity:** The 783mm annual rainfall, supplemented by reliable irrigation in the Krishna Delta, meets its moderate water requirements. Moderate humidity (42%) is also suitable.

#### **2. Maize (Hybrid)**
*   **Soil Suitability:**
    *   **Fertility:** Maize is a heavy feeder, and the good N, P, K levels are highly advantageous. Hybrid varieties can efficiently utilize these nutrients for high yields.
    *   **pH:** The pH of 6.6 is optimal for maize, which thrives in well-drained, fertile soils.
    *   **Moisture & Type:** Peaty soil with high organic matter and 42% moisture provides an excellent growing medium for maize, ensuring good water retention and nutrient availability. Maize requires consistent moisture.
*   **Environmental Suitability:**
    *   **Temperature:** 24°C is a good temperature for maize, although it can tolerate slightly higher temperatures during its growth.
    *   **Season/Region:** Short-duration hybrid maize varieties (80-100 days) can be successfully cultivated during the Zaid season. The Krishna Delta's advanced irrigation infrastructure makes it suitable for this high-water-demand crop.
    *   **Rainfall/Humidity:** While maize has high water demands, the combination of good annual rainfall and assured irrigation in the Krishna Delta can adequately support its growth.

#### **3. Paddy (Short-duration Zaid variety)**
*   **Soil Suitability:**
    *   **Fertility:** Paddy benefits significantly from the available N, P, K levels, especially in a fertile deltaic region.
    *   **pH:** The pH of 6.6 is very conducive for paddy cultivation.
    *   **Moisture & Type:** Peaty soil, known for its high water retention capacity (indicated by 42% moisture), is inherently suitable for paddy cultivation, which requires flooded or consistently moist conditions. The high organic matter in peaty soil also benefits rice.
*   **Environmental Suitability:**
    *   **Temperature:** While optimal temperatures for paddy are often slightly higher (>25°C), 24°C is still acceptable for the growth of specific short-duration Zaid paddy varieties bred for these conditions.
    *   **Season/Region:** The Krishna Delta is a major rice-producing region, and short-duration varieties (typically 100-115 days) are often grown as a Zaid crop to utilize available irrigation before the main Kharif season. The abundant irrigation in the delta is critical for paddy.
    *   **Rainfall/Humidity:** The high rainfall and reliable irrigation ensure the necessary water supply for paddy.

---

### **3. Expected Yield**

*   **Greengram (Moong):** 10-15 quintals per hectare
*   **Maize (Hybrid):** 40-60 quintals per hectare (grain)
*   **Paddy (Short-duration Zaid variety):** 40-50 quintals per hectare (grain)

---

### **4. Best Planting Time**

*   **Greengram (Moong):** Mid-March to early April
*   **Maize (Hybrid):** Mid-March to early April
*   **Paddy (Short-duration Zaid variety):** Early March to end of March"
28-02-2026 14:32,crop_recommendation,105,87,81,7.2,46,Peaty,25,40,1213,Rabi / Winter (Nov – Feb) – AP / Telangana / Karnataka,Karnataka – Deccan Plateau,,,,"As an agricultural advisor, considering the specific soil, environmental, and seasonal conditions in the Karnataka Deccan Plateau during the Rabi season, here are the top crop recommendations:

---

### 1. Top 3 Recommended Crops

1.  **Sorghum (Jowar) - Rabi Varieties**
    *   **Suitability Score:** 9.2/10
2.  **Sunflower**
    *   **Suitability Score:** 9.1/10
3.  **Chickpea (Bengal Gram)**
    *   **Suitability Score:** 8.9/10

---

### 2. Why Each Crop Suits These Conditions

#### 1. Sorghum (Jowar) - Rabi Varieties

*   **Soil Fertility:** The high N (105 kg/ha) and P (87 kg/ha) with moderate K (81 kg/ha) are excellent for Sorghum, which is a nutrient-responsive crop.
*   **Soil pH:** The neutral pH of 7.2 is ideal for Sorghum growth.
*   **Soil Moisture & Type:** Peaty soil with 46% moisture content provides excellent water retention. This is a significant advantage for Sorghum, especially during the generally drier Rabi season in the Deccan Plateau, reducing reliance on irrigation. While peaty soils can be prone to waterlogging if drainage is poor, Sorghum can tolerate moist conditions better than some other crops, provided there isn't prolonged stagnation.
*   **Temperature:** The 25°C temperature is highly suitable for Sorghum during its growth phase.
*   **Region & Season:** Sorghum is a traditional and highly adapted Rabi crop for the Karnataka Deccan Plateau, known for its resilience and ability to thrive in these conditions.

#### 2. Sunflower

*   **Soil Fertility:** Sunflower is a heavy feeder and will benefit significantly from the high N and P levels. Moderate K is also adequate, though supplementary K might further boost oil content.
*   **Soil pH:** The neutral pH of 7.2 is well within the optimal range for Sunflower.
*   **Soil Moisture & Type:** Sunflower requires consistent moisture, and the peaty soil with 46% moisture retention capability is highly advantageous. This reduces water stress during the crucial flowering and seed development stages in the dry Rabi season.
*   **Temperature:** The 25°C temperature is very favorable for Sunflower growth and development.
*   **Region & Season:** Sunflower is a popular and economically important Rabi oilseed crop in Karnataka, making it a well-established choice for the region and season.

#### 3. Chickpea (Bengal Gram)

*   **Soil Fertility:** Chickpea, as a legume, fixes atmospheric nitrogen, reducing its external N requirement. However, it benefits from good P and K, which are available.
*   **Soil pH:** A pH of 7.2 is very suitable for Chickpea, which prefers neutral to slightly alkaline conditions.
*   **Soil Moisture & Type:** Chickpea thrives on residual soil moisture and benefits from consistent moisture, which the peaty soil with 46% moisture provides. *Crucially, while it likes moisture, it is sensitive to waterlogging.* Assuming adequate, even if slow, drainage characteristic of peaty soils, the stored moisture will be a tremendous asset for this crop, which is often grown in rainfed conditions in this region.
*   **Temperature:** The 25°C day temperature, coupled with cooler Rabi nights, is ideal for Chickpea's vegetative growth and pod formation.
*   **Region & Season:** Chickpea is a staple Rabi pulse in the Karnataka Deccan Plateau, widely cultivated for its economic value and ability to grow on receding moisture.

---

### 3. Expected Yield

These yields are estimates based on good agricultural practices, favorable conditions (as provided), and typical regional averages for improved varieties:

1.  **Sorghum (Jowar):** 3.0 - 4.5 tonnes/ha (or 30-45 quintals/ha)
2.  **Sunflower:** 1.8 - 2.5 tonnes/ha (or 18-25 quintals/ha)
3.  **Chickpea (Bengal Gram):** 2.0 - 2.8 tonnes/ha (or 20-28 quintals/ha)

---

### 4. Best Planting Time

Given the specified Rabi / Winter season (Nov – Feb) for AP / Telangana / Karnataka, the optimal planting time for all three recommended crops would be:

*   **Early to Mid-November.**

This timing allows the crops to establish before the peak of winter and utilize the stored soil moisture effectively throughout their growth cycle, benefiting from the prevailing temperatures."
28-02-2026 14:33,crop_recommendation,96,84,121,6.9,43,Loamy,28,38,998,Summer / Zaid (Mar – May) – AP / Telangana / Karnataka,Telangana – Northern Telangana Dry Zone,,,,"As an agricultural advisor, based on the soil and environmental conditions provided for the Northern Telangana Dry Zone during the Summer/Zaid season (March – May), here are the top crop recommendations:

---

### **1. Top 3 Recommended Crops**

1.  **Moong (Green gram)** - Suitability Score: **9.5/10**
2.  **Sesame (Til)** - Suitability Score: **9.0/10**
3.  **Urad (Black gram)** - Suitability Score: **9.0/10**

---

### **2. Why Each Crop Suits These Conditions**

#### **1. Moong (Green gram)**

*   **Soil Suitability:**
    *   **Loamy Soil, pH 6.9:** Moong thrives in well-drained loamy soils with a near-neutral pH, which perfectly matches your conditions.
    *   **NPK Levels:** The good nutrient levels (N=96, P=84, K=121 kg/ha) will support robust growth and yield potential without extensive immediate fertilization. As a legume, it also fixes atmospheric nitrogen, enriching the soil for subsequent crops.
*   **Environmental Suitability:**
    *   **Temperature (28°C):** This temperature is ideal for Moong's vegetative growth, flowering, and pod development.
    *   **Season (Zaid, Mar-May) & Region (Northern Telangana Dry Zone):** Moong is a classic short-duration (60-75 days) Zaid crop for this region. It's relatively heat-tolerant and has moderate drought tolerance, making it suitable for a dry zone. While the annual rainfall is high (998mm), Zaid crops in a dry zone often benefit significantly from supplemental irrigation during this period.
    *   **Humidity (38%):** Lower humidity can help reduce the incidence of certain fungal diseases common in higher humidity.

#### **2. Sesame (Til)**

*   **Soil Suitability:**
    *   **Loamy Soil, pH 6.9:** Sesame performs exceptionally well in well-drained loamy soils with a slightly acidic to neutral pH.
    *   **NPK Levels:** The available nutrients are sufficient to support good growth and oil synthesis.
*   **Environmental Suitability:**
    *   **Temperature (28°C):** Sesame is a warm-season crop and thrives in high temperatures, making 28°C ideal for its growth and oil accumulation.
    *   **Season (Zaid, Mar-May) & Region (Northern Telangana Dry Zone):** Sesame is an excellent choice for the Zaid season due to its remarkable drought tolerance and relatively short duration (80-90 days). This makes it particularly well-suited for a ""Dry Zone"" where water availability might be a limiting factor, even if irrigation is supplemental.
    *   **Humidity (38%):** Low humidity is generally favorable for sesame, reducing disease pressure.

#### **3. Urad (Black gram)**

*   **Soil Suitability:**
    *   **Loamy Soil, pH 6.9:** Similar to Moong, Urad prefers well-drained loamy soils with a near-neutral pH, which perfectly aligns with your soil conditions.
    *   **NPK Levels:** The good nutrient status will support healthy plant growth and yield. As a legume, Urad also contributes to soil fertility by fixing nitrogen.
*   **Environmental Suitability:**
    *   **Temperature (28°C):** This temperature is very conducive for Urad's growth, flowering, and pod formation.
    *   **Season (Zaid, Mar-May) & Region (Northern Telangana Dry Zone):** Urad is another popular and highly suitable short-duration (65-80 days) pulse crop for the Zaid season in Telangana. It is heat-tolerant and has moderate drought tolerance, making it a viable option for dry zones, especially with good water management.
    *   **Humidity (38%):** The lower humidity is generally beneficial, reducing susceptibility to many foliar diseases.

---

### **3. Expected Yield (With Good Management and Supplemental Irrigation)**

*   **Moong (Green gram):** 8 - 12 quintals per hectare (q/ha)
*   **Sesame (Til):** 6 - 10 quintals per hectare (q/ha)
*   **Urad (Black gram):** 8 - 12 quintals per hectare (q/ha)

*Note: Yields can vary based on specific variety, intensity of management practices, and actual irrigation availability during the season.*

---

### **4. Best Planting Time**

*   **Moong (Green gram):** Mid-March to Mid-April
*   **Sesame (Til):** Mid-March to End of April
*   **Urad (Black gram):** Mid-March to Mid-April

---

**General Advice:**
Given that the ""Northern Telangana Dry Zone"" context implies potential water scarcity during the Zaid season, even with good annual rainfall, supplemental irrigation for all these crops will be crucial for achieving optimal yields. Consider varieties that are well-adapted to the local climate and are known for their heat and drought tolerance. Crop rotation with these legumes will also help maintain soil health and fertility."
28-02-2026 14:36,crop_recommendation,89,79,106,6.1,38,Sandy,24,45,971,Summer / Zaid (Mar – May) – AP / Telangana / Karnataka,Karnataka – Northern Dry Zone,,,,"As an agricultural advisor, I recommend the following crops for your farm in the Karnataka Northern Dry Zone during the Zaid (Summer) season, considering your soil and environmental conditions:

---

### **Soil Conditions:**
*   **N=89 kg/ha, P=79 kg/ha, K=106 kg/ha:** Good to moderate nutrient levels.
*   **pH=6.1:** Slightly acidic, suitable for most crops.
*   **Moisture=38%:** Good initial moisture, but sandy soil drains quickly.
*   **Type=Sandy:** Well-drained, warms quickly, low water retention.

### **Environmental Conditions:**
*   **Temp=24°C:** Warm, suitable for summer crops.
*   **Humidity=45%:** Moderate.
*   **Rainfall=971mm (Annual):** Note that Zaid (Mar-May) in the Northern Dry Zone typically experiences drier conditions, necessitating drought-tolerant crops or supplementary irrigation.
*   **Season=Summer / Zaid (Mar – May):** Hot and potentially dry.
*   **Region=Karnataka – Northern Dry Zone:** Characterized by arid to semi-arid climate, high temperatures, and water scarcity.

---

### **Recommended Crops:**

#### **1. Bajra (Pearl Millet)**
*   **Suitability Score:** 9.5/10
*   **Why it suits these conditions:**
    *   **Exceptional Drought & Heat Tolerance:** Bajra is renowned for its ability to thrive in hot and dry environments, making it ideal for the Northern Dry Zone during Zaid season.
    *   **Sandy Soil Adaptability:** It performs exceptionally well in sandy soils due to its deep and extensive root system, which efficiently extracts moisture and nutrients.
    *   **Low Water Requirement:** Among major cereals, Bajra is one of the most water-efficient, requiring significantly less water than many other crops.
    *   **Nutrient Utilization:** It can efficiently utilize the available NPK levels, ensuring good growth even with moderate inputs.
    *   **pH Tolerance:** The pH of 6.1 is well within its optimal range.
*   **Expected Yield:** 2.0 - 2.5 tonnes/ha (grain) under good management and favorable seasonal conditions.
*   **Best Planting Time:** Mid-March to mid-April (early Zaid season) to allow for establishment before peak summer heat and to potentially benefit from any early pre-monsoon showers.

#### **2. Greengram (Moong Bean)**
*   **Suitability Score:** 9.0/10
*   **Why it suits these conditions:**
    *   **Short Duration:** Greengram varieties typically mature in 60-75 days, allowing for a quick harvest before the onset of monsoon and potentially enabling a subsequent crop.
    *   **Soil Improvement:** As a legume, it fixes atmospheric nitrogen, enriching your sandy soil and reducing the need for external nitrogen fertilizers for future crops.
    *   **Moderate Drought Tolerance:** While not as drought-tolerant as Bajra, Greengram can withstand short dry spells, making it suitable for Zaid with some careful moisture management.
    *   **Heat Tolerance:** It tolerates the warm temperatures of the Zaid season well.
    *   **Well-Drained Soil Preference:** Its preference for well-drained soils makes your sandy soil type suitable for its cultivation.
*   **Expected Yield:** 0.8 - 1.2 tonnes/ha under good management practices.
*   **Best Planting Time:** First fortnight of March to first fortnight of April.

#### **3. Sorghum (Jowar)**
*   **Suitability Score:** 8.8/10
*   **Why it suits these conditions:**
    *   **High Drought & Heat Tolerance:** Sorghum is another highly resilient crop, very well-suited to the arid and semi-arid conditions of the Northern Dry Zone and the high temperatures of the Zaid season.
    *   **Sandy Soil Adaptability:** It has a robust root system that helps it grow effectively in sandy soils, making it an excellent choice for your land.
    *   **Versatile Crop:** Can be cultivated for both grain and fodder, providing flexibility for income generation or livestock feed.
    *   **Nutrient Use Efficiency:** It efficiently uses available soil nutrients, performing well even with moderate fertility.
*   **Expected Yield:** 2.5 - 3.5 tonnes/ha (grain) under good management, with higher yields for dedicated fodder varieties.
*   **Best Planting Time:** Mid-March to early April.

---

**General Recommendation:**
For sandy soils in a dry zone during the Zaid season, even with good initial moisture, consider supplemental irrigation if available, especially during critical growth stages for any of these crops, to maximize yields and ensure crop success. Crop rotation with legumes like Greengram is highly beneficial for maintaining soil health in sandy soils."
28-02-2026 14:37,crop_recommendation,92,85,117,7,44,Clay,20,55,1338,Mundakan / NE Monsoon (Sep – Nov) – Kerala,Kerala – Coastal Kerala,,,,"As an agricultural advisor, based on the provided conditions for Coastal Kerala during the Mundakan (NE Monsoon) season, here are my top crop recommendations:

**Soil Analysis:**
*   **Nutrients (N, P, K):** N=92 kg/ha, P=85 kg/ha, K=117 kg/ha - These are good to excellent levels, indicating fertile soil capable of supporting high-yielding crops.
*   **pH=7.0:** Neutral pH is ideal for a wide range of crops, ensuring good nutrient availability.
*   **Moisture=44%:** High moisture retention, typical for clay soil, combined with high rainfall indicates consistently wet conditions.
*   **Type=Clay:** Clay soil is fertile and has high water-holding capacity. It can be heavy and prone to waterlogging if not managed, but is excellent for certain crops.

**Environmental Analysis:**
*   **Temp=20°C:** While slightly lower than typical average for coastal Kerala, this temperature is still within the acceptable range for tropical crops, especially during monsoon nights.
*   **Humidity=55%:** Moderate humidity.
*   **Rainfall=1338mm (annual) with Mundakan (Sep – Nov) season:** This is a very high rainfall region, and the Mundakan season specifically brings significant monsoon rains, indicating a need for water-tolerant crops.
*   **Region=Kerala – Coastal Kerala:** Hot, humid tropical climate, with specific regional crop preferences and suitable varieties.

---

### 1. Paddy (Rice) - *Oryza sativa*
*   **Suitability Score:** 5/5
*   **Why it suits these conditions:**
    *   **Season & Rainfall:** The Mundakan season (Sep-Nov) is traditionally the second rice crop season in Kerala, perfectly aligning with the heavy rainfall provided by the North-East Monsoon.
    *   **Soil Type & Moisture:** Clay soil with high moisture retention is ideal for paddy cultivation, allowing for standing water required by the crop. The neutral pH and excellent nutrient levels will support vigorous growth.
    *   **Regional Fit:** Rice is the staple crop and a primary agricultural activity in Kerala, with local varieties well-adapted to coastal conditions.
*   **Expected Yield:** With good management and suitable short-to-medium duration varieties adapted for the Mundakan season, an expected yield of **3.5 - 5.0 tonnes/hectare** of paddy (unhulled rice) is achievable.
*   **Best Planting Time:** Transplanting or direct seeding typically occurs from **September to early October**, allowing the crop to mature through the peak monsoon and harvest before the next dry spell.

### 2. Banana - *Musa spp.*
*   **Suitability Score:** 4.5/5
*   **Why it suits these conditions:**
    *   **Rainfall & Climate:** Bananas are tropical plants that thrive in warm, humid conditions with abundant rainfall, making Kerala's climate and high rainfall perfect.
    *   **Soil Type & Nutrients:** Fertile clay soil with good water retention is excellent for banana cultivation. The high nutrient levels (N, P, K) will promote strong vegetative growth and good fruit development.
    *   **Regional Fit:** Bananas are a highly important cash crop in Kerala, with numerous local varieties (e.g., Nendran, Palayankodan) well-suited to the region.
*   **Expected Yield:** Depending on the variety (e.g., Nendran, Dwarf Cavendish), an expected yield of **25 - 40 tonnes/hectare** is possible under optimal conditions.
*   **Best Planting Time:** While bananas can be planted year-round in Kerala with irrigation, planting suckers during the **early monsoon (September - November)** allows for good establishment with minimal need for supplementary watering initially, leveraging the abundant rainfall.

### 3. Elephant Foot Yam (Chenai) - *Amorphophallus paeoniifolius*
*   **Suitability Score:** 4.5/5
*   **Why it suits these conditions:**
    *   **Rainfall & Moisture:** Elephant Foot Yam is a tropical tuber crop that requires high moisture and thrives in high rainfall areas. The consistently wet clay soil with good moisture content is highly favorable.
    *   **Soil Type & Nutrients:** Clay soil, rich in organic matter and with high nutrient levels, is excellent for the development of large, healthy tubers. Its ability to withstand temporary waterlogging is a bonus in heavy rainfall.
    *   **Regional Fit:** Elephant Foot Yam is a traditional and highly valued crop in Kerala, often cultivated in home gardens and commercial farms.
*   **Expected Yield:** With good cultivation practices and fertile soil, an expected yield of **20 - 30 tonnes/hectare** can be achieved.
*   **Best Planting Time:** Planting of corms (seed material) is typically done during the **early monsoon season (September - November)**. This allows the plants to benefit from the sustained rainfall for initial growth and tuber development, with harvest usually occurring after 7-9 months."
28-02-2026 14:38,nutrient_advisory,86,83,92,7,,Sandy,,,,,,Banana,,,"As your agricultural advisor, let's break down the fertilizer recommendations for your banana crop based on the provided soil data. Bananas are heavy feeders, and understanding your soil is key to optimizing yield and fruit quality.

---

### Soil Data Summary:
*   **Nitrogen (N):** 86 kg/ha
*   **Phosphorus (P):** 83 kg/ha
*   **Potassium (K):** 92 kg/ha
*   **pH:** 7.0
*   **Soil Type:** Sandy

---

### 1. Nutrient Analysis

Let's interpret your soil test results in the context of banana cultivation requirements:

*   **Nitrogen (N: 86 kg/ha):** This level is **moderately deficient** for bananas, which require a substantial amount of nitrogen for robust vegetative growth, leaf development, and fruit size. Given your sandy soil, nitrogen is particularly prone to leaching.
*   **Phosphorus (P: 83 kg/ha):** This level is surprisingly **high, bordering on excessive,** for banana production. When converted to P2O5 (the form typically used in fertilizers), 83 kg/ha elemental P is approximately 190 kg P2O5/ha. Banana plants generally require moderate amounts of phosphorus for root development, flowering, and fruit setting, but typically in the range of 50-100 kg P2O5/ha/year. Therefore, adding more phosphorus at this time is unnecessary and could potentially interfere with the uptake of other nutrients.
*   **Potassium (K: 92 kg/ha):** This level is **severely deficient.** Potassium is the most critical nutrient for bananas, directly influencing fruit quality, size, sugar content, disease resistance, and overall plant vigor. Banana plants have a very high demand for potassium, often requiring 300-600 kg K2O/ha/year.
*   **pH (7.0):** This pH is **perfect** for banana growth. Bananas thrive in soils with a pH range of 6.0 to 7.0.
*   **Soil Type (Sandy):** Sandy soils are well-drained but have poor nutrient and water retention capabilities. This means nutrients, especially nitrogen and potassium, will leach out quickly, necessitating frequent, split applications of fertilizers. Organic matter content in sandy soils is usually low, which further compounds the nutrient retention problem.

**In summary:** Your primary focus should be on supplementing **potassium** and **nitrogen**. You should **avoid adding phosphorus** initially due to its high levels in the soil. The ideal pH means no immediate liming or acidifying is required.

---

### 2. Fertilizer Recommendations

Based on the analysis, we will focus heavily on Potassium and Nitrogen, while holding off on Phosphorus. For a mature, bearing banana plantation, we'll aim for annual applications (which will be split into multiple doses) to meet plant demands.

**Target Annual Application (per hectare):**
*   **Nitrogen (N):** 200 - 250 kg/ha
*   **Phosphorus (P2O5):** 0 - 20 kg/ha (Minimal to none due to high soil P)
*   **Potassium (K2O):** 350 - 450 kg/ha

**Recommended Fertilizers and Amounts (per hectare per year):**

1.  **Nitrogen Source (Urea 46-0-0):**
    *   To supply approximately 220 kg N/ha:
    *   *Amount:* 220 kg N / 0.46 = **~480 kg Urea per hectare per year**

2.  **Potassium Source (Muriate of Potash - MOP 0-0-60):**
    *   To supply approximately 400 kg K2O/ha:
    *   *Amount:* 400 kg K2O / 0.60 = **~670 kg Muriate of Potash per hectare per year**

3.  **Phosphorus:**
    *   **Recommendation:** **Do NOT apply phosphorus fertilizer for the first year.** Your soil already has very high levels. Monitor plant growth closely. You may re-test your soil after 1-2 years to see if P levels have declined. If they do, a small maintenance dose (e.g., 50 kg SSP/ha) could be considered.

**Important Note on Micronutrients:** While your soil test did not cover micronutrients, bananas often benefit from small applications of Boron (B) and Zinc (Zn). You might consider a foliar spray containing these elements every few months if you notice any deficiency symptoms.

---

### 3. Application Schedule

Due to the sandy soil and the continuous growth habit of bananas, frequent, split applications are crucial to prevent nutrient leaching and ensure a steady supply.

*   **Frequency:** Apply fertilizers monthly or bi-monthly (e.g., every 4-6 weeks). Dividing the annual amount into 8 to 12 applications is ideal.
*   **Timing:**
    *   **Urea:** Divide 480 kg into 10 applications = **~48 kg Urea per hectare per month.**
    *   **Muriate of Potash:** Divide 670 kg into 10 applications = **~67 kg MOP per hectare per month.**
*   **Method:**
    *   **Broadcast:** Spread the fertilizer evenly around the base of each plant, within the drip line (the area directly under the canopy), ensuring it does not touch the pseudostem.
    *   **Irrigate Immediately:** Always apply fertilizers to moist soil, or irrigate thoroughly immediately after application. This helps dissolve the nutrients and move them into the root zone, making them available to the plant and minimizing volatilization (loss of nitrogen to the atmosphere).

**Practical Advice:**
*   **Young Plants (0-6 months):** Start with smaller doses (e.g., half of the mature plant rate) and gradually increase as plants grow.
*   **Bearing Plants:** Maintain the recommended monthly applications throughout the year, as bananas are continuous producers.
*   **Rainy Season:** Be mindful of heavy rainfall, which can increase leaching. Consider slightly smaller, more frequent applications during intense rainy periods.

---

### 4. Organic Options (Natural Alternatives)

Integrating organic matter is highly beneficial for sandy soils, as it improves water retention, nutrient holding capacity, soil structure, and microbial activity. This is critical for sustained banana production.

*   **Compost:** Apply generous amounts (e.g., 10-20 tons per hectare annually, split into 2-3 applications) of well-rotted farmyard manure or general compost around the base of plants. This provides a slow-release source of NPK and micronutrients, dramatically enhancing soil health.
*   **Green Manures/Cover Crops:** Plant nitrogen-fixing legumes (e.g., Mucuna pruriens, Sunn Hemp, Cowpea) between banana rows. These plants suppress weeds, protect the soil from erosion, add organic matter, and fix atmospheric nitrogen when incorporated into the soil before flowering.
*   **Vermicompost:** High-quality compost produced by earthworms. It's nutrient-dense and excellent for improving soil structure.
*   **Neem Cake:** Provides slow-release nitrogen, some phosphorus and potassium, and also offers natural pest repellent properties.
*   **Biochar:** When incorporated into sandy soils, biochar can significantly improve nutrient and water retention over the long term, acting like a ""sponge"" for nutrients.
*   **Aged Chicken Manure:** If available, this is rich in N, P, and K. Ensure it is well-composted to avoid burning plants and to minimize weed seeds and pathogens.

**Practical Advice:**
*   Start building your soil organic matter *now*. It's a long-term investment that will reduce your reliance on synthetic fertilizers over time, especially for preventing nutrient leaching.
*   Combine organic and synthetic approaches: use organic amendments for long-term soil health, and targeted synthetic fertilizers for immediate, precise nutrient delivery (especially for the high K demand).

---

### 5. pH Correction

*   **Current pH: 7.0**
*   **Ideal pH for Bananas: 6.0 - 7.0**

**Recommendation:** Your soil pH is perfectly within the optimal range for banana cultivation. **No pH correction is needed** at this time. Adding lime or sulfur would shift the pH outside the ideal range, potentially causing nutrient availability issues.

---

### Practical Summary for Farmers:

1.  **Prioritize K & N:** Your soil needs a lot of potassium and consistent nitrogen.
2.  **Skip P:** Do not apply any phosphorus fertilizer for now, as your soil has more than enough.
3.  **Frequent, Small Applications:** Due to sandy soil, split your annual fertilizer into monthly or bi-monthly applications to prevent nutrients from washing away.
4.  **Boost Organic Matter:** Heavily incorporate compost, manure, or grow cover crops. This is crucial for improving your sandy soil's ability to hold water and nutrients.
5.  **Perfect pH:** Your soil pH is ideal, so no need for lime or other pH adjusters.
6.  **Water is Key:** Always apply fertilizer to moist soil or irrigate immediately after application.
7.  **Monitor Your Plants:** Watch your banana plants closely for any signs of nutrient deficiencies (e.g., yellowing leaves for N, purpling for P, burnt edges for K). This helps you fine-tune your program.

By following these recommendations, you can efficiently manage your fertilizer program, improve soil health, and achieve healthy, productive banana yields. Good luck!"
28-02-2026 14:39,nutrient_advisory,92,79,98,7.2,,Chalky,,,,,,Mango,,,"Hello! As your agricultural advisor, let's break down your soil data to provide practical fertilizer recommendations for your mango trees.

The good news is that mangoes are quite adaptable, but addressing the specifics of your soil will help you achieve optimal yields and fruit quality.

---

### 1. Nutrient Analysis

Based on your soil test:

*   **Nitrogen (N): 92 kg/ha**
    *   **Analysis:** This level is considered **moderate to slightly low** for a productive mango orchard. Mangoes are nitrogen-hungry, especially during vegetative growth flushes and fruit development. While not severely deficient, supplementing N will be beneficial.
*   **Phosphorus (P): 79 kg/ha**
    *   **Analysis:** This level is **sufficient to high**. You have plenty of available phosphorus in the soil.
*   **Potassium (K): 98 kg/ha**
    *   **Analysis:** This level is also **sufficient to high**. Your soil has adequate potassium.
*   **pH: 7.2**
    *   **Analysis:** This is **slightly alkaline**. The ideal pH range for mangoes is typically between 6.0 and 7.0 (slightly acidic to neutral). While 7.2 isn't critically high, it's on the upper end.
*   **Soil Type: Chalky**
    *   **Analysis:** This is a crucial piece of information. Chalky soils are typically high in calcium carbonate, inherently alkaline, and can lead to **micronutrient deficiencies**, particularly Iron (Fe), Manganese (Mn), and Zinc (Zn), even if these elements are present in the soil, because the high pH makes them unavailable to the plant. Boron can also be an issue.

**In Summary:** Your primary focus should be on supplementing **Nitrogen** and, more importantly, **managing micronutrient availability** due to the high pH and chalky nature of your soil. You do not need to apply additional Phosphorus or Potassium at this time.

---

### 2. Fertilizer Recommendations (Per Hectare & Per Tree)

Given your soil analysis, we need to focus on Nitrogen and micronutrients.

**Assumptions:** For practical per-tree recommendations, let's assume a planting density of approximately **100 trees per hectare** (e.g., 10m x 10m spacing for mature trees). Adjust these figures proportionally if your tree density is different.

**A. Macronutrients (Nitrogen only):**

*   **Target:** Apply approximately 100-150 kg of actual Nitrogen per hectare per year for mature bearing trees.
*   **Recommended Fertilizer:**
    *   **Ammonium Sulfate (21-0-0):** This is an excellent choice. It provides Nitrogen and has an acidifying effect, which is beneficial for your chalky, alkaline soil.
    *   *Alternative:* Urea (46-0-0) can be used, but it doesn't offer the pH benefit.
*   **Dosage:**
    *   **Per Hectare:** You would need approximately **475 - 715 kg of Ammonium Sulfate (21-0-0) per hectare per year.** (e.g., 100 kg N / 0.21 = 476 kg; 150 kg N / 0.21 = 714 kg).
    *   **Per Tree:** This translates to about **4.75 - 7.15 kg of Ammonium Sulfate per tree per year.**

**B. Micronutrients:**

This is critical given your chalky soil and pH.

*   **Recommended Method:** **Foliar sprays** are highly effective for micronutrients in high pH soils because they bypass the soil lockout problem.
*   **Recommended Products:**
    *   A good quality **micronutrient mix** containing Iron (chelated form like Fe-EDTA or Fe-EDDHA), Manganese, Zinc, Copper, and Boron. Many agricultural suppliers offer specific ""Mango Micronutrient Mixes"" or general chelated trace element solutions.
    *   **Iron Chelate:** If specific iron deficiency symptoms appear (yellowing leaves with green veins, especially in young leaves), a dedicated foliar application of chelated iron (e.g., Fe-EDDHA) is highly effective.
*   **Dosage:** Follow the manufacturer's recommendations for foliar application, as concentrations vary widely. Typically, it's a small amount (e.g., 2-5g per liter of water or 2-4 kg per 500 liters of water per hectare for sprays).

---

### 3. Application Schedule

**A. Nitrogen (Ammonium Sulfate):** Split applications are best to ensure continuous supply and minimize loss.

*   **First Application (40-50% of annual dose):**
    *   **When:** About 2-3 months before the expected flowering period (e.g., late autumn/early winter, depending on your region's mango season).
    *   **Why:** To promote strong vegetative flush which leads to good flowering.
    *   **Amount per tree:** Approximately 2.0 - 3.5 kg of Ammonium Sulfate.
*   **Second Application (30-40% of annual dose):**
    *   **When:** After fruit set, when fruits are marble to golf-ball size.
    *   **Why:** To support fruit development and the next vegetative flush.
    *   **Amount per tree:** Approximately 1.5 - 2.8 kg of Ammonium Sulfate.
*   **Third Application (10-20% of annual dose - Optional):**
    *   **When:** Immediately after harvest.
    *   **Why:** To help the tree recover from fruiting stress and build reserves for the next season.
    *   **Amount per tree:** Approximately 0.5 - 1.4 kg of Ammonium Sulfate.

**Application Method:**
*   Spread the Ammonium Sulfate evenly under the tree canopy, avoiding direct contact with the trunk.
*   Lightly incorporate it into the soil (e.g., with a rake).
*   **Always water thoroughly after application** to dissolve the fertilizer and move it into the root zone. This is crucial for nutrient uptake and to prevent root burn.

**B. Micronutrients (Foliar Sprays):**

*   **First Spray:** During active vegetative growth flush, before flowering.
*   **Second Spray:** After fruit set, when young fruits are developing.
*   **Third Spray (Optional):** During rapid fruit enlargement.
*   **Frequency:** Repeat every 4-6 weeks during periods of active growth or as needed based on visual deficiency symptoms.
*   **Timing:** Spray early morning or late afternoon to avoid strong sunlight, which can cause leaf burn and reduce absorption efficiency. Ensure good coverage of both sides of the leaves.

---

### 4. Organic Options

Organic methods can improve soil health and provide nutrients over time, especially in chalky soils by adding organic acids.

*   **For Nitrogen:**
    *   **Well-rotted Manure:** Poultry, cow, or horse manure (ensure it's well-composted to avoid pathogen and salinity issues). Apply 10-20 kg per mature tree, spread under the canopy, and lightly incorporate.
    *   **Compost:** High-quality compost improves soil structure and slowly releases nutrients. Apply 10-20 kg per tree annually.
    *   **Leguminous Cover Crops:** Planting cover crops like cowpeas, sunn hemp, or specific clover varieties between mango trees can fix atmospheric nitrogen, which becomes available when the cover crop is tilled in or mulched.
    *   **Blood Meal/Feather Meal:** Slower-release organic nitrogen sources.
*   **For Micronutrients & Soil Health:**
    *   **Seaweed Extract:** Excellent foliar spray or soil drench, rich in trace elements and natural plant hormones.
    *   **Humic and Fulvic Acids:** Can be applied as soil amendments or foliar sprays. They help chelate existing micronutrients in the soil, making them more available to plants, and improve nutrient uptake efficiency.
    *   **Compost Tea:** A liquid extract of compost that can provide a boost of beneficial microbes and trace elements.
    *   **Mulching:** A thick layer of organic mulch (wood chips, straw, shredded leaves) around the tree base helps retain moisture, suppresses weeds, and slowly adds organic matter and nutrients to the soil as it breaks down.

---

### 5. pH Correction

Your pH of 7.2 is slightly high, and combined with chalky soil, indicates high calcium carbonate. Directly lowering the pH of a chalky soil significantly is very difficult and often impractical/expensive on a large scale due to its strong buffering capacity.

**Instead of drastic pH correction, the focus should be on *managing the consequences* of high pH, primarily micronutrient availability.**

However, you can take steps to gradually nudge the pH down and improve nutrient availability:

*   **Use Acidifying Fertilizers:** As recommended, **Ammonium Sulfate** is your preferred choice for Nitrogen as it will contribute to a slight lowering of soil pH over time.
*   **Elemental Sulfur:** This can be broadcast and incorporated into the soil. Sulfur converts to sulfuric acid via microbial action, slowly lowering pH.
    *   **Dosage:** For a slight reduction in pH in chalky soils, you might apply 200-500 kg/ha of elemental sulfur. This needs to be done carefully and over time, as rapid changes can stress plants. It works best in warm, moist conditions.
    *   **Caution:** This is a slow process (can take months to a year or more) and requires regular monitoring of pH. Avoid over-application, which can create excessively acidic conditions.
*   **Incorporate Organic Matter:** Regular addition of large quantities of well-decomposed organic matter (compost, manure, green manures) will slowly help buffer the soil pH and create a more favorable environment for nutrient availability, including chelating micronutrients.
*   **Avoid Liming:** Do NOT apply any lime (calcium carbonate/oxide) as your soil is already chalky and high in calcium.

**Practical Advice:** For your situation, consistently using **Ammonium Sulfate** for N and prioritizing **foliar micronutrient sprays** will be far more effective and practical than trying to drastically alter the pH of a chalky soil. The organic matter additions will also help buffering and nutrient cycling.

---

**Key Practical Takeaways for the Farmer:**

1.  **Focus on N and Micronutrients:** Your soil has plenty of P and K. Your main nutrient needs are Nitrogen and readily available micronutrients (especially Iron, Manganese, Zinc).
2.  **Ammonium Sulfate is Your Friend:** Use it for Nitrogen. Its acidifying effect is a bonus for your chalky soil.
3.  **Foliar Sprays for Micros:** Don't rely solely on soil application for micronutrients; foliar sprays are essential for bypassing the high pH lockout.
4.  **Split Applications:** Divide your annual nitrogen dose into multiple applications to ensure continuous nutrient supply and maximize efficiency.
5.  **Water Well:** Always water thoroughly after applying granular fertilizers.
6.  **Soil Organic Matter:** Continually add compost and well-rotted manure to improve soil health, nutrient availability, and buffering capacity.
7.  **Monitor Your Trees:** Observe your mango trees for any signs of nutrient deficiencies (e.g., yellowing leaves, stunted growth, poor fruit set). This visual feedback is crucial.
8.  **Re-test Soil:** Re-test your soil every 2-3 years to monitor changes in nutrient levels and pH, and adjust your fertilizer program accordingly.

By following these recommendations, you'll be well on your way to healthy, productive mango trees!"
28-02-2026 14:41,nutrient_advisory,95,85,100,7.1,,Loamy,,,,,,Tea,,,"Alright, farmer! Let's break down your soil data for your tea garden and formulate a practical fertilizer plan. Tea is a unique crop with specific needs, especially regarding soil pH.

---

### Agricultural Advisory: Tea Fertilizer Recommendations

**Soil Data Summary:**
*   **Nitrogen (N):** 95 kg/ha
*   **Phosphorus (P):** 85 kg/ha
*   **Potassium (K):** 100 kg/ha
*   **pH:** 7.1
*   **Soil Type:** Loamy

---

### 1. Nutrient Analysis - What is deficient or excess?

*   **Nitrogen (N): Deficient.** Tea is a heavy feeder of nitrogen, crucial for vegetative growth and flush production. 95 kg/ha is well below optimal levels for a productive tea garden, which typically requires 150-300+ kg N/ha annually depending on yield potential and pruning cycle.
*   **Phosphorus (P): Sufficient to Potentially Excess.** Tea generally has moderate P requirements (often 30-60 kg P2O5/ha). 85 kg/ha is quite high. High phosphorus levels can sometimes interfere with the uptake of other micronutrients, especially in alkaline soils.
*   **Potassium (K): Borderline Sufficient to Slightly Deficient.** Tea's K requirements are moderate to high (60-120 kg K2O/ha). 100 kg/ha is on the lower end of sufficient or slightly deficient, so a maintenance dose will be beneficial to support shoot growth, disease resistance, and overall plant vigor.
*   **pH: Severely Excess (Alkaline).** This is the **most critical issue**. Tea plants are acid-loving and thrive in a pH range of 4.5 to 5.5 (ideally 4.8-5.2). A pH of 7.1 is highly alkaline for tea and will severely limit nutrient uptake (especially nitrogen, iron, manganese, and zinc), leading to stunted growth, yellowing (chlorosis), and poor yields. **Addressing pH is paramount before expecting good results from any fertilizer application.**
*   **Soil Type: Loamy.** This is generally a good soil type for tea, offering a balance of water retention and drainage.

---

### 2. Fertilizer Recommendations - Which fertilizers and how much per hectare?

The primary goal is to **acidify the soil** while providing the necessary nutrients. We'll leverage acidifying fertilizers as much as possible.

**A. pH Correction (Top Priority):**

*   **Elemental Sulfur (S):** This is the most effective and safest way to lower soil pH over time. The amount needed to drop pH from 7.1 to the desired 5.0-5.5 range will be substantial.
    *   **Recommendation:** Apply **500 kg/ha of elemental sulfur** initially. Broadcast it evenly over the soil surface (avoiding direct contact with the main stem) and ideally incorporate it lightly into the topsoil if possible without disturbing roots too much.
    *   **Follow-up:** Re-test soil pH after 6-12 months. You will likely need further applications of sulfur in subsequent years (e.g., 250-500 kg/ha annually) until the target pH range is achieved. **Do not apply all at once; gradual reduction is best.**

**B. Nutrient Application (per year):**

Given the high pH, we must prioritize fertilizers that also have an acidifying effect.

*   **Nitrogen (N): Aim for 180-200 kg N/ha/year.**
    *   **Fertilizer:** **Ammonium Sulfate (21% N)** is the best choice here because it provides N and has a strong acidifying effect.
    *   **Amount:** To provide 180 kg N: (180 kg N / 0.21) = **~857 kg Ammonium Sulfate per hectare.**
    *   *Note:* This high amount of ammonium sulfate will significantly contribute to lowering the pH in addition to the elemental sulfur.

*   **Potassium (K): Aim for 60-80 kg K2O/ha/year.**
    *   **Fertilizer:** **Muriate of Potash (KCl, 60% K2O)** is standard and readily available.
    *   **Amount:** To provide 60 kg K2O: (60 kg K2O / 0.60) = **100 kg Muriate of Potash per hectare.**

*   **Phosphorus (P): 0 kg P2O5/ha/year (Initially).**
    *   **Reasoning:** Your soil already has high P levels. Adding more at a high pH might lead to P being 'locked up' in insoluble forms, making it unavailable to plants, or it could interfere with other micronutrient uptake.
    *   **Action:** Rely on the existing phosphorus. Re-test your soil in 2-3 years to see if P levels have dropped and if the pH has come down, which would improve P availability.

**Summary of Fertilizer Mix (per hectare per year):**
*   **Elemental Sulfur:** 500 kg (initial application)
*   **Ammonium Sulfate:** 857 kg
*   **Muriate of Potash:** 100 kg
*   **Triple Superphosphate (TSP) or DAP:** 0 kg

---

### 3. Application Schedule

Fertilizer application for tea should be split to ensure continuous nutrient supply and minimize leaching, especially for nitrogen.

*   **Elemental Sulfur:**
    *   Apply the initial 500 kg/ha in **one main application at the beginning of the rainy season.**
    *   For subsequent maintenance applications, apply annually at the beginning of the rainy season or split into two applications.
*   **Ammonium Sulfate & Muriate of Potash:**
    *   These should be applied in **3-4 split doses** throughout the active growing season.
    *   **First Application (25-30% of total):** Just before the onset of the main flush period / early rainy season. This provides a strong start.
    *   **Second Application (25-30%):** Mid-season, after 2-3 plucking rounds, during peak growth.
    *   **Third Application (25-30%):** Post-monsoon, towards the end of the main growing season, to support late flushes and build reserves.
    *   **Optional Fourth Application (10-20%):** If conditions allow for an extended growing season or if high yields are targeted.
    *   **Method:** Broadcast fertilizers evenly within the drip line of the tea bushes, avoiding direct contact with the main stem. Lightly incorporate or ensure it is watered in immediately (either by rain or irrigation) to prevent volatilization losses (especially with nitrogen) and to facilitate nutrient uptake.

---

### 4. Organic Options (Natural Alternatives)

Organic materials are invaluable for improving soil health, buffering pH, and providing slow-release nutrients, but might not be sufficient on their own to address such a high pH and significant N deficiency quickly.

*   **Compost/Farmyard Manure (FYM):** Apply **10-20 tons/ha annually**. This improves soil structure, water retention, provides a range of macro and micronutrients, and slowly helps to buffer soil pH. Always use well-decomposed manure.
*   **Oil Cakes (Neem cake, Castor cake):** These are good sources of slow-release nitrogen, phosphorus, and potassium, plus micronutrients.
    *   **Application:** 200-500 kg/ha per year, split into applications. Neem cake also offers pest deterrent properties.
*   **Green Manuring:** Planting leguminous cover crops (e.g., Sesbania, Crotalaria) between tea rows can fix atmospheric nitrogen, add organic matter when incorporated, and protect the soil from erosion.
*   **Vermicompost:** Similar benefits to regular compost, but often richer in nutrients and beneficial microbes.
*   **Biofertilizers:**
    *   **Azotobacter/Azospirillum:** Nitrogen-fixing bacteria that can help supply some nitrogen to the plant.
    *   **Phosphate Solubilizing Bacteria (PSB):** These bacteria can help make existing, locked-up phosphorus more available to plants, which could be beneficial given your high P levels and high pH.
    *   **Mycorrhizae:** Fungi that form a symbiotic relationship with plant roots, enhancing nutrient (especially P) and water uptake.

**Practical Advice:** Incorporate a robust organic matter program alongside your mineral fertilizer strategy. This will enhance the efficiency of your mineral fertilizers and build long-term soil health.

---

### 5. pH Correction - How to adjust?

As highlighted, pH correction is the most critical step for your tea garden.

*   **Primary Method: Elemental Sulfur (S)**
    *   **Mechanism:** Soil bacteria convert elemental sulfur into sulfuric acid, gradually lowering the pH. This process takes time (weeks to months).
    *   **Application:** Start with 500 kg/ha, spread evenly. As mentioned, expect to make further applications in subsequent years based on soil test results.
    *   **Monitoring:** Crucially, re-test your soil pH every 6-12 months after sulfur application to track progress and adjust future application rates. Aim for a gradual reduction to avoid shocking the plants.
*   **Secondary Method: Acidifying Nitrogen Fertilizers**
    *   **Ammonium Sulfate:** As recommended, using Ammonium Sulfate for your nitrogen needs will contribute significantly to acidifying the soil. It's much more acidifying than urea or calcium nitrate.
    *   **Ammonium Nitrate:** Also acidifying, but Ammonium Sulfate is generally preferred for tea due to its sulfur content (which tea also needs) and stronger acidifying effect.
*   **Avoid:** Do **NOT** use liming materials (calcium carbonate, dolomite) as these raise pH. Avoid fertilizers like Calcium Ammonium Nitrate (CAN) which also have a neutralizing effect on soil acidity.
*   **Organic Matter:** While not as rapid or potent as elemental sulfur, adding large quantities of well-decomposed organic matter (compost, FYM) can help buffer the soil and gently push pH downwards over the long term.

---

### Practical Advice for Farmers:

1.  **Soil Testing is Key:** The recommendations are based on *this* soil test. **Regularly re-test your soil (at least every 1-2 years)**, especially for pH and nutrient levels, to fine-tune your program. The pH will be your main indicator of success.
2.  **Gradual pH Adjustment:** Do not attempt to lower the pH too rapidly with excessive sulfur. This can stress the plants. Slow and steady wins the race.
3.  **Even Application:** Ensure fertilizers are spread evenly around the drip line of the bushes. Uneven application leads to patchy growth.
4.  **Watering In:** Always ensure fertilizers are watered in (by rain or irrigation) immediately after application to dissolve nutrients and prevent losses.
5.  **Observe Your Plants:** Your tea bushes will tell you a lot. Look for signs of nutrient deficiencies (e.g., yellowing leaves, stunted growth, poor flush) or stress.
6.  **Weed Control:** Effective weed control is essential to prevent competition for the applied nutrients.
7.  **Micronutrients:** While your macronutrients are addressed, tea can sometimes show deficiencies in micronutrients like Boron, Zinc, or Manganese, especially in alkaline conditions. Once your pH starts to drop, these become more available. If you observe specific micronutrient deficiency symptoms, consider targeted foliar sprays.
8.  **Safety:** Always wear appropriate protective gear (gloves, mask) when handling fertilizers.

By systematically addressing the pH and then applying the right balance of nutrients, you'll put your tea garden on the path to healthier growth and better yields. Good luck!"
28-02-2026 14:43,nutrient_advisory,91,90,106,6.9,,Silt,,,,,,Coconut,,,"Greetings, esteemed farmer!

Based on your soil analysis for your coconut plantation, we can formulate a targeted fertilizer program to maximize your yields and maintain long-term soil health.

Let's break down the current status of your soil and then move to specific recommendations.

---

### 1. Nutrient Analysis

Here's an assessment of your soil's current nutrient levels relative to typical requirements for coconuts:

*   **Nitrogen (N): 91 kg/ha**
    *   **Status: Moderately Deficient.** While 91 kg/ha is not extremely low, coconuts are heavy feeders, and this level will likely be insufficient to support high yields over the long term, especially once the existing available nitrogen is utilized. Regular replenishment is essential.
*   **Phosphorus (P): 90 kg/ha**
    *   **Status: Excess/High.** This is a very good level of phosphorus. Coconuts require P, but 90 kg/ha is more than enough for immediate needs and likely for the next few years. Applying more phosphorus would be wasteful and could potentially lock up other nutrients.
*   **Potassium (K): 106 kg/ha**
    *   **Status: Moderately to Significantly Deficient.** Potassium is the *most critical* nutrient for coconut palms, directly impacting fruit set, size, oil content, and drought tolerance. Your current level of 106 kg/ha is on the lower side for a crop that demands so much K. This is where we need to focus significant effort.
*   **pH: 6.9**
    *   **Status: Optimal.** This pH is ideal for coconut cultivation, allowing for excellent nutrient availability.
*   **Soil Type: Silt**
    *   **Status: Good.** Silt soils generally have good water retention and nutrient holding capacity, which is beneficial for coconuts.

**Summary:** Your primary focus should be on **Potassium** and **Nitrogen** replenishment. You can hold off on any Phosphorus application for now.

---

### 2. Fertilizer Recommendations (for Mature Bearing Palms)

Assuming your palms are mature and bearing, these recommendations are per hectare per year. We'll use a standard planting density of approximately **120 palms per hectare** (e.g., 8m x 8m spacing) for these calculations.

**A. Chemical Fertilizers:**

*   **Phosphorus (P): NONE**
    *   **Reason:** Your soil has sufficient levels. Do not apply P fertilizer this year. Re-evaluate with a soil test in 2-3 years.
*   **Nitrogen (N):**
    *   **Recommended N per palm/year:** ~600 grams of actual Nitrogen (N)
    *   **Fertilizer:** Urea (46-0-0)
    *   **Amount of Urea per palm/year:** 600 g N / 0.46 = **~1.3 kg Urea per palm per year.**
    *   **Amount of Urea per hectare/year:** 1.3 kg/palm x 120 palms/ha = **~156 kg Urea per hectare per year.**
*   **Potassium (K):**
    *   **Recommended K2O per palm/year:** ~1500 grams of actual Potassium Oxide (K2O)
    *   **Fertilizer:** Muriate of Potash (MOP) or Potassium Chloride (KCl) (60-0-0)
    *   **Amount of MOP per palm/year:** 1500 g K2O / 0.60 = **~2.5 kg MOP per palm per year.**
    *   **Amount of MOP per hectare/year:** 2.5 kg/palm x 120 palms/ha = **~300 kg MOP per hectare per year.**
*   **Magnesium (Mg):** (Crucial for coconuts, often overlooked!)
    *   **Recommended Mg per palm/year:** ~300 grams of Magnesium Sulfate (Epsom salt)
    *   **Fertilizer:** Magnesium Sulfate (MgSO4, typically 9.8% Mg)
    *   **Amount of Magnesium Sulfate per palm/year:** **~300 grams per palm per year.**
    *   **Amount of Magnesium Sulfate per hectare/year:** 0.3 kg/palm x 120 palms/ha = **~36 kg Magnesium Sulfate per hectare per year.**

---

### 3. Application Schedule

Splitting the annual dose into two applications is highly recommended to improve nutrient uptake efficiency and reduce losses, especially for nitrogen and potassium which are prone to leaching.

*   **Timing:**
    *   **Application 1:** Just before the onset of the main rainy season (e.g., May-June if you have monsoon rains). This ensures nutrients are available when the palm's metabolic activity is high.
    *   **Application 2:** Towards the end of the main rainy season or before a secondary rain period (e.g., September-October).
*   **Method:**
    1.  Clear weeds from the base of the palm.
    2.  Spread the fertilizer evenly in a circular band around the palm, starting about 0.5-1 meter from the trunk and extending out to the drip line (where the leaves end).
    3.  Lightly incorporate the fertilizer into the top 10-15 cm of soil.
    4.  Cover with a layer of soil or organic mulch to prevent volatilization (for Urea) and leaching.
    5.  Ensure adequate moisture is available after application (rain or irrigation).

---

### 4. Organic Options (Natural Alternatives)

Integrating organic matter is vital for long-term soil health, microbial activity, and nutrient availability.

*   **Farm Yard Manure (FYM) or Compost:**
    *   **Application:** Apply 20-50 kg per palm per year. This will provide a slow-release source of NPK and micronutrients, significantly improve soil structure, and increase water retention. It can replace a portion of the chemical fertilizer, especially N.
    *   **Timing:** Best applied once a year, ideally before the main rainy season, and incorporated into the soil around the palm.
*   **Green Manure:**
    *   **Examples:** Legumes like *Pueraria phaseoloides* or *Calopogonium mucunoides* can be grown between palms.
    *   **Benefits:** These fix atmospheric nitrogen into the soil and, when slashed and incorporated, add significant organic matter.
*   **Wood Ash:**
    *   **Source:** A good source of Potassium and some Phosphorus, as well as micronutrients.
    *   **Caution:** Use sparingly (e.g., 2-5 kg per palm per year) as it can increase soil pH, though your current pH is optimal, so excessive use is not advisable.
*   **Coconut Husk:**
    *   **Benefits:** Excellent source of Potassium and improves soil moisture retention. Bury 5-10 husks per palm in a trench around the root zone annually.
*   **Bio-fertilizers:**
    *   **Examples:** Azotobacter, Azospirillum (for Nitrogen fixation), Phosphorus Solubilizing Bacteria (PSB), Potash Mobilizing Bacteria (KMB).
    *   **Application:** Apply as per manufacturer's instructions, usually by mixing with water and drenching the soil around the base of the palm.

---

### 5. pH Correction

*   **No pH Correction Needed!** Your soil pH of **6.9** is perfectly within the optimal range for coconut cultivation (6.0-7.0). Maintaining this pH is key, so avoid practices that might drastically alter it without a new soil test.

---

### Practical Advice for Farmers:

1.  **Start with K & N:** Prioritize the application of Muriate of Potash and Urea. You will likely see the most significant yield improvements from these.
2.  **No P for Now:** Save your money on Phosphorus fertilizers. Your soil has plenty.
3.  **Don't Forget Magnesium:** Magnesium is often overlooked but crucial for chlorophyll production and overall palm health in coconuts. Incorporate Magnesium Sulfate.
4.  **Observe Your Palms:** Beyond soil tests, observe the leaves.
    *   **Yellowing of older leaves:** Often indicates nitrogen deficiency.
    *   **Yellowing or bronzing of older leaves, marginal scorching, reduced nut size/drop:** Strong indicators of potassium deficiency.
    *   **Interveinal chlorosis (yellowing between veins) on older leaves:** May indicate magnesium deficiency.
5.  **Water is Key:** Fertilizers are most effective when sufficient moisture is available. Ensure good irrigation or time applications with reliable rainfall.
6.  **Weed Control:** Keep the area around the palm base free of weeds to minimize nutrient competition.
7.  **Regular Soil Testing:** Re-test your soil every 2-3 years to monitor nutrient levels and adjust your fertilizer program accordingly. This is dynamic farming!
8.  **Integrate Organics:** While chemical fertilizers provide quick fixes for deficiencies, organic matter builds soil health, improves nutrient retention, and supports a thriving microbial ecosystem for long-term sustainability.

By following these recommendations, you'll be providing your coconut palms with the precise nutrients they need to be productive and healthy!"
2026-02-28 14:44:54,nutrient_advisory,87,93,111,7.2,,Loamy,,,,,,Chilli,,,"As your agricultural advisor, let's break down the fertilizer strategy for your chilli crop based on your soil data.

**Your Soil Data Summary:**
*   **Nitrogen (N):** 87 kg/ha
*   **Phosphorus (P):** 93 kg/ha
*   **Potassium (K):** 111 kg/ha
*   **pH:** 7.2
*   **Soil Type:** Loamy

---

### 1. Nutrient Analysis

Here's an assessment of your soil's nutrient status for growing chilli:

*   **Nitrogen (N: 87 kg/ha):** This is on the **lower side**. Chilli is a moderate to heavy feeder of Nitrogen, especially during its vegetative growth phase. To achieve good yields, we'll need to supplement N.
*   **Phosphorus (P: 93 kg/ha):** Your phosphorus levels are **sufficient to slightly high**. Chilli requires P for root development and flowering, but your current levels indicate you won't need a heavy application of P.
*   **Potassium (K: 111 kg/ha):** Your potassium levels are **adequate**. Chilli is a heavy potassium feeder, particularly during fruit development for quality and yield. While your current levels are decent, we'll still need to provide supplemental K to meet the crop's demands during fruiting.
*   **pH (7.2):** This pH is **slightly alkaline** for chilli. Chilli prefers a slightly acidic to neutral soil, ideally between **6.0 and 7.0**. While 7.2 isn't critically high, a minor adjustment would be beneficial for optimal nutrient uptake.
*   **Soil Type (Loamy):** This is an **excellent** soil type for chilli. Loamy soils generally have good water retention, aeration, and nutrient-holding capacity, which are ideal for chilli cultivation.

**In summary:** You'll primarily focus on supplementing Nitrogen and Potassium, with a minor emphasis on Phosphorus, and a slight adjustment to lower the pH.

---

### 2. Fertilizer Recommendations (Chemical)

The following recommendations are per hectare. We'll aim to add approximately **60-80 kg N, 20-30 kg P2O5, and 70-90 kg K2O** over the growing season, considering your existing soil levels and the crop's needs.

**Recommended Fertilizers:**

*   **Urea (46-0-0):** For Nitrogen
*   **Di-Ammonium Phosphate (DAP, 18-46-0):** For initial Nitrogen and Phosphorus
*   **Muriate of Potash (MOP, 0-0-60):** For Potassium

**Application Breakdown:**

1.  **Basal Application (Pre-planting / At Transplanting):**
    *   **DAP:** 50 kg/ha (Provides 9 kg N, 23 kg P2O5)
    *   **MOP:** 50 kg/ha (Provides 30 kg K2O)
    *   *Method:* Mix thoroughly into the soil during final land preparation or incorporate into the planting rows/pits. This provides an initial boost for root establishment and early growth.

2.  **First Top Dressing (3-4 Weeks After Transplanting):**
    *   **Urea:** 75 kg/ha (Provides 34.5 kg N)
    *   *Method:* Apply granular urea by broadcasting evenly between plants or side-dressing along the rows. Ensure plants are well-watered immediately after application to help dissolve and move the nutrients into the root zone and prevent burn. This application boosts vegetative growth.

3.  **Second Top Dressing (6-8 Weeks After Transplanting - At Flowering/Early Fruiting):**
    *   **Urea:** 50 kg/ha (Provides 23 kg N)
    *   **MOP:** 50 kg/ha (Provides 30 kg K2O)
    *   *Method:* Apply as a side-dress or broadcast, followed by irrigation. This crucial application supports flower development, fruit set, and initial fruit growth, balancing N and K.

4.  **Third Top Dressing (Optional, 10-12 Weeks After Transplanting - During Peak Fruiting):**
    *   **MOP:** 25-50 kg/ha (Provides 15-30 kg K2O)
    *   *Method:* Apply if the plants are showing signs of heavy fruiting and need an extra boost for fruit quality, size, and continuous production.
    *   *Consideration:* If you plan for multiple harvests, this additional K will be very beneficial.

**Total Approximate Nutrients Applied (through fertilizers, not including soil's existing):**
*   **Nitrogen (N):** 9 kg (DAP) + 34.5 kg (Urea TD1) + 23 kg (Urea TD2) = **66.5 kg N/ha**
*   **Phosphorus (P2O5):** 23 kg (DAP) = **23 kg P2O5/ha**
*   **Potassium (K2O):** 30 kg (MOP Basal) + 30 kg (MOP TD2) + 15-30 kg (MOP TD3) = **75-90 kg K2O/ha**

---

### 3. Application Schedule Summary

*   **Basal Application:** Just before or at the time of transplanting chilli seedlings.
*   **First Top Dressing:** 3 to 4 weeks after transplanting.
*   **Second Top Dressing:** 6 to 8 weeks after transplanting (onset of flowering/early fruit set).
*   **Third Top Dressing:** 10 to 12 weeks after transplanting (during peak fruiting, optional but recommended for sustained yields).

---

### 4. Organic Options (Natural Alternatives)

For farmers preferring organic methods, here are some alternatives:

*   **For Nitrogen (N):**
    *   **Well-rotted Farmyard Manure (FYM) or Compost:** Apply 15-20 tonnes/ha during land preparation. Provides slow-release N and improves soil structure.
    *   **Vermicompost:** 3-5 tonnes/ha. Rich in readily available nutrients.
    *   **Neem Cake:** 200-300 kg/ha. Provides N, P, K and acts as a pest repellent.
    *   **Leguminous Cover Crops:** Planting before chilli can fix atmospheric nitrogen.

*   **For Phosphorus (P):**
    *   **Bone Meal:** 300-500 kg/ha. A good source of P, but slow-release.
    *   **Rock Phosphate:** 500-1000 kg/ha. Very slow-release, best applied well in advance. Your existing P is high, so this isn't a primary need.

*   **For Potassium (K):**
    *   **Wood Ash:** 100-200 kg/ha. Contains potash, but also raises pH. Use cautiously given your current pH.
    *   **Kelp Meal / Seaweed Extracts:** 50-100 kg/ha or liquid foliar sprays. Rich in K and micronutrients.
    *   **Banana Peel Compost:** Can be incorporated into compost piles.

**Practical Organic Advice:**
*   **Combine and layer:** Organic farming thrives on combining different inputs. Don't rely on a single source.
*   **Large quantities needed:** Organic sources typically have lower nutrient concentrations than synthetic fertilizers, so larger quantities are required to achieve similar nutrient levels.
*   **Soil health focus:** Organic inputs greatly improve soil structure, water retention, and microbial activity, which are long-term benefits beyond just nutrient supply.

---

### 5. pH Correction (7.2 is slightly high)

Your pH of 7.2 is slightly high for chilli's optimal range (6.0-7.0). We want to gently lower it.

**Method to Lower pH:**

*   **Elemental Sulfur (Powdered):** This is the most common and effective way to lower soil pH gradually. Soil microbes convert sulfur into sulfuric acid, which lowers pH.
    *   **Application Rate:** For your loamy soil and a target reduction from 7.2 to 6.5-6.8, apply around **200-300 kg/ha of elemental sulfur**.
    *   **Timing:** Elemental sulfur works slowly. It's best applied **3-6 months before planting** and thoroughly incorporated into the soil. If you are planting soon, apply it now and understand the effect will be gradual, possibly taking several weeks or months to show significant changes.
    *   **Monitoring:** Re-test your soil pH after 3-6 months to see the effect and determine if more application is needed.

*   **Acidifying Organic Matter:**
    *   **Composted Pine Bark/Needles, Oak Leaves:** Incorporating these into the soil can also gradually lower pH over time.
    *   **Sphagnum Peat Moss:** Can be used, but is less common for large-scale field applications due to cost and sustainability concerns.

**Practical pH Advice:**

*   **Gradual Process:** Don't expect instant results with pH adjustment, especially with elemental sulfur. It's a slow, biological process.
*   **Avoid Over-correction:** Start with a moderate application, monitor, and adjust. Too low pH can be more detrimental than slightly high pH.
*   **Ammonium-based Fertilizers:** The use of fertilizers like Ammonium Sulfate (though we're using Urea, which is also acidifying over time) can also contribute to a slight lowering of pH over repeated applications.

---

### General Practical Advice for Farmers:

1.  **Water Management:** Always irrigate immediately after applying chemical fertilizers to help dissolve them and move nutrients into the root zone, preventing root burn. Good soil moisture is also critical for nutrient uptake.
2.  **Weed Control:** Keep your fields free of weeds. Weeds compete directly with chilli plants for water and nutrients.
3.  **Micronutrients:** While your soil analysis didn't include micronutrients, chilli plants also need them. If you observe any yellowing, stunted growth, or unusual leaf patterns not explained by NPK, consider a foliar spray containing a balanced blend of micronutrients (e.g., Zinc, Boron, Manganese, Iron). Many organic inputs (like FYM, compost, kelp meal) naturally provide micronutrients.
4.  **Observe Your Plants:** Your plants are your best indicators. Adjust your schedule based on their vigor, growth rate, and fruit production. If growth is slow, an earlier top-dressing might be needed; if plants are too leafy and not fruiting, reduce N.
5.  **Safety First:** When handling chemical fertilizers, always wear gloves and protective clothing. Store them safely away from children and animals.
6.  **Future Soil Testing:** Conduct soil tests every 2-3 years to monitor changes in nutrient levels and pH, allowing you to fine-tune your fertilization program for continuous optimal production.

By following these recommendations, you should be well-equipped to grow a healthy and productive chilli crop!"
2026-02-28 14:45:55,nutrient_advisory,90,90,116,7.1,,Peaty,,,,,,Coffee,,,"Dear Coffee Farmer,

Based on your soil analysis, we have a clear picture of your farm's nutrient status. While you have a good base of organic matter due to the peaty soil, there are some critical adjustments needed to optimize coffee production.

---

### 1. Nutrient Analysis

Here's an assessment of your soil's current nutrient levels for coffee cultivation:

*   **Nitrogen (N): 90 kg/ha - Deficient.** Coffee is a heavy feeder of Nitrogen, especially for vegetative growth and leaf development. Your current level is significantly below what's required for healthy, productive coffee trees.
*   **Phosphorus (P): 90 kg/ha - Very High/Excess.** This is surprisingly high for coffee, which typically has moderate P requirements. Adding more phosphorus would be detrimental and unnecessary.
*   **Potassium (K): 116 kg/ha - Deficient.** Coffee has an extremely high demand for Potassium, particularly during flowering and fruit development. Your current level is far too low for optimal fruit set, bean development, and overall plant health.
*   **pH: 7.1 - Too High (Alkaline).** The ideal pH range for coffee is slightly acidic, between 6.0 and 6.5. A pH of 7.1 will significantly reduce the availability of crucial micronutrients like Iron (Fe), Manganese (Mn), and Zinc (Zn), leading to deficiency symptoms despite their presence in the soil.
*   **Soil Type: Peaty - Excellent Organic Matter.** Peaty soils are generally rich in organic matter, which is fantastic for soil structure, water retention, and nutrient buffering. However, it can sometimes be prone to compaction or drainage issues if not managed correctly. The high pH is unusual for typical peat, suggesting liming in the past or specific parent material.

---

### 2. Fertilizer Recommendations (per hectare per year)

Given your soil's specific profile, our focus will be on supplying Nitrogen and Potassium, *avoiding* Phosphorus, and correcting the pH.

**Target Nutrient Additions (Approximate):**
*   **Nitrogen (N):** Aim to add 110-150 kg N/ha/year. (Bringing total N to ~200-240 kg/ha/year, factoring in your soil's 90 kg N).
*   **Phosphorus (P):** **0 kg/ha/year.** Absolutely no phosphorus fertilizer is needed.
*   **Potassium (K):** Aim to add 130-180 kg K/ha/year. (Bringing total K to ~250-300 kg/ha/year, factoring in your soil's 116 kg K).
*   **Micronutrients:** Essential due to high pH.

**Recommended Fertilizers:**

1.  **Nitrogen Source (with pH correction benefit): Ammonium Sulfate (21-0-0)**
    *   **Amount:** Approximately 500-700 kg/ha per year.
    *   **Why:** Provides Nitrogen and has an acidifying effect, which will help bring your high pH down towards the optimal range for coffee.

2.  **Potassium Source: Muriate of Potash (MOP) (0-0-60 K2O)**
    *   **Amount:** Approximately 250-300 kg/ha per year.
    *   **Why:** Most cost-effective way to deliver the large amounts of Potassium your coffee needs. (Note: 60% K2O means it contains 50% actual K). If bean quality is a paramount concern and budget allows, Sulfate of Potash (0-0-50 K2O) is an alternative that also provides sulfur but is more expensive.

3.  **Micronutrient Blend (Chelated Foliar Spray):**
    *   **Amount:** As per product label (e.g., typically 1-2 kg per 200 L water, applied 2-3 times per year).
    *   **Why:** Due to your high pH, Iron, Manganese, and Zinc will be locked up. Foliar application bypasses soil conditions and ensures the plant can absorb these vital micronutrients directly through its leaves. Choose a blend specifically designed for coffee or general broadleaf crops.

**Summary of Annual Fertilizer Input (per hectare):**
*   **Ammonium Sulfate (21-0-0):** 500-700 kg
*   **Muriate of Potash (0-0-60 K2O):** 250-300 kg
*   **Chelated Micronutrient Blend:** (As per product label for foliar application)

---

### 3. Application Schedule

Splitting fertilizer applications is crucial for coffee to ensure continuous nutrient supply and minimize losses. We recommend 3-4 applications per year, timed with the crop's growth stages:

*   **Application 1 (Early Wet Season / Post-Harvest & Pruning - August/September):**
    *   **Purpose:** Stimulate new vegetative growth, new wood for next year's crop.
    *   **Fertilizer:** 1/3 of Ammonium Sulfate + 1/3 of Muriate of Potash.
    *   **Method:** Apply in a band around the drip line of the coffee tree, avoiding direct contact with the trunk. Lightly incorporate into the soil if possible, or ensure it's applied before rainfall.

*   **Application 2 (Pre-Flowering / Early Fruit Set - October/November):**
    *   **Purpose:** Support flowering and initial fruit development.
    *   **Fertilizer:** 1/3 of Ammonium Sulfate + 1/3 of Muriate of Potash.
    *   **Method:** Same as above.

*   **Application 3 (Fruit Development / Filling - January/February):**
    *   **Purpose:** Crucial for bean size, density, and quality. Coffee's K demand is highest at this stage.
    *   **Fertilizer:** Remaining 1/3 of Ammonium Sulfate + Remaining 1/3 of Muriate of Potash.
    *   **Method:** Same as above.

*   **Foliar Micronutrients:**
    *   **Timing:** Apply 2-3 times during periods of active growth, typically between the first and second, and second and third soil applications. Do not apply during flowering to avoid scorching blossoms.
    *   **Method:** Apply as a fine mist to the leaves, preferably in the early morning or late afternoon to maximize absorption.

---

### 4. Organic Options (Natural Alternatives)

Integrating organic practices can greatly improve soil health, complement synthetic fertilizers, and help manage pH.

*   **Composted Animal Manure (e.g., Cow, Chicken):**
    *   **Benefits:** Excellent source of N, K, and other trace elements. Significantly improves soil structure, water retention, and microbial activity. Can have a slightly acidifying effect over time, especially if well-composted.
    *   **Application:** Apply 5-10 tons/ha annually, incorporated around the drip line during the early wet season. Ensure it's fully composted to avoid burning plants or introducing pathogens/weeds.

*   **Coffee Pulp/Husks:**
    *   **Benefits:** Rich in organic matter, K, and some N. Can help lower pH slightly due to its acidic nature. Improves soil structure.
    *   **Application:** Apply composted pulp around the base of the trees. Avoid applying fresh pulp directly as it can tie up nitrogen and attract pests/diseases. Composting is essential.

*   **Cover Cropping (e.g., Legumes like Mucuna pruriens, Crotalaria juncea):**
    *   **Benefits:** Legumes fix atmospheric nitrogen, slowly releasing it to the coffee plants. All cover crops add organic matter when slashed and incorporated, suppress weeds, and improve soil structure.
    *   **Application:** Plant between coffee rows, especially during fallow periods or the dry season, then slash and incorporate before the main rainy season.

*   **Kelp Meal:**
    *   **Benefits:** Good source of Potassium and a wide range of trace elements, growth hormones.
    *   **Application:** Can be incorporated into the soil or used in liquid form as a foliar spray.

*   **Biofertilizers:**
    *   **Benefits:** Microorganisms that enhance nutrient availability (e.g., N-fixing bacteria, P-solubilizing bacteria, K-mobilizing bacteria).
    *   **Application:** Follow product instructions; often applied via irrigation or as a seed/root dip.

---

### 5. pH Correction

Your pH of 7.1 is too high for optimal coffee growth. We need to gradually lower it to the 6.0-6.5 range.

*   **Elemental Sulfur (S):**
    *   **Method:** This is the most effective and long-term solution for lowering soil pH. Soil bacteria convert elemental sulfur into sulfuric acid, gradually acidifying the soil.
    *   **Amount:** Start with an application of **200-500 kg/ha of Elemental Sulfur.** The exact amount depends on your soil's buffering capacity (how much it resists pH change) and the desired drop.
    *   **Application:** Broadcast evenly across the field and lightly incorporate into the topsoil, preferably during the early wet season.
    *   **Timeline:** This is a slow process, taking several months to a year or more to see significant results. Re-test your pH every 6-12 months to monitor progress and adjust future applications.
    *   **Caution:** Do not over-apply, as this can lead to excessively low pH and nutrient toxicity. If unsure, apply a smaller amount and retest, or consult with a local soil specialist.

*   **Ammonium Sulfate (as recommended above):**
    *   **Benefit:** The consistent use of Ammonium Sulfate as your nitrogen source will provide a continuous, albeit slower, acidifying effect on the soil.

*   **Organic Matter:**
    *   **Benefit:** Long-term addition of organic matter (compost, manure, coffee pulp) can help buffer pH changes and gently push it downwards over many years.

**Practical Advice for Farmers:**

1.  **Soil Testing is Key:** This analysis is a snapshot. Continue to perform soil tests every 2-3 years to monitor nutrient levels and pH, allowing you to adjust your fertilizer program accordingly.
2.  **Observe Your Trees:** Your coffee trees will tell you a lot. Look for signs of nutrient deficiencies (yellowing leaves for N, stunted growth for K, interveinal chlorosis for Fe/Mn at high pH).
3.  **Water Management:** Peaty soils can be tricky. Ensure good drainage to prevent waterlogging, which can stress coffee roots, but also manage water retention during dry spells.
4.  **Local Expertise:** While this provides a general guideline, local conditions, specific coffee varieties, and past farm history can influence optimal practices. Consult with local agricultural extension services or experienced coffee growers in your region.
5.  **Start Gradually:** When implementing new fertilizer regimes or pH correction, it's often wise to start with the lower end of the recommended range and observe results before increasing.

By following these recommendations, you should see significant improvements in the health and productivity of your coffee farm. Good luck!"
2026-02-28 14:46:43,nutrient_advisory,95,87,120,7.4,,Chalky,,,,,,Banana,,,"As your agricultural advisor, let's break down the soil analysis for your banana cultivation and develop a practical fertilization plan.

---

### **Agricultural Advisor Report: Banana Fertilizer Recommendations**

**Based on your soil data:**
*   **Nitrogen (N):** 95 kg/ha
*   **Phosphorus (P):** 87 kg/ha
*   **Potassium (K):** 120 kg/ha
*   **pH:** 7.4
*   **Soil Type:** Chalky

---

### 1. Nutrient Analysis - What is deficient or excess?

*   **Nitrogen (N) - Deficient:** At 95 kg/ha, your soil nitrogen levels are on the lower side for optimal banana production. Bananas are heavy feeders, especially for vegetative growth.
*   **Phosphorus (P) - Adequate, but potentially limited:** 87 kg/ha is a fair level. However, given your high pH (7.4) and chalky soil, phosphorus can become ""tied up"" and less available to plants, even if the total amount is present. It might be less accessible than it appears.
*   **Potassium (K) - Severely Deficient:** 120 kg/ha is very low for bananas. Bananas are notoriously heavy potassium feeders, requiring significant amounts for fruit development, quality, disease resistance, and overall plant vigor. This is your most critical deficiency.
*   **pH (7.4) - Slightly High/Alkaline:** The ideal pH for bananas is generally between 6.0 and 7.0. At 7.4, nutrient availability, especially for phosphorus and micronutrients (such as Iron, Manganese, Zinc, and Boron), can be significantly reduced, even if they are present in the soil.
*   **Soil Type (Chalky):** Chalky soils are typically high in calcium carbonate, which contributes to high pH and can exacerbate the tie-up of phosphorus and certain micronutrients. They often have good drainage but can be prone to nutrient leaching if not managed well. Calcium is likely in excess.

**Summary:** Your primary concerns are severe **Potassium deficiency**, **Nitrogen deficiency**, and **high pH** potentially leading to micronutrient deficiencies.

---

### 2. Fertilizer Recommendations - Which fertilizers and how much per hectare?

For optimal banana production, a robust fertilization program is essential. We will aim for an annual application (per hectare) split into multiple doses.

**Target Annual Nutrient Application (per Hectare, approximate for established plants):**
*   **N:** 200-300 kg/ha
*   **P2O5:** 50-100 kg/ha
*   **K2O:** 300-600 kg/ha (Bananas are K-hungry!)

**Recommended Fertilizers:**

1.  **Potassium (K):** This is your biggest need.
    *   **Muriate of Potash (KCl, 60% K2O):** This is the most common and cost-effective source.
        *   **Amount:** 500 - 700 kg/ha per year
        *   *Calculation Example:* To apply 400 kg K2O, you'd need 400 / 0.60 = 667 kg MOP.
    *   *Alternative (if pH is a major concern):* Sulfate of Potash (K2SO4, 50% K2O, 17% S) – slightly more expensive but also provides sulfur and is slightly less alkaline.

2.  **Nitrogen (N):**
    *   **Urea (46% N):** A good source for readily available nitrogen.
        *   **Amount:** 400 - 550 kg/ha per year
        *   *Calculation Example:* To apply 250 kg N, you'd need 250 / 0.46 = 543 kg Urea.
    *   *Alternative (considering pH):* **Ammonium Sulfate (21% N, 24% S):** Provides nitrogen and sulfur, and has an acidifying effect, which would be beneficial for your high pH soil. You could substitute part of the Urea with Ammonium Sulfate.
        *   **Amount:** If substituting, consider 100-200 kg/ha of Ammonium Sulfate, reducing Urea accordingly.

3.  **Phosphorus (P):**
    *   **Di-Ammonium Phosphate (DAP, 18% N, 46% P2O5):** A good choice as it provides both P and some N, which you also need.
        *   **Amount:** 100 - 150 kg/ha per year
        *   *Calculation Example:* To apply 60 kg P2O5, you'd need 60 / 0.46 = 130 kg DAP. This would also contribute (130 * 0.18) ~23 kg N to your total.

4.  **Micronutrients:** Given your high pH and chalky soil, micronutrient deficiencies (especially Iron, Manganese, Zinc, Boron) are very likely.
    *   **Foliar Multi-Micronutrient Mix (Chelated forms preferred):** Apply as a foliar spray according to product instructions. Chelated forms are more available at high pH.
    *   **Magnesium Sulfate (Epsom Salts):** If a specific Mg deficiency is observed or confirmed by leaf tissue analysis, apply granularly or as a foliar spray.

**Combined Application Strategy (Example per hectare per year):**
*   **Muriate of Potash (KCl):** 650 kg
*   **Urea:** 450 kg (Adjusted for N from DAP)
*   **Di-Ammonium Phosphate (DAP):** 130 kg
*   **Foliar Multi-Micronutrient Mix:** As per product instructions (e.g., 2-3 applications/year)

---

### 3. Application Schedule - When to apply?

Bananas are continuous growers and feeders. Split applications are crucial for efficient nutrient uptake and to prevent leaching.

*   **Frequency:** Divide the total annual dose of N, P, and K into **6-12 equal applications** throughout the year. Smaller, more frequent doses are generally better than larger, infrequent ones.
*   **Timing:**
    *   **After Planting/Start of Ratoon Cycle:** Apply the first dose of NPK to support initial establishment and vegetative growth.
    *   **Vegetative Growth:** Higher N emphasis during periods of active leaf and sucker development.
    *   **Flowering/Fruiting:** Shift towards higher K emphasis during flowering, fruit set, and particularly during fruit filling.
    *   **After Harvest:** A dose post-harvest helps the plant recover and prepare for the next cycle.
*   **Method:**
    *   **Granular:** Spread granular fertilizers evenly around the base of the plant, within the drip line (where feeder roots are active), but away from the pseudostem.
    *   **Irrigation:** Always apply granular fertilizers to moist soil, or irrigate immediately after application to help dissolve the nutrients and move them into the root zone.
    *   **Foliar Sprays:** Apply micronutrient sprays during cooler parts of the day (early morning or late afternoon) to maximize absorption and avoid leaf scorch.

---

### 4. Organic Options - Natural alternatives?

Integrating organic matter is highly beneficial for chalky soils with high pH, as it improves soil structure, water retention, nutrient availability, and microbial activity.

*   **Composted Farmyard Manure (FYM) / Vermicompost:** Excellent all-around soil improvers.
    *   **Benefits:** Provides a slow release of N, P, K, and micronutrients. Buffers soil pH, improves soil structure, and enhances microbial life.
    *   **Application:** Apply 20-40 tons/ha annually, incorporated into the soil around the plants.
*   **Compost:** Similar benefits to FYM. Use high-quality, well-rotted compost.
*   **Chicken Litter:** Rich in N, P, and K. Use well-composted litter to avoid burning plants and to reduce pathogen risk.
    *   **Application:** 5-10 tons/ha annually, depending on nutrient content.
*   **Cover Crops:** Planting legumes (e.g., mucuna, sunn hemp) between banana rows can fix atmospheric nitrogen and add organic matter when incorporated.
*   **Wood Ash:** (Use with caution due to high pH and potential heavy metals) Can be a source of K and some P, but it's alkaline and will further raise your pH. Only use sparingly and if other K sources are unavailable, and consider its impact on pH.
*   **Bone Meal:** A slow-release source of phosphorus. Less effective in high pH soils as P can still be bound.
*   **Rock Phosphate:** Another slow-release P source, but again, its effectiveness is reduced in high pH soils.

**Practical Advice:** Organic options should *supplement* your inorganic fertilizer program, especially initially, given your severe K deficiency. Over time, as soil health improves, you might be able to slightly reduce inorganic inputs.

---

### 5. pH Correction - If needed, how to adjust?

Your pH of 7.4 is slightly high for bananas, and in chalky soils, lowering pH is challenging but important for nutrient availability.

*   **Elemental Sulfur:** This is the most effective way to lower soil pH. Soil microbes convert elemental sulfur into sulfuric acid.
    *   **Application:** Apply 500-1000 kg/ha of elemental sulfur. Spread evenly and incorporate it into the topsoil.
    *   **Frequency:** This is a slow process, taking several months. Retest your soil pH after 6-12 months and reapply if necessary. In chalky soils, repeated applications over several years may be required, and full pH reduction might not be achievable due to the buffering capacity of calcium carbonate.
*   **Acidifying Fertilizers:** Prioritize ammonium sulfate (as mentioned for N) instead of urea where possible, as it has an acidifying effect on the soil.
*   **Organic Matter:** Consistent and generous application of organic matter (compost, FYM) can help buffer soil pH and improve overall soil health, making micronutrients more available even at slightly higher pH levels.
*   **Foliar Micronutrients:** Continue with foliar application of chelated micronutrients. This bypasses the soil pH issue and delivers essential micronutrients directly to the leaves.

**Important Note on pH in Chalky Soils:** Be realistic about pH reduction. Chalky soils have a high ""buffering capacity"" due to calcium carbonate. While you can lower it, it's often a continuous effort, and you might not achieve the ideal 6.0-6.5 range significantly. Focus on making nutrients available despite the pH, especially through organic matter and chelated micronutrients.

---

### Practical Advice for Farmers:

1.  **Regular Soil Testing:** Conduct soil tests annually or every two years to monitor nutrient levels and pH changes. This allows you to fine-tune your fertilizer program and save money.
2.  **Leaf Tissue Analysis:** Periodically (e.g., once a year) take leaf samples for analysis. This provides insight into what nutrients the plant is actually absorbing, helping diagnose hidden deficiencies (especially micronutrients at high pH).
3.  **Observe Your Plants:** Pay close attention to plant vigor, leaf color, fruit development, and any signs of nutrient deficiency (e.g., yellowing leaves for N, purpling for P, marginal leaf burn for K, interveinal chlorosis for Fe/Mg).
4.  **Irrigation Management:** Proper irrigation is crucial. Nutrients need water to dissolve and be transported to the roots. Over-watering can lead to nutrient leaching, especially in well-drained chalky soils. Under-watering limits nutrient uptake.
5.  **Weed Control:** Weeds compete with banana plants for water and nutrients, so good weed management is essential.
6.  **Safety First:** Always wear appropriate protective gear (gloves, mask) when handling fertilizers. Store fertilizers safely away from children and animals.

By following these recommendations, you can address the specific nutrient needs of your bananas, manage your soil's pH, and foster healthy, productive plants. Good luck with your banana crop!"
2026-02-28 14:47:26,expert_advice,,,,,,,,,,,,,"Which crops require less water but give good returns?
","N=92, P=85, K=117, pH=7.0, Region=Kerala – Coastal Kerala","Hello Farmer,

That's an excellent question, especially with the changing climate patterns we're seeing. It's smart to look for crops that are more water-efficient while still bringing in good returns.

Let's break down your situation first:

*   **Soil Test (N=92, P=85, K=117):** These are **excellent** nutrient levels! You have a very fertile soil. This means your chosen crops will have a strong start and potentially need less additional fertilizer, saving you costs.
*   **pH=7.0:** Perfectly neutral. This is ideal for most crops, meaning you won't need to spend on soil amendments to adjust acidity or alkalinity.
*   **Region: Coastal Kerala:** This tells us you'll experience a distinct monsoon season with high rainfall, but also dry periods. Humidity will be generally high. Your soil is likely sandy-loam, which drains well but can lose water quickly in dry spells.

Given these factors, here are some crops that require less water but can provide good income, along with practical advice:

---

### Recommended Low-Water, High-Return Crops for Coastal Kerala:

1.  **Millets (ചാമ, തിന, റാഗി - Finger Millet, Foxtail Millet, Little Millet):**
    *   **Why they're good:** Extremely drought-tolerant, require minimal water once established, and thrive in warm climates. They are a staple food and demand is growing rapidly due to their health benefits (often called ""superfoods"").
    *   **Returns:** Good local market demand, and can fetch premium prices as organic or health food.
    *   **Practical Tip:** Sow just before or during the early monsoon. They will mostly rely on residual moisture after the rains. Look for local varieties adapted to Kerala's climate.

2.  **Pulses (പയറുവർഗ്ഗങ്ങൾ - Cowpea, Green Gram/Moong Dal, Black Gram/Urad Dal):**
    *   **Why they're good:** Very short-duration crops (60-90 days), require less water than rice, and improve soil fertility by fixing nitrogen.
    *   **Returns:** High demand in local markets for daily consumption, ensuring quick cash flow.
    *   **Practical Tip:** Ideal as an intercrop with coconut or as a rotation crop after monsoon rice. Cowpea (വള്ളിപ്പയർ / കുറ്റിപ്പയർ) is particularly resilient and popular in Kerala.

3.  **Drought-Tolerant Vegetables (ചില പച്ചക്കറികൾ):**
    *   **Sweet Potato (മധുരക്കിഴങ്ങ്):** Once established, it's quite drought-tolerant. A good source of carbohydrates and vitamins.
        *   **Returns:** Excellent local demand. Can be harvested in 3-4 months.
    *   **Okra (വെണ്ടക്ക):** While it benefits from some water, many local varieties are quite hardy and can produce well with less irrigation once the monsoon has passed.
        *   **Returns:** Constant demand, fast production.
    *   **Gourds (Bitter Gourd, Ridge Gourd - കൈപ്പക്ക, പടവലം):** Some varieties are relatively water-efficient compared to other vegetables, especially during the dry season if managed with mulching.
        *   **Returns:** Good market value.
    *   **Practical Tip:** Use trailing varieties where possible (like gourds) to cover the soil and reduce evaporation.

4.  **Cassava / Tapioca (മരച്ചീനി / കപ്പ):**
    *   **Why it's good:** Incredibly hardy and drought-tolerant once established. It's a food security crop and also has industrial uses (starch).
    *   **Returns:** Stable local demand as a staple, and potential for processing.
    *   **Practical Tip:** Plant at the onset of the monsoon. It will grow robustly and requires very little attention during dry spells.

5.  **Cashew (കശുമാവ്):**
    *   **Why it's good:** A long-term investment, but highly suitable for coastal sandy soils and requires very little water once mature. Cashew is a major crop in Kerala.
    *   **Returns:** Very high value nuts and cashew apples (which can also be processed).
    *   **Practical Tip:** If you have some fallow land or want to diversify for the long term, cashew is an excellent choice. Choose high-yielding, dwarf varieties suitable for your region.

6.  **Medicinal & Aromatic Plants:**
    *   **Aloe Vera (കറ്റാർവാഴ):** Very low water requirement, thrives in sandy soils.
    *   **Lemongrass (നാരങ്ങാപ്പുല്ല്):** Tolerant to dry conditions, used for oil extraction and tea.
    *   **Vetiver (രാമച്ചം):** Excellent for soil conservation, very drought-tolerant, and roots are used for essential oils and handicrafts.
    *   **Returns:** Niche market, but high potential for value addition (oil extraction, processed products).
    *   **Practical Tip:** Research local buyers for these niche crops before planting widely. Start with a small plot to test the market.

---

### General Practical Advice for Water-Efficient Farming in Coastal Kerala:

1.  **Mulching is Your Best Friend:**
    *   **How:** Cover the soil around your plants with organic materials like dried leaves, straw, coir pith, or even plastic mulch.
    *   **Why:** This is crucial! It dramatically reduces water evaporation from the soil, keeps the soil cooler, suppresses weeds (which compete for water), and slowly adds organic matter to your sandy-loam soil, improving its water-holding capacity.

2.  **Efficient Irrigation Methods:**
    *   **Drip Irrigation:** If you have access to a borewell or water source, a drip irrigation system delivers water directly to the plant's root zone, minimizing waste. It's an initial investment but pays off significantly in water and labor savings.
    *   **Hand Watering (Targeted):** If using a hose or watering can, water directly at the base of the plant rather than spraying broadly. Water deeply but less frequently to encourage roots to grow deeper.

3.  **Rainwater Harvesting:**
    *   **How:** Collect rainwater from your rooftops in tanks or create small farm ponds.
    *   **Why:** This water can be stored and used during dry spells, supplementing your irrigation needs.

4.  **Increase Organic Matter in Soil:**
    *   **How:** Beyond mulching, incorporate compost, farmyard manure, and grow green manure crops (like sunnhemp or dhaincha) and then plough them back into the soil before planting.
    *   **Why:** Your soil is already fertile (good NPK), but adding organic matter will significantly improve its structure, enhance its ability to hold moisture, and make it more resilient during dry periods.

5.  **Plant at the Right Time:**
    *   Utilize the monsoon effectively. Plant your main crops right at the onset or during the peak of the monsoon so they get enough moisture to establish themselves. Many low-water crops can then thrive on residual moisture.

6.  **Choose Local, Drought-Tolerant Varieties:**
    *   Consult your local Krishi Bhavan or agricultural university. They can recommend specific varieties of these crops that are known to perform well with less water in the Kerala climate.

7.  **Crop Rotation:**
    *   Rotate your crops, especially incorporating pulses. This maintains soil health, breaks pest and disease cycles, and further reduces the need for external inputs.

---

By focusing on these water-efficient crops and implementing smart water management techniques, you can ensure good returns even with less water, making your farm more resilient and profitable. Start with a small section to experiment with a couple of these options, observe their performance, and then scale up.

Best of luck with your farming!"
2026-02-28 14:48:03,expert_advice,,,,,,,,,,,,,"Is drip irrigation suitable for my vegetable farm?
","N=92, P=85, K=117, pH=7.0, Region=Kerala – Coastal Kerala","Absolutely, **yes, drip irrigation is highly suitable and an excellent investment for your vegetable farm in Coastal Kerala!**

Given your specific conditions – neutral pH (7.0), good nutrient levels (N=92, P=85, K=117, suggesting a productive soil), and location in Coastal Kerala – drip irrigation offers significant advantages.

Here's why it's a great fit and some practical advice:

### Why Drip Irrigation is Excellent for Your Farm:

1.  **Water Efficiency, Especially in Coastal Sandy Soils:** Coastal soils often tend to be sandy or loamy-sand. These soils have lower water-holding capacity and drain quickly. Drip irrigation delivers water directly to the root zone, minimizing evaporation, runoff, and deep percolation. This means every drop counts, which is crucial during dry spells, and even more so if water resources become limited.
2.  **Nutrient Efficiency (Fertigation):** You already have good nutrient levels. Drip irrigation allows for **fertigation**, which means you can deliver precise amounts of water-soluble fertilizers directly to the plants' roots through the drip lines. This leads to:
    *   **Less Nutrient Leaching:** Reduces the loss of valuable nutrients like nitrogen and potassium in sandy soils.
    *   **Optimized Uptake:** Plants get nutrients when and where they need them, leading to healthier growth and better yields.
    *   **Reduced Fertilizer Use:** You can often use less fertilizer while achieving better results.
3.  **Disease Reduction (Crucial in Humid Kerala):** Coastal Kerala has high humidity. Overhead irrigation (like sprinklers) wets the foliage, creating ideal conditions for fungal and bacterial diseases. Drip irrigation keeps the leaves dry, significantly reducing the incidence of common vegetable diseases, leading to healthier plants and less need for fungicides.
4.  **Weed Control:** Since only the plant's root zone is watered, the areas between rows remain dry, discouraging weed growth. This means less time and labor spent on weeding.
5.  **Consistent Moisture for Vegetables:** Vegetables thrive on consistent moisture. Drip irrigation provides a steady supply of water, preventing stress from water fluctuations, which can improve yield, quality, and appearance of your produce.
6.  **Adaptability to Terrain:** Drip systems can be easily installed on uneven or sloping land without significant water loss.
7.  **Potential Salinity Management (if applicable):** If your irrigation water source has a slight salinity risk due to proximity to the coast, drip irrigation can be beneficial. It allows for a continuous, localized flushing action around the root zone, helping to mitigate salt buildup directly where the roots are.

### Practical Advice for Implementation and Management:

1.  **Water Source and Quality:**
    *   **Test Your Water:** Before installing, get your irrigation water tested, especially for salinity, if you're using borewell water close to the coast. Drip systems require clean water.
    *   **Filtration is Key:** You *must* install a good filtration system (e.g., screen filter, disc filter) to prevent clogging of the emitters. Regular cleaning of these filters is crucial.
2.  **System Design:**
    *   **Consult an Expert:** Don't just buy a generic kit. Get advice from an agricultural engineer or a reputable drip irrigation dealer. They can help design a system tailored to your farm's layout, soil type, water pressure, and the specific vegetables you grow (emitter spacing, flow rate, mainline/lateral pipe sizing).
    *   **Consider Future Expansion:** Design the system with potential future expansion in mind.
3.  **Crop Spacing and Selection:**
    *   Drip is excellent for most vegetables (e.g., tomatoes, chillies, brinjal, gourds, leafy greens).
    *   Ensure your planting distances align with emitter spacing for optimal water delivery.
4.  **Operation and Maintenance:**
    *   **Regular Flushing:** Periodically flush the lateral lines to remove any accumulated sediment or debris that could cause clogging.
    *   **Check for Leaks and Clogs:** Regularly inspect your system for leaks, kinks, or clogged emitters. Promptly repair or replace damaged parts.
    *   **Pressure Management:** Maintain the correct operating pressure for your system. Too high a pressure can damage emitters, too low can lead to uneven water distribution.
    *   **Scheduling:** Learn how to schedule your irrigation. Initially, you might need to feel the soil to determine moisture levels. Over time, you'll get a feel for how long and how often to run the system based on crop needs and weather.
5.  **Fertigation Best Practices:**
    *   **Use Soluble Fertilizers:** Only use fertilizers specifically designed for fertigation.
    *   **Inject Carefully:** Use a proper injector (e.g., Venturi injector) to add fertilizers to the system.
    *   **Flush After Fertilizing:** Always flush the drip lines with clear water after fertigation to prevent fertilizer residue from clogging emitters.
    *   **Start Small:** Begin with small amounts and observe your plants' response.
6.  **Monsoon Management:**
    *   Remember that drip irrigation is *supplementary*. During heavy monsoon rains, you will turn off your drip system. It's primarily for the dry seasons and periods of low rainfall.
7.  **Cost and Subsidies:**
    *   **Initial Investment:** Drip irrigation does involve an initial investment.
    *   **Government Subsidies:** Check with the Kerala Department of Agriculture or your local Krishi Bhavan regarding any government subsidies or schemes available for micro-irrigation systems. These can significantly reduce your upfront cost.

In conclusion, moving to drip irrigation for your vegetable farm in Coastal Kerala is a **highly recommended step** that will lead to more efficient water and nutrient use, healthier plants, reduced disease incidence, and potentially higher, better-quality yields. It's a modern farming practice that aligns perfectly with your context."
2026-02-28 14:49:21,expert_advice,,,,,,,,,,,,,"My crop leaves are turning yellow — what could be the problem?
","N=92, P=85, K=117, pH=7.0, Region=Kerala – Coastal Kerala","Hello there! Yellowing leaves are a common worry for farmers, but with your detailed soil report and location, we can narrow down the possibilities and get you some practical advice.

Let's break down your situation:

*   **N=92, P=85, K=117:** These are all quite high. This is good, as it means your plants likely aren't short of the main nutrients. In fact, sometimes *too much* of one nutrient can make it harder for the plant to take up others.
*   **pH=7.0:** This is neutral. Generally good, but for some specific micronutrients, a slightly acidic pH (6.0-6.5) is better for availability.
*   **Region=Coastal Kerala:** This means hot, humid conditions, likely sandy or sandy-loam soils (which leach nutrients faster), and potential for heavy rainfall or even some salinity effects close to the coast.

Given this context, here are the most likely reasons your crop leaves are turning yellow, and what you can do:

---

### **Most Likely Suspects for Yellowing Leaves:**

1.  **Micronutrient Deficiencies (Very High Probability):**
    *   Even though your NPK is high, your plants might be lacking in essential *smaller* nutrients (micronutrients) like Iron, Magnesium, Zinc, or Sulfur.
    *   **Why in your case?**
        *   **High NPK:** Sometimes, an abundance of primary nutrients can create imbalances, making it harder for the plant to absorb micronutrients. For example, high Potassium (K) can reduce Magnesium (Mg) uptake, and high Phosphorus (P) can lock up Zinc (Zn) and Iron (Fe).
        *   **Neutral pH (7.0):** At this pH, some micronutrients like Iron and Zinc become less available to plants, even if they are present in the soil.
        *   **Coastal Kerala & Sandy Soils:** Heavy rainfall in Kerala can leach (wash away) mobile micronutrients from the soil, especially in sandy soils.
    *   **What to look for (Symptoms):**
        *   **Iron (Fe) Deficiency:** Newest leaves turn yellow between the veins (interveinal chlorosis), while the veins stay green. In severe cases, the whole leaf turns pale yellow or white.
        *   **Magnesium (Mg) Deficiency:** Older leaves show yellowing between the veins, often starting at the edges, while the veins remain green. This can progress inwards.
        *   **Zinc (Zn) Deficiency:** Stunted growth, small leaves, often yellowing between veins, especially on new growth.
        *   **Sulfur (S) Deficiency:** General yellowing of the entire plant, similar to Nitrogen deficiency, but often appears on newer leaves first.

2.  **Waterlogging / Root Problems:**
    *   Coastal Kerala experiences heavy rains. If your fields have poor drainage, roots can sit in water for too long.
    *   **Why it causes yellowing:** Roots need oxygen to breathe and absorb nutrients. When waterlogged, they suffocate, get damaged, and cannot absorb what the plant needs, leading to overall stress and yellowing.
    *   **What to look for:** Yellowing that starts from the bottom leaves and spreads upwards, wilting despite plenty of moisture, and a sickly smell from the soil around the roots.

3.  **Pest or Disease Attack:**
    *   Many pests (like spider mites, aphids, whiteflies) suck sap from leaves, causing them to turn yellow or mottled.
    *   Some diseases (fungal, bacterial, viral) can also cause yellowing as a primary symptom.
    *   **What to look for:** Visible insects on the underside of leaves, unusual spots, lesions, stunted growth, distorted leaves, or a pattern of yellowing that doesn't fit nutrient deficiencies (e.g., patchy, spreading from specific points).

---

### **Practical Advice and Steps to Take:**

**Step 1: Observe Your Plants Closely (Your Best Tool!)**

*   **Which leaves are turning yellow?**
    *   **Newer leaves:** Often points to Iron, Zinc, or Sulfur deficiency.
    *   **Older leaves:** Often points to Magnesium deficiency, or severe water stress/root issues.
    *   **All leaves:** Could be severe waterlogging, pest infestation, or general stress.
*   **What pattern does the yellowing follow?**
    *   **Between veins, veins stay green:** Classic for Iron or Magnesium.
    *   **Uniform yellowing (veins and all):** Could be Sulfur, or general stress.
*   **Check the roots:** Gently dig around a plant (or pull one out if it's struggling significantly). Are the roots white and healthy, or brown, mushy, or sparse?
*   **Look for pests:** Inspect the underside of leaves, stems, and growing points for any insects, eggs, or webbing.
*   **Look for disease signs:** Check for spots, unusual growths, or wilting.

**Step 2: Address Micronutrient Deficiencies (If Suspected)**

*   **Foliar Sprays:** This is the fastest way to get micronutrients into the plant, especially if soil availability is an issue due to pH.
    *   **For Iron/Zinc:** Look for chelated iron (like Fe-EDTA) and zinc sulfate sprays. Apply as per product instructions, usually early morning or late evening.
    *   **For Magnesium:** Epsom salts (Magnesium Sulfate) is excellent. Dissolve 10-15 grams per liter of water and spray on leaves.
    *   **For Sulfur:** While not typically a foliar spray, some combination micronutrient mixes will include it.
*   **Soil Application:**
    *   **Add Organic Matter:** Mixing in plenty of well-rotted farmyard manure or compost will gradually improve soil structure, provide a slow release of various micronutrients, and help buffer the pH, making nutrients more available. This is a long-term solution.
    *   **Specific Micronutrient Fertilizers:** If you strongly suspect a specific deficiency (e.g., Iron), you can apply chelated iron to the soil. For Magnesium, Magnesium Sulfate (Epsom salts) can be broadcast.

**Step 3: Improve Water Management and Drainage**

*   **Drainage:** If you suspect waterlogging, improve drainage. This might involve creating raised beds, digging shallow trenches, or ensuring your field design allows excess water to escape.
*   **Irrigation:** Even in coastal Kerala, dry spells can occur. Ensure you are watering adequately but not excessively. Check soil moisture before watering.
*   **Soil Aeration:** Lightly cultivate or use tools to break up any compacted soil around the root zone to allow more air in.

**Step 4: Pest and Disease Control (If Identified)**

*   **Identify the specific pest/disease:** A local agricultural expert or KVK can help.
*   **Implement appropriate control measures:** This could be organic methods (neem oil, soap solutions) or targeted chemical sprays, depending on the severity and type of issue.

**Step 5: Consult Local Experts**

*   **Your local Krishi Vigyan Kendra (KVK) or agricultural department is invaluable.** Show them your soil report and a sample of your yellowing leaves. They can give you tailored advice specific to your crop, local conditions, and current pest/disease pressures.

---

**Summary Action Plan:**

1.  **Examine your plants closely:** Note *which* leaves are yellow, the *pattern* of yellowing, and check for any visible pests or diseases.
2.  **Consider a micronutrient foliar spray:** A general micronutrient cocktail or specific sprays for Iron and Magnesium would be a good first step, especially for quick relief.
3.  **Evaluate your drainage:** Is water sitting in your fields after rain?
4.  **Add organic matter:** Start incorporating compost or well-rotted manure to improve overall soil health.

By following these steps, you should be able to pinpoint the problem and get your crops back to their healthy green color! Good luck!"
2026-02-28 14:49:46,expert_advice,,,,,,,,,,,,,How can I control pest attacks without heavy chemical use?,"N=92, P=85, K=117, pH=7.0, Region=Kerala – Coastal Kerala","Hello there! It's an excellent goal to reduce heavy chemical use in your farm, especially with your good soil conditions (N=92, P=85, K=117, pH=7.0 are all in a healthy range, indicating robust soil). Strong plants are naturally more resistant to pests. In coastal Kerala, we have specific challenges due to the hot, humid climate, but also many natural solutions.

Here's a practical guide to controlling pests without relying heavily on chemicals:

### 1. Build a Strong Foundation: Healthy Plants & Soil

*   **Maintain Soil Health:** Your NPK and pH are good. Keep it that way by regularly adding organic matter like well-rotted cow dung, compost, or green manure. Healthy soil means healthy plants, which are less attractive to pests.
*   **Avoid Over-Fertilizing Nitrogen:** While your N is good, too much *added* nitrogen can lead to lush, soft growth that is very attractive to sucking pests like aphids and mealybugs. Fertilize judiciously based on crop needs, not just to make plants look ""green.""
*   **Proper Watering:** Both under-watering and over-watering can stress plants, making them vulnerable. Water consistently and deeply, especially during dry spells. In coastal areas, waterlogging can also be an issue, so ensure good drainage.

### 2. Cultural Practices: Prevention is Key

*   **Crop Rotation:** Don't grow the same crop in the same spot year after year. This breaks the life cycle of pests specific to that crop. For example, if you grow vegetables, rotate with a different family of vegetables or a green manure crop.
*   **Field Sanitation (Cleanliness is Godliness!):**
    *   **Remove Weeds:** Weeds often act as alternative hosts for pests and diseases. Keep your fields and surrounding areas clean.
    *   **Remove Crop Residues:** After harvest, clear away all plant debris. Many pests and diseases overwinter in old plant material.
    *   **Prune Regularly:** Remove dead, diseased, or damaged leaves and branches. This improves air circulation (reducing fungal issues) and removes potential pest hideouts.
*   **Timely Planting:** Plant your crops at the recommended time for your region. Planting too early or too late can expose young plants to peak pest populations.
*   **Proper Spacing:** Give plants enough room to grow. Good air circulation helps prevent fungal diseases and makes it harder for pests to spread rapidly.

### 3. Physical & Mechanical Methods: Get Hands-On!

*   **Hand Picking:** For larger pests like caterpillars, beetles, or even slugs, simply pick them off and destroy them. This is very effective, especially in smaller plots.
*   **Water Spray:** A strong jet of water can dislodge aphids, mealybugs, and spider mites from leaves. Do this in the morning so the leaves dry quickly.
*   **Yellow Sticky Traps:** These simple traps, often available at agricultural stores or easily made with yellow plastic sheets coated with sticky oil (like castor oil), attract and trap flying insects like whiteflies, aphids, and leaf miners. Place them strategically around your crops.
*   **Netting/Row Covers:** For high-value or vulnerable young plants, fine mesh netting can physically prevent flying insects from laying eggs. This is useful for nurseries or specific vegetable beds.
*   **Pheromone Traps:** For specific pests like fruit flies (a common menace in Kerala), pheromone traps lure male insects, reducing their population.

### 4. Biological Control: Nature's Army

*   **Encourage Beneficial Insects:** These are your farm's best friends! Ladybugs, lacewings, predatory mites, and certain wasps feed on harmful pests.
    *   **Plant Flowers:** Grow flowering plants (like marigolds, cosmos, sunflowers, dill, coriander) around your farm. Their nectar and pollen provide food for beneficial insects, keeping them around.
    *   **Avoid Broad-Spectrum Sprays:** Heavy chemical sprays kill beneficial insects along with pests.
*   **Attract Birds:** Set up perches or plant small fruiting trees/shrubs near your farm to attract birds that feed on insects.

### 5. Botanical Pesticides & Home Remedies: Mild Interventions

These are not ""heavy chemicals"" but natural extracts or simple household items that can repel or kill pests without leaving harmful residues. Use them only when you see a pest problem emerging, not as a routine spray.

*   **Neem Oil/Neem Cake:** This is a miracle worker in Kerala!
    *   **Neem Oil Spray:** Mix 5-10 ml of good quality neem oil (cold-pressed, azadirachtin content >300 ppm) with 1 litre of water and a few drops of mild soap (as an emulsifier). Spray this on leaves (both top and bottom) at dusk. It acts as an anti-feedant, repellent, and growth disruptor for many pests.
    *   **Neem Cake:** Incorporate neem cake into the soil during planting. It helps control soil-borne pests like nematodes and acts as a slow-release fertilizer.
*   **Garlic & Chili Spray:** Crush a few garlic cloves and a couple of green chilies. Soak them in water overnight, then strain. Mix the strained liquid with some mild soap and spray on affected plants. This acts as a repellent.
*   **Soap Solution:** For soft-bodied insects like aphids, mealybugs, and spider mites, a solution of mild liquid soap (e.g., dish soap, but ensure it's not anti-bacterial or harsh) mixed with water (1-2 teaspoons per liter) can be very effective. Spray directly on the pests, ensuring good contact.
*   **Wood Ash:** Dusting wood ash lightly on leaves can deter some chewing insects and snails/slugs. Be careful not to use too much, as it can affect leaf respiration.

### 6. Monitor Regularly

*   **Daily Inspection:** Spend a few minutes each day walking through your farm. Look under leaves, check new shoots, and observe any unusual changes.
*   **Early Detection is Key:** The earlier you spot a pest problem, the easier it is to control it with non-chemical methods. A small infestation is much easier to manage than a full-blown attack.

By adopting these integrated strategies, you can effectively manage pests in your coastal Kerala farm, ensuring healthier crops and a safer environment for everyone. It requires observation, patience, and a little more effort, but the rewards are truly worth it!"
2026-02-28 14:50:41,expert_advice,,,,,,,,,,,,,"What is the best treatment for fungal infection in my plants?
","N=92, P=85, K=117, pH=7.0, Region=Kerala – Coastal Kerala","Namaste! As an agricultural expert, I understand your concern about fungal infections, especially in a humid, coastal region like Kerala. The good news is that with the right approach, you can effectively manage and prevent these issues.

First, let's briefly look at your soil context:
*   **N=92, P=85, K=117:** Your Phosphorus (P) and Potassium (K) levels are quite good, and Nitrogen (N) is moderate. Maintaining balanced nutrition is crucial as healthy plants are more resistant to diseases. Avoid excessive nitrogen, which can lead to lush, soft growth that's more susceptible to fungal attacks.
*   **pH=7.0:** A neutral pH is generally favorable for most plants and nutrient availability, which is excellent.

Now, regarding the ""best treatment"" for fungal infections, there isn't one single magic bullet. It's a combination of prevention, early identification, and appropriate treatment. Here’s a practical guide:

---

### **Understanding Fungal Infections in Coastal Kerala**

Coastal Kerala's hot, humid climate with heavy rainfall is a paradise for fungi. They thrive in moisture and warmth. Common fungal problems you might encounter include:
*   **Leaf Spots & Blights:** Dark spots on leaves, eventually leading to drying up.
*   **Powdery Mildew:** White, powdery growth on leaves and stems.
*   **Downy Mildew:** Purplish or greyish fuzzy growth, usually on the underside of leaves.
*   **Rusts:** Orange, brown, or yellow pustules (like rust) on leaves.
*   **Root Rot & Damping Off:** Wilting plants, discolored stems at soil level, often affecting young seedlings due to waterlogged conditions.

---

### **The Best Treatment Strategy: A Multi-Pronged Approach**

#### **Step 1: Prevention (Most Important!)**

Prevention is always better than cure. Focus on these practices:

1.  **Improve Air Circulation:**
    *   **Proper Spacing:** Don't plant too close together. Give plants enough room to breathe.
    *   **Pruning:** Regularly remove old, dead, or overcrowded branches and leaves. This allows air to flow through the canopy, drying out moisture quickly.
2.  **Smart Watering:**
    *   **Water at the Base:** Water the soil directly, not the leaves, especially in the evening.
    *   **Morning Watering:** Water in the morning so leaves can dry out completely during the day.
    *   **Good Drainage:** Ensure your soil drains well to prevent waterlogging, which is a major cause of root rot. For potted plants, ensure drainage holes are clear. For beds, consider raised beds in low-lying areas.
3.  **Sanitation & Hygiene:**
    *   **Remove Infected Parts:** As soon as you spot an infected leaf or branch, remove it immediately. Dispose of it away from the garden (don't compost diseased material).
    *   **Clean Tools:** Sterilize your pruning shears and other tools with rubbing alcohol or a bleach solution (1 part bleach to 9 parts water) after pruning diseased plants to prevent spreading.
    *   **Crop Rotation:** If growing vegetables, avoid planting the same crop in the same spot year after year. Rotate crops to break disease cycles in the soil.
4.  **Balanced Nutrition:** While your NPK is good, ensure your plants get a complete, balanced diet. Healthy, robust plants are naturally more resistant to diseases. Avoid over-fertilizing with nitrogen, which can make plants more susceptible.
5.  **Resistant Varieties:** If available for your specific crops, choose disease-resistant plant varieties.

#### **Step 2: Early Identification & Action**

Regularly inspect your plants. The sooner you spot an infection, the easier it is to treat. Look for:
*   Unusual spots, discoloration, or growths on leaves, stems, or fruits.
*   Wilting or drooping that isn't due to lack of water.
*   White, grey, or black fuzzy growth.

#### **Step 3: Organic & Biological Treatments (First Line of Defense)**

For mild to moderate infections, or as a preventative measure:

1.  **Neem Oil Spray:** A natural fungicide and insecticide. Mix pure neem oil with water and a few drops of mild soap (as an emulsifier) according to package instructions. Spray thoroughly, covering both sides of the leaves, every 5-7 days until the infection subsides. It also works as a good preventative.
2.  **Trichoderma & Pseudomonas (Bio-fungicides):** These are beneficial microorganisms that compete with and suppress harmful fungi in the soil.
    *   **Application:** Mix the powder with water and use it as a soil drench around the base of plants, or as a seed treatment before planting. This is excellent for preventing root rot and damping off. *Highly recommended for Kerala's conditions.*
3.  **Baking Soda Spray (for Powdery Mildew):** Mix 1 teaspoon of baking soda and a few drops of mild liquid soap in 1 liter of water. Spray on affected leaves, especially for powdery mildew. Use in the morning to allow it to dry.
4.  **Buttermilk / Sour Curd (Traditional Method):** Dilute sour buttermilk or curd with an equal amount of water. Spray on plants. The lactic acid bacteria can help control some fungal infections, especially mild leaf spots.

#### **Step 4: Chemical Fungicides (When Necessary)**

For severe infections or when organic methods aren't enough, chemical fungicides might be needed. **Always read and follow the manufacturer's instructions carefully for dosage, application, and safety precautions.** Wear gloves, a mask, and protective clothing.

1.  **Contact Fungicides (Protective):** These stay on the plant surface and prevent spores from germinating.
    *   **Mancozeb (e.g., Dithane M-45):** A broad-spectrum contact fungicide effective against many leaf spots, blights, and rusts. Apply every 7-10 days.
    *   **Copper Oxychloride (e.g., Blitox):** An old but effective broad-spectrum fungicide, particularly good for downy mildew, blights, and leaf spots.
2.  **Systemic Fungicides (Curative & Protective):** These are absorbed by the plant and move throughout its tissues, treating existing infections and providing protection.
    *   **Carbendazim (e.g., Bavistin):** Effective against many fungal diseases, including powdery mildew, leaf spots, and some root rots.
    *   **Propiconazole / Difenoconazole:** Effective against rusts and powdery mildew.

**Important Chemical Fungicide Tips:**
*   **Rotate Fungicides:** Don't use the same chemical fungicide repeatedly. Fungi can develop resistance. Alternate between different chemical groups (e.g., Mancozeb one week, Carbendazim the next).
*   **Apply Thoroughly:** Cover all plant surfaces, including the undersides of leaves.
*   **Timing:** Apply during dry periods, preferably in the morning or late afternoon, to allow the spray to dry before rain or dew.

---

### **Long-Term Management**

*   **Continuous Monitoring:** Keep observing your plants.
*   **Record Keeping:** Note down which treatments worked for which problem.
*   **Soil Health:** Continue building healthy soil with organic matter, as healthy soil contributes to healthy plants.

---

By implementing these practices, you'll be well-equipped to manage fungal infections in your plants in Coastal Kerala. Remember, consistency and observation are key. Good luck with your farming!"
2026-02-28 14:51:17,expert_advice,,,,,,,,,,,,,"Will this season’s rainfall affect my crop choice?
","N=92, P=85, K=117, pH=7.0, Region=Kerala – Coastal Kerala","Yes, absolutely! In Coastal Kerala, **rainfall is arguably the most crucial factor that will affect your crop choice this season.**

Let's break down why and what you can do, combining your soil test results with your location.

---

### The Short Answer: Yes, Significantly!

Coastal Kerala experiences heavy monsoon rains and then a drier period. Your crop choices must align with these distinct weather patterns. Trying to grow a crop that hates waterlogging during the peak monsoon will lead to failure, just as growing a water-hungry crop in the dry season without irrigation will fail.

---

### Understanding Your Soil First (N=92, P=85, K=117, pH=7.0)

This is excellent news!

*   **pH 7.0 (Neutral):** This is ideal for most crops. You don't need to worry about adjusting your soil acidity or alkalinity.
*   **N=92, P=85, K=117 (Very High Fertility):** Your soil is naturally rich in nutrients!
    *   **N (Nitrogen):** Good for leafy growth.
    *   **P (Phosphorus):** Good for root development, flowering, and fruiting.
    *   **K (Potassium):** Excellent for overall plant health, disease resistance, and fruit quality. The K level is particularly high, which is fantastic!

**What this means for you:** You have very fertile soil, which gives you a great head start. You'll likely need less initial fertilizer, and can focus on targeted feeding as your plants grow.

---

### Crop Choices Based on Rainfall Patterns in Coastal Kerala:

Kerala generally experiences two main cropping seasons tied to the monsoons:

**1. Monsoon Season (June - October/November - ""Kharif"" / ""Mundakan""):**
This is the period of heavy southwest monsoon rains, often followed by the northeast monsoon.

*   **The Challenge:**
    *   **Waterlogging:** Heavy, continuous rains can drown roots, causing root rot and nutrient loss.
    *   **Disease Spread:** High humidity and wet conditions are perfect for fungal and bacterial diseases.
    *   **Physical Damage:** Strong winds and heavy downpours can damage delicate plants.
    *   **Nutrient Leaching:** Excessive water can wash away vital nutrients from the topsoil.

*   **Good Crop Choices for Monsoon Season:**
    *   **Paddy (Rice):** The classic monsoon crop for a reason! It thrives in standing water.
    *   **Tuber Crops:** Tapioca (Cassava), Elephant Foot Yam (Chenai), Taro (Chembu), and Sweet Potato can tolerate some moisture, especially if planted on ridges or mounds to ensure drainage around the crown.
    *   **Leafy Vegetables (with protection/good drainage):** Amaranth (Cheera), Malabar Spinach (Basella), or some varieties of leafy greens that can be grown in raised beds or containers under partial cover.
    *   **Perennials:** Coconut and Arecanut palms are established, but ensure good drainage around their bases.
    *   **Certain Gourds (on trellises):** Bitter Gourd (Paval), Snake Gourd (Padaval), Ridge Gourd (Peechinga) can be grown on strong trellises to keep fruits off the wet ground and improve air circulation.

*   **Crops to AVOID (or plant with extreme caution) during peak monsoon:**
    *   Most pulses (Mung bean, Cowpea) – very sensitive to waterlogging.
    *   Most high-value vegetables like Tomato, Chilli, Brinjal (Eggplant) – highly susceptible to disease and root rot in heavy rain.
    *   Onions, Garlic.

**2. Post-Monsoon / Dry Season (November/December - May - ""Rabi"" / ""Punja""):**
This period sees decreasing rainfall, leading to drier conditions.

*   **The Challenge:**
    *   **Water Scarcity:** You'll need reliable irrigation.
    *   **Heat Stress:** Towards April-May, temperatures can get very high.

*   **Good Crop Choices for Dry Season (with irrigation):**
    *   **Most Vegetables:** Chilli (Mulagu), Brinjal (Vazhuthananga), Tomato (Thakkali), Okra (Vendakka), Yard Long Bean (Payar), Bottle Gourd (Churakka), Ash Gourd (Kumbalanga), Cucumber (Vellarikka).
    *   **Pulses:** Mung bean (Cherupayar), Cowpea (Vanpayar).
    *   **Greens:** Various types of spinach (Palak), Amaranth.
    *   **Spices:** Ginger (Inchi), Turmeric (Manjal) can be planted towards the end of the monsoon to harvest in the dry season, but need careful water management.

---

### Practical Advice for You, the Farmer:

1.  **Embrace Raised Beds:** This is your best friend in Coastal Kerala! For any crop sensitive to waterlogging, build raised beds (1-2 feet high, 3-4 feet wide). This ensures excellent drainage even during heavy rains.
2.  **Ensure Good Drainage:** Beyond raised beds, check your field for any areas where water tends to collect. Dig small drainage channels if needed to guide excess water away.
3.  **Choose the Right Crop for the Right Season:** Don't fight nature. Select crops that are known to thrive in your specific seasonal conditions.
4.  **Mulch, Mulch, Mulch!**
    *   During the dry season, mulching (using dry leaves, straw, coir pith, or rice husk) helps conserve soil moisture, reduces weed growth, and keeps soil temperatures stable.
    *   During the monsoon, a thin layer of mulch can help prevent soil erosion and splashing, reducing disease spread, but don't overdo it to avoid trapping too much moisture.
5.  **Utilize Your Rich Soil Wisely:** Since your NPK levels are high, you won't need to add much fertilizer at the beginning. As plants grow and produce, you might need a small top-dressing of organic fertilizer or a balanced NPK specific to the crop's needs. Get advice from your local Krishi Bhavan for specific crop nutrient requirements.
6.  **Monitor Weather Forecasts:** Keep a close eye on local weather predictions, especially when planting or if you have sensitive crops in the ground.
7.  **Consider Short-Duration Crops:** For vegetables, choose varieties that mature quickly. This allows you to harvest before extreme weather events or switch to a different crop if conditions change unexpectedly.
8.  **Crop Rotation:** Practice crop rotation to maintain soil health, manage pests, and prevent disease buildup. Don't grow the same crop in the same spot season after season.

---

**In summary:** Your fertile soil is a huge asset! However, the rainfall patterns in Coastal Kerala *will* dictate your crop choices. By understanding the seasons and implementing practical strategies like raised beds and proper drainage, you can maximize your chances of a successful harvest. Good luck!"
2026-02-28 14:51:51,crop_recommendation,92,85,117,7.0,44,Clay,20,55,1338,Samba (Aug – Jan) – TN Main Season,Tamil Nadu – Coastal Tamil Nadu,,,,"Okay, as an agricultural advisor, based on the conditions you've provided for Coastal Tamil Nadu during the Samba season, here are my top recommendations:

---

### **Soil & Environmental Conditions Summary:**

*   **Soil:** Highly fertile (N, P, K all good), neutral pH, excellent moisture retention due to clay type.
*   **Environment:** Mild temperatures, moderate humidity, and critically, *very high rainfall* (1338mm) during the Samba season (Aug – Jan). This indicates a strong need for crops that either tolerate or thrive in high moisture/waterlogged conditions or excellent drainage management.
*   **Region/Season:** Coastal Tamil Nadu, Samba season is the main growing season, implying good support for staple crops.

---

### **Top 3 Recommended Crops:**

#### **1. Paddy (Rice)**

*   **Suitability Score:** 9.5/10
*   **Why it suits these conditions:**
    *   **Soil:** Paddy thrives in heavy clay soils as they retain water exceptionally well, which is crucial for its growth. The high nutrient levels (N, P, K) and neutral pH (7.0) are ideal for maximizing rice yields.
    *   **Moisture & Rainfall:** The 44% soil moisture and very high rainfall (1338mm) are *perfect* for paddy cultivation, which requires standing water for much of its growth cycle. This condition, often a challenge for other crops, is an advantage for rice.
    *   **Temperature & Season:** 20°C is a suitable temperature for rice growth, and Samba (Aug – Jan) is the traditional main rice season in Tamil Nadu, indicating established practices and suitable varieties.
    *   **Region:** Coastal Tamil Nadu often features low-lying areas suitable for wetland rice cultivation.
*   **Expected Yield:** With good management and suitable high-yielding varieties, you can expect an average yield of **5,000 – 7,000 kg/ha (5-7 tonnes/ha)** of milled rice.
*   **Best Planting Time:** Transplanting should ideally be done from **August to September**, aligning with the onset of the Samba season and ensuring the crop benefits fully from the monsoon rains.

#### **2. Sugarcane**

*   **Suitability Score:** 8.8/10
*   **Why it suits these conditions:**
    *   **Soil:** Sugarcane prefers deep, fertile, well-drained clay-loam soils, but can perform well in heavier clay soils with good organic matter and moisture. The high NPK and neutral pH are excellent for vigorous growth.
    *   **Moisture & Rainfall:** Sugarcane is a water-intensive crop and will benefit significantly from the high soil moisture and substantial rainfall. While it doesn't require waterlogging, consistent moisture is key, which the clay soil and rainfall will provide.
    *   **Temperature:** 20°C is a favorable temperature for sugarcane growth and tillering.
    *   **Season & Region:** Sugarcane is a major commercial crop in Tamil Nadu, and this season allows for its establishment and growth benefiting from the ample moisture.
*   **Expected Yield:** With optimal conditions and management, an expected yield range is **80 – 120 tonnes/ha**.
*   **Best Planting Time:** Planting can be done from **August to October**, taking advantage of the active monsoon period for strong initial growth.

#### **3. Banana**

*   **Suitability Score:** 8.0/10
*   **Why it suits these conditions:**
    *   **Soil:** Banana plants thrive in rich, fertile, well-drained but moisture-retentive deep soils. The clay soil with high fertility (NPK) and neutral pH is highly suitable. Good drainage is crucial to prevent root rot, which needs to be managed even with clay soil.
    *   **Moisture & Rainfall:** Bananas are heavy feeders of water. The high rainfall and moisture-retentive clay soil will significantly reduce the need for supplemental irrigation, promoting healthy growth.
    *   **Temperature & Humidity:** Tropical conditions with 20°C temperature and 55% humidity are very conducive to banana cultivation.
    *   **Region:** Coastal Tamil Nadu has a suitable climate for banana cultivation.
*   **Expected Yield:** Depending on the variety and management practices, expected yields can range from **30 – 50 tonnes/ha**.
*   **Best Planting Time:** Planting can be initiated from **August to September**, allowing the young plants to establish well with ample water availability during the initial growth phase of the Samba season.

---

**Important Note:** For clay soils with very high rainfall, ensuring adequate surface drainage (e.g., raised beds for banana and sugarcane, or well-designed paddy fields) is crucial to prevent waterlogging beyond what the crop can tolerate, especially for the initial establishment phase of non-paddy crops."
2026-02-28 14:52:19,expert_advice,,,,,,,,,,,,,"Which crop has the highest market demand right now?
","N=92, P=85, K=117, pH=7.0, Region=Tamil Nadu – Coastal Tamil Nadu","Vanakkam, Ayya/Amma! It's an excellent question to be asking as a farmer. Chasing the ""highest market demand"" can be tricky because it changes fast, but we can definitely identify crops with **consistently good and reliable demand** in Coastal Tamil Nadu, offering good returns.

Based on your soil report (N=92, P=85, K=117, pH=7.0) and region (Coastal Tamil Nadu), you have a very healthy soil foundation! A pH of 7.0 is ideal for a wide range of crops, and your NPK levels are generally good, especially potassium. This gives you a lot of flexibility.

Here's my practical advice:

---

### Crops with Consistently Good Market Demand in Coastal Tamil Nadu

Instead of just one ""highest demand"" crop, which can be a moving target, let's focus on crops that offer reliable income and are well-suited for your conditions:

1.  **Coconut (தென்னை):**
    *   **Why:** This is the quintessential coastal crop for a reason. High, consistent demand for tender coconuts, mature coconuts (for oil, copra), and various coir products. Your soil is excellent for it, and the coastal climate is ideal.
    *   **Market Advantage:** Long-term, stable income. Products are always in demand locally and across India.
    *   **Consideration:** Requires a significant initial wait (5-7 years for full yield), but then provides income for decades. Your good K levels are a plus for coconut.

2.  **Cashew (முந்திரி):**
    *   **Why:** Another excellent choice for coastal areas, especially if you have slightly sandier patches. Cashew nuts have a very high and consistent demand, both domestically and for export.
    *   **Market Advantage:** High-value crop with stable demand. Relatively low maintenance once established.
    *   **Consideration:** Similar to coconut, it's a long-term investment (starts yielding in 3-5 years).

3.  **Vegetables (காய்கறிகள்):**
    *   **Why:** For quick income and short-term cycles, common vegetables are always in demand. Given your good soil pH and NPK, you can grow a wide variety.
    *   **Top Choices for Coastal TN with Good Demand:**
        *   **Brinjal (கத்தரி):** A staple in Tamil Nadu cuisine, steady demand.
        *   **Okra/Ladies' Finger (வெண்டைக்காய்):** High consumption, quick-growing.
        *   **Chilies (மிளகாய்):** Both green chilies and dried chilies have strong demand.
        *   **Ridge Gourd (பீர்க்கங்காய்) / Bitter Gourd (பாகற்காய்) / Bottle Gourd (சுரைக்காய்):** These gourds grow well and are popular.
    *   **Market Advantage:** Daily demand, quick harvest, cash flow every few days/weeks.
    *   **Consideration:** Requires more intensive care, daily marketing efforts, and prices can fluctuate quickly.

4.  **Flowers (பூக்கள்):**
    *   **Why:** Especially for temples, festivals, and personal use, flowers like **Jasmine (மல்லிகை)** and **Marigold (சாமந்தி)** have very strong, consistent local demand in Tamil Nadu.
    *   **Market Advantage:** Daily income, high value per unit weight.
    *   **Consideration:** Requires careful handling, daily plucking, and a good local market connection.

5.  **Pulses (பயறு வகைகள்) - Black Gram (உளுந்து) & Green Gram (பயறு):**
    *   **Why:** These are staple foods and always in demand. They also have the added benefit of improving your soil health by fixing nitrogen, making your land even better for the next crop. Good as rotation crops.
    *   **Market Advantage:** Stable demand, often supported by government procurement (check current policies).
    *   **Consideration:** Shorter duration, good for intercropping or sequential cropping.

---

### Helpful Advice for Implementation:

1.  **Do a Local Market Survey (சந்தை ஆய்வு):**
    *   **Before planting anything big, visit your nearest local mandis (சந்தை) or even local shops/supermarkets.** Talk to vendors.
    *   **Ask:** ""What vegetables/fruits/flowers are selling well today? What was expensive last week? What do you struggle to get enough of?""
    *   **Observe:** Which items are moving quickly? Which ones are abundant (and therefore likely cheaper)? This is the MOST IMPORTANT step to get real-time demand insights.

2.  **Start Small and Diversify (சிறிய அளவில் தொடங்கி, பல பயிர்களை பயிரிடுங்கள்):**
    *   Don't put all your land into a single crop, even if it looks profitable now. Market prices can crash if everyone grows the same thing.
    *   Consider planting 2-3 different crops:
        *   One long-term (e.g., Coconut/Cashew) for stable future income.
        *   One short-term (e.g., Vegetables/Flowers) for daily/weekly cash flow.
        *   One pulse crop for soil health and reliable demand.

3.  **Focus on Quality (தரத்திற்கு முக்கியத்துவம் கொடுங்கள்):**
    *   Well-graded, fresh, and visually appealing produce always fetches better prices. Invest in good seeds/saplings and proper crop management.

4.  **Explore Value Addition (மதிப்பு கூட்டுதல்):**
    *   Can you dry chilies? Make coconut oil? Process cashews (even at a small scale)? This often increases profits significantly.
    *   Consider direct sales to consumers in nearby towns/cities, eliminating middlemen.

5.  **Water Management (நீர் மேலாண்மை):**
    *   Coastal areas can sometimes face saline water intrusion. Monitor your well water quality.
    *   Implement efficient irrigation methods like drip irrigation, especially for vegetables, to conserve water and manage salinity effectively.

6.  **Stay Updated on Government Schemes (அரசு திட்டங்கள்):**
    *   The Tamil Nadu Horticulture Department and Agriculture Department often have schemes for subsidies on seeds, saplings, irrigation equipment, and crop insurance. Visit your local Krishi Vigyan Kendra (KVK) or Agriculture Extension Officer.

7.  **Consult Your Local Agriculture Officer (உள்ளூர் வேளாண் அதிகாரி):**
    *   They have the most up-to-date information on local market trends, pest/disease outbreaks, and government support specific to your precise locality in Coastal Tamil Nadu.

By combining your excellent soil conditions with smart market observation and diversified planting, you can ensure good and steady income from your farm. Good luck!"
2026-02-28 14:52:47,expert_advice,,,,,,,,,,,,,What crop will give better profit in my region?,"N=92, P=85, K=117, pH=7.0, Region=Tamil Nadu – Coastal Tamil Nadu","Namaste! That's excellent news! Your soil test results are *fantastic* and give you a huge advantage. Let's break down what they mean and then suggest profitable crops for Coastal Tamil Nadu.

**Your Soil's Strengths:**

*   **N=92 (High Nitrogen):** Great for leafy growth and overall plant vigor. You won't need to add much nitrogen fertilizer initially.
*   **P=85 (Very High Phosphorus):** This is *excellent* for root development, flowering, and fruiting. You will likely not need any phosphorus fertilizer for several cropping cycles, saving you significant costs!
*   **K=117 (High Potassium):** Good for fruit quality, disease resistance, and overall plant strength. Similar to nitrogen, you'll need less potassium fertilizer.
*   **pH=7.0 (Neutral):** This is the ideal pH for most crops, meaning all nutrients are readily available to your plants.

**In simple terms: Your soil is naturally very fertile! This means your fertilizer bill will be much lower, which directly translates to higher profit margins for you.**

---

### Recommended Crops for Better Profit in Coastal Tamil Nadu

Considering your excellent soil and the coastal Tamil Nadu region (hot, humid, potential for sandy loam soils, access to urban markets), here are some profitable crop options, categorized by their benefits:

#### Option 1: Short-Duration, High-Value Vegetables (Quick Income)

These crops give you quick returns and can be grown multiple times a year, making the most of your fertile soil.

1.  **Okra (Bhendi):**
    *   **Why profitable:** High demand in local markets, good price, quick harvest (starts in 45-50 days), thrives in warm weather, utilizes your high fertility well for good yields.
    *   **Tips:** Choose local, high-yielding, disease-resistant varieties. Regular harvesting is key. Drip irrigation can further boost yields and save water.

2.  **Brinjal (Eggplant):**
    *   **Why profitable:** Consistent demand, relatively hardy, good yields, can be harvested for several months.
    *   **Tips:** Select varieties popular in your local market (e.g., long purple, round green). Ensure good pest management for fruit borer.

3.  **Bottle Gourd / Ridge Gourd / Bitter Gourd:**
    *   **Why profitable:** Quick growth, good demand for fresh vegetables, relatively less pest pressure compared to some other crops.
    *   **Tips:** Provide support for climbing (trellis/pandals) to improve fruit quality and yield.

4.  **Watermelon / Muskmelon:**
    *   **Why profitable:** High demand during summer months, can fetch very good prices. Your high P and K are excellent for fruit development.
    *   **Tips:** Requires good water management (drip irrigation is highly recommended). Protection from birds and some pests is important.

5.  **Sweet Potato:**
    *   **Why profitable:** Good demand, relatively easy to grow in sandy loam soils, tolerates moderate salinity (if applicable near the coast), and your high P is excellent for tuber development.

#### Option 2: Perennial Cash Crops (Long-Term Stability & Intercropping Potential)

These are long-term investments that provide stable income, and you can intercrop other profitable plants in between.

1.  **Coconut:**
    *   **Why profitable:** A classic for coastal regions. Long-term stable income, every part of the tree has value. Your high K is excellent for coconut production.
    *   **Tips:** Choose high-yielding, dwarf or semi-dwarf varieties for quicker returns. You can intercrop vegetables, spices, or even fodder crops in the initial years and between mature trees.

2.  **Cashew:**
    *   **Why profitable:** Well-suited for coastal soils, good demand for cashew nuts, relatively low maintenance once established.
    *   **Tips:** Use improved varieties. Consider local processing facilities or buyers.

#### Option 3: Pulses (Soil Health & Additional Income)

1.  **Blackgram (Urad Dal) / Greengram (Moong Dal):**
    *   **Why profitable:** Short duration (60-75 days), stable market demand, and importantly, they fix nitrogen in the soil. While your N is already high, this helps maintain long-term soil health and can reduce future N fertilizer needs.
    *   **Tips:** Can be grown as a sole crop or as an intercrop/rotation crop to enhance soil fertility.

#### Option 4: Flowers (Daily Income)

1.  **Jasmine (Malligai) / Marigold (Genda):**
    *   **Why profitable:** High daily demand for temple offerings, festivals, and personal use. Provides consistent daily income.
    *   **Tips:** Requires consistent labor for plucking. Ensure good pest and disease management for continuous flowering.

---

### Practical Advice for Maximizing Profit

1.  **Market Research is Key:** Before planting any crop, talk to local buyers, vendors, and fellow successful farmers.
    *   *What are they buying right now?*
    *   *What prices are they offering?*
    *   *Is there a consistent demand or only seasonal?*
    *   *Are there any specific varieties they prefer?*

2.  **Water Management:** Even with good soil, water is crucial. Coastal soils can sometimes be sandy and drain quickly.
    *   **Drip Irrigation:** Invest in drip irrigation. It saves water, delivers nutrients efficiently, and significantly boosts yields, especially for vegetables and fruit crops.
    *   **Mulching:** Use straw, dry leaves, or plastic mulch to conserve soil moisture, suppress weeds, and regulate soil temperature.

3.  **Choose the Right Variety:** Opt for high-yielding, disease-resistant varieties that are well-suited to your specific local climate and soil conditions. Consult your local agriculture department or Krishi Vigyan Kendra (KVK).

4.  **Organic Matter:** While your soil is fertile, continuously adding organic matter (farmyard manure, compost, vermicompost) will further improve soil structure, water retention, and nutrient availability, especially in sandy coastal soils.

5.  **Pest and Disease Management:** Humid coastal conditions can lead to higher pest and disease pressure. Implement Integrated Pest Management (IPM) practices to minimize chemical use and costs.

6.  **Start Small, Learn, Then Expand:** Don't put all your efforts into one crop or a large area immediately. Start with a smaller plot, learn the nuances of the crop in your specific field, understand the market, and then gradually expand.

7.  **Crop Rotation:** Even with high fertility, rotating your crops helps prevent nutrient depletion, reduces pest and disease buildup, and maintains overall soil health.

---

**In summary:** Your soil is a golden asset! Focus on crops that have strong market demand in your area and can leverage your naturally rich soil to reduce input costs. Given your region, **short-duration, high-value vegetables like Okra, Brinjal, and Gourds, or high-profit seasonal crops like Watermelon**, along with **long-term assets like Coconut or Cashew (with intercropping)**, offer excellent profit potential.

Best of luck with your farming!"
2026-02-28 14:53:11,expert_advice,,,,,,,,,,,,,Can intercropping increase my income this season?,"N=92, P=85, K=117, pH=7.0, Region=Tamil Nadu – Coastal Tamil Nadu","Yes, absolutely! **Intercropping can be a very effective way to significantly increase your income this season, especially with your good soil conditions.**

Let's break down how you can make it work in Coastal Tamil Nadu.

**Your Soil Conditions Are Excellent!**

First, a big positive:
*   **pH 7.0 (Neutral):** This is ideal! Most crops thrive in neutral soil, meaning you don't need to worry about adjusting acidity or alkalinity.
*   **Good NPK (N=92, P=85, K=117):** Your soil has healthy levels of the main nutrients. This means your crops will have a good foundation, and you can focus on supplemental feeding rather than major corrections. This gives you a great advantage for supporting two crops!

**Why Intercropping Can Boost Your Income:**

1.  **More Crops from the Same Land:** The most direct way – you're growing two (or more) crops on the same piece of land, getting yield from both.
2.  **Spread Your Risk:** If one crop's market price drops or it faces an unexpected problem, you still have the other crop to rely on.
3.  **Better Use of Resources:** Different crops use sunlight, water, and nutrients from different depths or at different times, making your land more efficient.
4.  **Improved Soil Health:** Legumes (like pulses or groundnut) can add nitrogen back to the soil, benefiting the non-legume crop and reducing your fertilizer needs.
5.  **Natural Pest and Disease Control:** Some crop combinations can deter pests or attract beneficial insects, reducing the need for chemical sprays.
6.  **Weed Suppression:** A good canopy from two crops can help suppress weed growth, saving labor.

**Key Steps to Make Intercropping Profitable This Season:**

The trick is to choose the right crops that ""help"" each other rather than ""compete"" too much.

**1. Choose the Right Crop Partners for Coastal Tamil Nadu:**

Here are some excellent, proven combinations that work well in your region and climate, keeping your soil conditions in mind:

*   **Pulses with Millets/Maize:**
    *   **Example:** Green Gram (Pasi Payaru) or Black Gram (Ulundhu) or Cowpea (Karamani) as an intercrop with Maize (Makka Cholam) or Sorghum (Cholam).
    *   **Why it works:** Pulses fix nitrogen (benefiting maize/sorghum), are short-duration, and have different root systems. Maize/Sorghum are taller, providing some shade without totally blocking the sun for the pulses.
    *   **Income Potential:** You get the main grain crop (maize/sorghum) and a valuable pulse crop.

*   **Groundnut with Castor or Pigeonpea (Arhar/Thovarai):**
    *   **Example:** Groundnut (Kadalai) as the main crop, with a row of Castor (Aamanakku) or Pigeonpea planted every 6-8 rows.
    *   **Why it works:** Groundnut is a nitrogen-fixing legume, relatively short-statured. Castor or Pigeonpea are taller, deep-rooted, and provide some windbreak. Pigeonpea also fixes nitrogen.
    *   **Income Potential:** Groundnut is a major cash crop. Castor seeds fetch a good price for oil, and Pigeonpea is a valuable dal.

*   **Vegetables with Marigold/Onion/Garlic:**
    *   **Example:** If you're growing cash vegetables like Okra (Vendakkai), Brinjal (Kathiri), Chilli (Milagai), or various Gourds, you can intercrop with Marigold (Gundu Malli) on the borders or within rows, or with Onion/Garlic.
    *   **Why it works:** Marigolds are known to repel nematodes and some insects. Onion/Garlic can also deter certain pests.
    *   **Income Potential:** You get your main vegetable income, plus some additional income from flowers or bulbs, and potentially reduced pest damage.

*   **Under Coconut/Arecanut Trees (if you have them):**
    *   **This is HUGE for Coastal TN!** If you have existing coconut or arecanut plantations, intercropping *underneath* them is incredibly profitable.
    *   **Examples:** Turmeric (Manjal), Ginger (Inji), Elephant Foot Yam (Senai Kizhangu), Pineapple, Pepper (on support trees), various shade-loving vegetables (like Gourds, leafy greens).
    *   **Why it works:** You utilize the space and partial shade under the trees, adding multiple income streams from the same land unit. The soil benefits from diverse root systems.
    *   **Income Potential:** Can easily double or triple the income from your land compared to just the main tree crop.

**2. Practical Tips for Success This Season:**

*   **Start Small:** If you're new to intercropping, try it on a small portion of your land first to learn what works best for your specific plot and management style.
*   **Proper Row Spacing:** Ensure both crops get enough sunlight and air circulation. Don't plant them too densely. For example, plant rows of the main crop and then an intercrop row, or alternate rows.
*   **Water Management:** Pay attention to the water needs of both crops. Your good soil pH means nutrient uptake will be efficient, but consistent moisture is still key. Efficient irrigation (like drip irrigation if possible) can be very beneficial.
*   **Nutrient Management:** Even with good existing NPK, two crops will draw more nutrients. Use a balanced fertilizer approach, considering the specific needs of each crop. If you use a pulse as an intercrop, you might reduce nitrogen fertilizer for the companion crop.
*   **Weed Control:** Weeds compete with *both* your crops. Timely weeding is crucial, especially in the early stages.
*   **Market Research:** Before planting, ensure there's a good local market for *both* the crops you choose.

**Your Good Soil is an Advantage!**

With your healthy soil (neutral pH and good NPK levels), you have a strong foundation. This means you can focus your efforts on choosing the right crop combination, managing spacing, and ensuring timely inputs, rather than major soil correction.

**Recommendation:**

Considering your region and soil, I would strongly recommend trying either:

1.  **Pulses (Green Gram/Black Gram) with Maize/Sorghum:** This is a classic, relatively low-risk option with good returns.
2.  **Intercropping under your existing Coconut/Arecanut trees (if you have them):** This offers the highest potential for increased income from your existing infrastructure.

Talk to other farmers in your area who are already intercropping. They can offer invaluable local advice on specific varieties and practices that work best in Coastal Tamil Nadu.

Go for it! With careful planning, intercropping can certainly boost your income this season."
2026-02-28 14:53:53,expert_advice,,,,,,,,,,,,,What farming method should I use to reduce production costs?,"N=92, P=85, K=117, pH=7.0, Region=Tamil Nadu – Coastal Tamil Nadu","Hello there! It's great you're focusing on reducing production costs, as that's a direct path to better profitability. Based on your soil report (N=92, P=85, K=117, pH=7.0) and region (Coastal Tamil Nadu), here’s some practical advice to help you cut down expenses without sacrificing yield.

Your soil pH is perfectly neutral (7.0), which is excellent for most crops. The most striking thing about your report is your very high N, P, and K levels. This is where you can make significant savings immediately!

Here are the key farming methods and tips:

---

### **1. Drastically Reduce Chemical Fertilizer Use (Your Biggest Saving!):**

*   **What your report says:** Your soil already has **very good to high** levels of Nitrogen (N), Phosphorus (P), and Potassium (K). This means your previous fertilizer applications have built up significant reserves.
*   **What to do:**
    *   **Initial Cutback:** For your next crop cycle, you can **significantly reduce, or even completely skip, the application of chemical NPK fertilizers.** Monitor your crop closely.
    *   **Maintenance Doses:** If you choose to apply, use only a very minimal ""maintenance dose"" – perhaps 10-20% of what you normally apply, especially for P and K. For N, you might still need some, as it's easily leached, but again, far less than usual.
    *   **Observe Your Crop:** Let your crop be your guide. If you see signs of specific nutrient deficiencies, then apply *only that nutrient* in a targeted way (e.g., foliar spray for quick uptake, or a small broadcast).
    *   **Why it saves money:** You are literally paying for nutrients that are already abundant in your soil. By cutting back, you save directly on fertilizer purchase costs, labor for application, and reduce potential environmental runoff.

---

### **2. Boost Soil Health with Organic Matter:**

*   **What it is:** Adding organic materials like compost, farmyard manure (FYM), vermicompost, or growing green manure crops (like sunnhemp or Sesbania) and incorporating them into the soil.
*   **How it saves money:**
    *   **Improved Nutrient Cycling:** Organic matter makes the existing high NPK in your soil more available to plants, reducing the need for new chemical fertilizers.
    *   **Better Water Retention:** Coastal soils can sometimes be sandy. Organic matter acts like a sponge, holding water longer. This means less frequent irrigation and lower electricity/fuel costs for pumping water.
    *   **Enhanced Soil Structure:** Makes the soil easier to work, potentially reducing labor or machinery fuel costs for tillage.
    *   **Natural Pest Resistance:** Healthy soil supports beneficial microbes that can suppress disease-causing organisms.
*   **Practical Tip:** Start a compost pit with farm waste, crop residues, and animal manure. Even small additions make a difference over time.

---

### **3. Efficient Water Management:**

*   **Coastal Challenge:** While water might be accessible, pumping costs money, and over-extraction can lead to salinity intrusion.
*   **What to do:**
    *   **Drip Irrigation:** This is highly recommended for Coastal Tamil Nadu, especially for horticulture crops. It delivers water directly to the plant root zone, minimizing evaporation and waste. Government subsidies are often available for drip systems.
    *   **Mulching:** Cover the soil surface around your plants with organic materials (straw, dry leaves, coconut coir, crop residues) or plastic mulch. This significantly reduces water evaporation from the soil.
    *   **Water Scheduling:** Water based on actual crop needs and soil moisture, not just a fixed schedule. Check the soil at root depth – does it *really* need water?
*   **How it saves money:** Lower electricity/fuel bills for pumping water, better crop health with optimal water, and less disease from wet foliage.

---

### **4. Integrated Pest and Disease Management (IPM):**

*   **What it is:** A holistic approach that combines various methods to control pests and diseases, minimizing the reliance on expensive chemical pesticides.
*   **How it saves money:**
    *   **Reduced Chemical Sprays:** Chemical pesticides are a significant cost. IPM aims to use them only when absolutely necessary.
    *   **Biological Controls:** Encourage natural predators (like ladybugs for aphids).
    *   **Cultural Practices:**
        *   **Crop Rotation:** Don't grow the same crop in the same spot repeatedly. This breaks pest and disease cycles.
        *   **Resistant Varieties:** Choose crop varieties known to be resistant to common local pests and diseases.
        *   **Timely Planting/Harvesting:** Planting at the right time can help crops avoid peak pest periods.
        *   **Field Sanitation:** Remove infected plant parts and weeds, which can harbor pests.
        *   **Neem-based Pesticides:** Natural and often cheaper alternatives for mild infestations.
*   **Practical Tip:** Regularly scout your fields for pests and diseases. Early detection means you can address issues with simpler, cheaper methods before they escalate.

---

### **5. Smart Crop Selection and Rotation:**

*   **Coastal TN Suitable Crops:** Consider crops that naturally thrive in your region and might require fewer external inputs. Examples include certain varieties of pulses, groundnuts, some vegetables, coconut, cashew, or even casuarina as a windbreak and timber crop.
*   **Crop Rotation:**
    *   **Legumes:** Include leguminous crops (like pulses – moong, urad, cowpea) in your rotation. These plants fix atmospheric nitrogen into the soil, further reducing your need for purchased nitrogen fertilizer.
    *   **Breaks Pest Cycles:** As mentioned under IPM, rotation helps break the life cycles of pests and diseases specific to certain crops.
*   **How it saves money:** Reduced fertilizer needs (especially nitrogen), fewer pest/disease outbreaks, and potentially better yields from well-adapted crops.

---

### **6. Efficient Labor Management:**

*   **What to do:**
    *   **Plan Tasks:** Prioritize and group tasks to minimize idle time for labor.
    *   **Appropriate Tools:** Invest in ergonomic hand tools or small, multi-purpose machinery (e.g., power tillers, inter-cultivators) that can speed up tasks like weeding, planting, or harvesting, reducing manual labor hours.
    *   **Community Labor:** If feasible, explore labor sharing or cooperative arrangements with neighboring farmers.
*   **How it saves money:** Labor is a major cost. By being more efficient, you get more work done with the same or fewer people, or in less time.

---

**In summary, your high existing soil nutrient levels are a golden opportunity to immediately cut down on chemical fertilizer costs.** Combine this with good organic matter management, efficient water use, and smart pest control, and you'll see a significant drop in your overall production expenses. Start with the fertilizer reduction – it's the easiest and most impactful step based on your soil report!

Good luck with your farming!"
2026-03-01 16:17:49,ml_prediction,50,40,50,6.5,50,Sandy,28,65,1000,Kuruvai (Jun – Sep) – TN Early Kharif,Tamil Nadu – Cauvery Delta,,,,RF:Blackgram | LR:Pepper
2026-03-01 16:18:09,ml_prediction,103,40,50,6.5,50,Sandy,28,65,1000,Kuruvai (Jun – Sep) – TN Early Kharif,Tamil Nadu – Cauvery Delta,,,,RF:Short-duration Rice | LR:Sesame
2026-03-01 23:56:59,ml_prediction,50,40,50,6.5,50,Sandy,28,65,1000,Kuruvai (Jun – Sep) – TN Early Kharif,Tamil Nadu – Cauvery Delta,,,,RF:Blackgram | LR:Pepper
2026-03-01 23:57:54,ml_prediction,50,40,50,6.5,50,Sandy,28,65,1000,Kuruvai (Jun – Sep) – TN Early Kharif,Tamil Nadu – Cauvery Delta,,,,RF:Blackgram | LR:Pepper
2026-03-01 23:58:15,ml_prediction,50,40,50,6.5,50,Sandy,28,65,1000,Kuruvai (Jun – Sep) – TN Early Kharif,Tamil Nadu – Cauvery Delta,,,,RF:Blackgram | LR:Pepper
2026-03-01 23:58:54,ml_prediction,79,76,117,6.4,44,Clay,28,65,1249,Samba (Aug – Jan) – TN Main Season,Tamil Nadu – Cauvery Delta,,,,RF:Vegetables | LR:Maize
2026-03-01 23:59:16,ml_prediction,79,76,117,6.4,44,Clay,28,65,1249,Samba (Aug – Jan) – TN Main Season,Tamil Nadu – Cauvery Delta,,,,RF:Vegetables | LR:Maize
2026-03-01 23:59:29,ml_prediction,87,90,117,6.4,44,Clay,28,65,1249,Samba (Aug – Jan) – TN Main Season,Tamil Nadu – Cauvery Delta,,,,RF:Sugarcane | LR:Maize
2026-03-01 23:59:45,ml_prediction,87,90,117,6.4,44,Clay,28,56,949,Samba (Aug – Jan) – TN Main Season,Tamil Nadu – Cauvery Delta,,,,RF:Tomato | LR:Pearl Millet
2026-03-02 00:23:03,ml_prediction,50,40,50,6.5,50,Sandy,28,65,1000,Kuruvai (Jun – Sep) – TN Early Kharif,Tamil Nadu – Cauvery Delta,,,,RF:Blackgram | LR:Pepper
2026-03-02 00:44:46,ml_prediction,94,85,143,6.8,50,Sandy,28,65,1000,Rabi / Winter (Nov – Feb) – AP / Telangana / Karnataka,Andhra Pradesh – Coastal Andhra,,,,RF:Maize | LR:Linseed
2026-03-02 21:51:53,crop_recommendation,50,40,50,6.5,50,Sandy,28,65,1000,Kuruvai (Jun – Sep) – TN Early Kharif,Tamil Nadu – Cauvery Delta,,,,"As an agricultural advisor, based on the conditions provided for the Cauvery Delta region of Tamil Nadu during the Kuruvai season, here are my top crop recommendations:

**Overall Assessment of Conditions:**

*   **Soil:** Sandy type means good drainage but poor water and nutrient retention. The low NPK levels indicate a need for significant nutrient supplementation. pH 6.5 is ideal for most crops.
*   **Moisture:** 50% initial moisture is good, but sandy soil will dry out quickly, necessitating frequent irrigation.
*   **Environment:** Warm temperatures (28°C) and moderate humidity (65%) are suitable for tropical crops. 1000mm rainfall is good, but distribution within the Kuruvai season is crucial.
*   **Region/Season:** Tamil Nadu, Cauvery Delta, Kuruvai (Jun – Sep) specifically points towards crops traditionally cultivated in this irrigated delta during the early Kharif.

---

### 1. Rice (Paddy)

*   **Suitability Score:** 9.5/10

*   **Why it suits these conditions:**
    *   **Regional Fit:** Rice is the staple crop of the Cauvery Delta, and the Kuruvai season is one of its primary cultivation periods, benefiting from canal irrigation from the Cauvery river system, which is crucial given the sandy soil.
    *   **Temperature & Humidity:** 28°C and 65% humidity are ideal for rice growth.
    *   **pH:** pH 6.5 is perfectly within the optimal range for rice.
    *   **Water Availability:** While sandy soil drains quickly, the inherent irrigation infrastructure of the Cauvery Delta ensures consistent water supply, making rice cultivation feasible and highly productive.
    *   **Nutrient Management:** Although soil NPK is low, rice is a heavy feeder, and farmers in this region are accustomed to applying required fertilizers. With sandy soil, split applications of fertilizers will be essential to minimize leaching. Short-duration, high-yielding varieties are suitable for the Kuruvai season.

*   **Expected Yield:** 4.0 - 6.0 tonnes/hectare (for short-duration high-yielding varieties with good management).

*   **Best Planting Time:** Mid-June to Mid-July (to align with the Kuruvai season and irrigation release).

---

### 2. Black Gram (Urad Dal) / Green Gram (Moong Dal)

*   **Suitability Score:** 9.0/10

*   **Why it suits these conditions:**
    *   **Soil Type:** Sandy soils with good drainage are highly preferred by pulses like black gram and green gram, as they are very sensitive to waterlogging.
    *   **Nutrient Benefit:** As legumes, they fix atmospheric nitrogen, reducing the need for external nitrogenous fertilizers, which is beneficial given the low initial N levels and potential for N leaching in sandy soil. They still require adequate P and K.
    *   **Temperature & Humidity:** 28°C and 65% humidity are well within their suitable growing range.
    *   **Short Duration:** These are short-duration crops (65-80 days), fitting well within the Kuruvai season, either as a primary crop in areas with less assured irrigation or as a rotational crop.
    *   **pH:** pH 6.5 is ideal for pulse cultivation.

*   **Expected Yield:** 0.8 - 1.2 tonnes/hectare.

*   **Best Planting Time:** Late June to Early August (can be sown after the initial monsoon showers or with supplementary irrigation).

---

### 3. Groundnut (Peanut)

*   **Suitability Score:** 8.5/10

*   **Why it suits these conditions:**
    *   **Soil Type:** Sandy soil is *ideal* for groundnut cultivation. The loose soil texture allows for easy penetration of the gynophore (peg) into the soil for pod development, which is crucial for yield.
    *   **Temperature:** 28°C is optimal for groundnut growth and pod development.
    *   **pH:** pH 6.5 is suitable for groundnut.
    *   **Nutrient Management:** Like other legumes, groundnut fixes nitrogen. However, it has a significant requirement for Phosphorus (P) for pod formation and Potassium (K) for overall plant health, which will need to be supplied given the low initial soil levels. Calcium is also critical for pod filling.
    *   **Water Management:** While it prefers well-drained soil, consistent moisture is needed during flowering and pegging stages, making the 1000mm rainfall and potential for supplementary irrigation advantageous.

*   **Expected Yield:** 1.5 - 2.5 tonnes/hectare (unshelled).

*   **Best Planting Time:** Early July to Mid-July (to align with the Kuruvai season and ensure moisture availability during critical growth stages).

---

**General Recommendations for all crops given sandy soil and low NPK:**

*   **Organic Matter:** Incorporate farmyard manure (FYM), compost, or green manure crops regularly to improve soil structure, water retention, and nutrient holding capacity of the sandy soil.
*   **Nutrient Management:** Implement split application of fertilizers (especially Nitrogen and Potassium) to minimize leaching losses in sandy soil. Conduct soil tests periodically to fine-tune nutrient application.
*   **Irrigation:** Though rainfall is 1000mm, sandy soil requires frequent, lighter irrigations rather than heavy, infrequent ones to prevent water stress and nutrient leaching.
*   **Weed Management:** Sandy soils can be prone to weed growth; timely weeding or appropriate herbicide application is crucial.
*   **Variety Selection:** Choose short-duration, high-yielding varieties that are well-adapted to the local climate and have some tolerance to heat/moisture fluctuations common in sandy soils."
2026-03-02 22:35:56,crop_recommendation,50,40,50,6.5,50,Sandy,28,65,1000,Kuruvai (Jun – Sep) – TN Early Kharif,Tamil Nadu – Cauvery Delta,,,,"As an agricultural advisor, based on the provided conditions for the Cauvery Delta region of Tamil Nadu during the Kuruvai season (June – September), here are my top crop recommendations:

---

### 1. Rice (Paddy)

*   **Suitability Score:** 9/10
*   **Why it suits these conditions:**
    *   **Region & Season:** The Cauvery Delta is the traditional rice bowl of Tamil Nadu, and Kuruvai is a primary rice season, specifically adapted for short-duration varieties to capture the early monsoon rains.
    *   **Climate:** The temperature (28°C), humidity (65%), and significant rainfall (1000mm) are highly favorable for tropical rice cultivation.
    *   **pH:** The soil pH of 6.5 is ideal for optimal rice growth.
    *   **Management Adaptability:** While sandy soil can pose challenges for water retention and puddling, and initial nutrient levels (N=50, P=40, K=50) are low, farmers in the delta are highly experienced in managing these factors for rice through efficient water management, selection of appropriate short-duration varieties, and timely, split application of fertilizers (especially N and K).
*   **Expected Yield:** 4.5 – 5.5 tonnes/hectare (with proper nutrient management and high-yielding, short-duration varieties like ADT 36, ADT 43, CO 51, TKM 9).
*   **Best Planting Time:** Mid-June to First week of July (either direct seeding or transplanting, depending on water availability and farmer preference).

### 2. Groundnut (Peanut)

*   **Suitability Score:** 9.5/10
*   **Why it suits these conditions:**
    *   **Soil Type:** Sandy soil is *ideal* for groundnut cultivation. It promotes excellent root penetration, easy pegging, and healthy pod development, preventing issues like root rot and difficulty in harvesting often faced in heavy soils.
    *   **Climate:** The warm temperature (28°C), moderate humidity (65%), and 1000mm rainfall are perfectly suited for groundnut, which thrives in tropical and subtropical climates.
    *   **Nutrient Profile:** As a legume, groundnut has the ability to fix atmospheric nitrogen through symbiotic bacteria, significantly reducing its external nitrogen requirement. This is a major advantage given the initial low N in the soil. It responds well to the available P and K.
    *   **Water Management:** While it requires consistent moisture, it is less water-demanding than flooded rice and tolerates the good drainage of sandy soils effectively.
    *   **Diversification:** Provides a valuable alternative or rotational crop, improving soil health and offering economic stability.
*   **Expected Yield:** 1.8 – 2.5 tonnes/hectare (pod yield, with high-yielding short-duration varieties like TMV 7, VRI 2, which are popular in Tamil Nadu).
*   **Best Planting Time:** Mid-June to First week of July (to fully utilize the Kuruvai season rainfall and warm temperatures).

### 3. Blackgram (Urad Dal)

*   **Suitability Score:** 8.5/10
*   **Why it suits these conditions:**
    *   **Soil Type:** Blackgram tolerates sandy soils reasonably well, provided there's good drainage. It is less sensitive to soil texture compared to some other crops.
    *   **Climate & Season:** It's a short-duration pulse crop (typically 65-75 days) that fits well within the Kuruvai season. The warm temperatures and moderate rainfall are conducive to its growth.
    *   **Nutrient Profile:** As a leguminous crop, blackgram fixes atmospheric nitrogen, contributing to soil fertility, which is highly beneficial given the low initial N content in the soil. It generally has lower overall nutrient demands compared to cereal crops.
    *   **Water Use Efficiency:** Blackgram is more drought-tolerant than rice and requires less water, making it a good choice for efficient water resource utilization, especially if water availability from traditional sources fluctuates.
    *   **Crop Rotation:** It is an excellent crop for rotation with rice, enhancing soil structure, organic matter, and overall soil health, making the system more sustainable.
*   **Expected Yield:** 0.8 – 1.2 tonnes/hectare (with improved varieties such as VBN 3, VBN 5, which are suited for the region).
*   **Best Planting Time:** Last week of June to Mid-July (allows it to complete its life cycle efficiently within the Kuruvai window and benefit from monsoon rains)."
2026-03-02 22:37:35,nutrient_advisory,50,40,50,6.5,,Sandy,,,,,,Rice,,,"As an agricultural advisor, here are my fertilizer recommendations for your rice crop based on the provided soil data.

---

### 1. Nutrient Analysis

Let's break down your current soil nutrient status:

*   **Nitrogen (N): 50 kg/ha**
    *   **Deficient.** This level is quite low for a high-yielding rice crop, which typically requires a total of 120-150 kg N/ha. Nitrogen is crucial for vegetative growth and grain formation.
*   **Phosphorus (P): 40 kg/ha (equivalent to ~92 kg P₂O₅/ha)**
    *   **Sufficient to High.** Standard recommendations for P₂O₅ in rice are typically 40-60 kg/ha. Your soil has a high existing level of phosphorus.
*   **Potassium (K): 50 kg/ha (equivalent to ~60 kg K₂O/ha)**
    *   **Adequate to Borderline.** While this meets the minimum requirement, for sandy soils prone to leaching and to support high yields, some additional potassium is beneficial.
*   **pH: 6.5**
    *   **Optimal.** This pH is ideal for rice growth, which thrives in a slightly acidic to neutral range (6.0-7.0).
*   **Soil Type: Sandy**
    *   **Important Consideration:** Sandy soils have low water and nutrient retention capacity. This means nutrients, especially Nitrogen and Potassium, are prone to leaching. This necessitates split applications of fertilizers.

**Summary of Nutrient Needs:** You have a clear deficiency in Nitrogen, a high amount of Phosphorus, and borderline Potassium. Your pH is perfect.

---

### 2. Fertilizer Recommendations

Based on your soil data and typical rice requirements for a good yield, here's what you need to add:

**Target Nutrient Additions (per hectare):**
*   **Nitrogen (N):** Approximately 75 kg/ha
*   **Phosphorus (P₂O₅):** Approximately 15 kg/ha (as a starter dose, despite high soil P, due to sandy soil and importance for early root development)
*   **Potassium (K₂O):** Approximately 35 kg/ha

**Recommended Fertilizers and Quantities (per hectare):**

To achieve the target nutrient additions, I recommend the following:

1.  **Urea (46-0-0):**
    *   **Quantity:** 165 kg/ha
    *   *(This provides ~76 kg N)*
2.  **Triple Superphosphate (TSP, 0-46-0):**
    *   **Quantity:** 35 kg/ha
    *   *(This provides ~16 kg P₂O₅)*
    *   **Note on P:** While your soil P is high, a small amount of P at planting helps with root establishment, especially in sandy soils where nutrient availability can be variable. If budget is extremely tight and you are confident in the P availability from the soil test, you *could* consider skipping P application for this season, but it's generally safer to provide a small starter dose.
3.  **Muriate of Potash (MOP, 0-0-60):**
    *   **Quantity:** 60 kg/ha
    *   *(This provides ~36 kg K₂O)*

---

### 3. Application Schedule

For sandy soils, split applications are crucial to maximize nutrient uptake and minimize losses.

*   **1. Basal Application (at final land preparation or immediately after transplanting/sowing):**
    *   **What:** All of the **TSP (35 kg/ha)**, 1/3 of the **Urea (approx. 55 kg/ha)**, and 1/2 of the **MOP (approx. 30 kg/ha)**.
    *   **How:** Broadcast evenly and incorporate into the soil before transplanting, or immediately after transplanting/sowing into standing water (if applicable). This ensures early availability for root establishment.

*   **2. Active Tillering Stage (20-25 Days After Transplanting/Sowing - DAT/DAS):**
    *   **What:** 1/3 of the **Urea (approx. 55 kg/ha)** and the remaining 1/2 of the **MOP (approx. 30 kg/ha)**.
    *   **How:** Broadcast evenly into standing water (for flooded rice) or incorporate if dry-seeded. This supports strong tillering and vegetative growth.

*   **3. Panicle Initiation / Booting Stage (45-55 DAT/DAS):**
    *   **What:** The remaining 1/3 of the **Urea (approx. 55 kg/ha)**.
    *   **How:** Broadcast evenly into standing water. This application is critical for grain filling, panicle development, and overall yield.

---

### 4. Organic Options (Natural Alternatives)

Incorporating organic matter is vital for sandy soils to improve water retention, nutrient holding capacity (CEC), and overall soil health.

*   **For Nitrogen:**
    *   **Farmyard Manure (FYM) or Compost:** Apply 10-15 tons/ha well before planting. These provide slow-release nitrogen.
    *   **Green Manure Crops:** Grow legumes like Sesbania (Dhaincha) or Mung bean and incorporate them into the soil 2-3 weeks before rice planting. They fix atmospheric nitrogen, adding 40-80 kg N/ha.
    *   **Biofertilizers:** Azolla and Blue-Green Algae (BGA) can be grown in flooded rice paddies to fix atmospheric N. Azotobacter/Azospirillum can be used as seed or soil inoculants.

*   **For Phosphorus:**
    *   **Rock Phosphate:** A slow-release P source, apply 100-200 kg/ha. It's more effective in slightly acidic to neutral soils like yours.
    *   **Bone Meal:** Another slow-release organic phosphorus source.
    *   **Compost/FYM:** Contains varying amounts of P.

*   **For Potassium:**
    *   **Wood Ash:** An excellent source of readily available potassium (and some P, Calcium, Magnesium). Apply 1-2 tons/ha.
    *   **Compost/FYM:** Contains significant amounts of K.
    *   **Vermicompost:** Rich in all major nutrients and beneficial microbes.

---

### 5. pH Correction

*   **Correction Needed?** No.
*   **Advice:** Your soil pH of 6.5 is excellent for rice cultivation. No correction is needed at this time. Focus on maintaining this ideal pH by practicing balanced fertilization and regular organic matter additions. Avoid practices that could drastically shift the pH unless advised by a new soil test.

---

### Practical Advice for Farmers

1.  **Observe Your Crop:** The recommendations are a guideline. Learn to ""read"" your crop. Yellowing leaves (especially older ones) can indicate N deficiency.
2.  **Water Management:** This is critical, especially for N and K in sandy soils. Maintain standing water after N application to minimize volatilization and leaching. Proper water management also prevents nutrient stress.
3.  **Weed Control:** Weeds compete fiercely for nutrients. Effective weed management ensures your fertilizers benefit your rice crop.
4.  **Integrated Nutrient Management (INM):** Combine chemical fertilizers with organic amendments. This approach builds long-term soil health, reduces reliance on synthetic inputs, and improves nutrient use efficiency.
5.  **Micronutrients:** While not tested, sandy soils and continuously cropped rice fields can sometimes develop micronutrient deficiencies, particularly Zinc (Zn). If you observe symptoms like stunted growth, bronzing, or yellowing of younger leaves, consult an expert for specific micronutrient recommendations (often applied as a foliar spray or seed treatment).
6.  **Future Soil Tests:** Repeat soil testing every 2-3 years to monitor nutrient levels and adjust your fertilizer program accordingly. This is the most accurate way to ensure optimal nutrient management."
2026-03-02 22:38:21,expert_advice,,,,,,,,,,,,,How to improve soil fertility naturally?,"N=50, P=40, K=50, pH=6.5, Region=Tamil Nadu – Cauvery Delta","Namaste, Annachi! That's an excellent question, and it's great you're looking to improve your soil naturally. Your pH of 6.5 is actually perfect for most crops, especially paddy, so you've got a fantastic base to work with. Your N, P, K levels (50, 40, 50) are moderate, which means there's good potential to boost them using natural methods.

Here’s how you can naturally enhance your soil fertility in the Cauvery Delta, keeping things practical and easy to implement:

### 1. The Power of Organic Matter: Your Soil's Food

Organic matter is the heart of fertile soil. It slowly releases all the nutrients your crops need, improves water holding, and makes the soil friable (easy to work with).

*   **Farmyard Manure (FYM) & Compost:** This is your gold standard. Apply well-decomposed FYM (from your cows, goats, or any livestock) or compost (made from crop residues, kitchen waste, etc.) generously to your fields *before* planting.
    *   **How much:** Aim for **5-10 tonnes per acre** every year, spread evenly and incorporated into the soil.
    *   **Tip:** Ensure it's well-decomposed. Fresh manure can harm plants.
*   **Vermicompost:** This is even better than regular compost. Earthworms process organic waste into nutrient-rich castings.
    *   **How much:** Apply **1-2 tonnes per acre**.
    *   **Tip:** You can learn to make vermicompost right on your farm. It's a great way to recycle waste and get super-rich fertilizer.
*   **Crop Residue Management:** After harvesting paddy or other crops, **do not burn the stubble!** Instead, chop it up (a rotavator or power tiller can help) and plough it back into the soil.
    *   **Benefits:** This adds organic matter, prevents nutrient loss, improves soil structure, and reduces air pollution.

### 2. Green Manuring: Your Natural Nitrogen Factory

This is a fantastic way to add nitrogen and organic matter quickly, especially good for paddy cultivation.

*   **Grow Green Manure Crops:** Before you plant your main paddy crop, grow fast-growing legumes like **Dhaincha (Sesbania aculeata)** or **Sunnhemp (Crotalaria juncea)**.
    *   **How to do it:** Sow these seeds and let them grow for about 45-60 days until they are lush green. Then, plough them back into the soil while they are still green, about 1-2 weeks before transplanting your paddy.
    *   **Benefits:** These plants ""fix"" nitrogen from the air and make it available in the soil, enriching it naturally for your paddy crop.
*   **Azolla and Blue-Green Algae (BGA):** These are aquatic plants/organisms that thrive in waterlogged paddy fields. They are excellent natural nitrogen fixers.
    *   **How to use:** Introduce Azolla or BGA culture into your standing water in the paddy field. They will multiply and enrich your soil with nitrogen.

### 3. Biofertilizers: Boosting Soil Microbes

Your soil is full of tiny, helpful living organisms (microbes). Biofertilizers are like giving these friends a boost to work harder.

*   **Nitrogen Fixers:** Use **Azospirillum** for paddy. These microbes take nitrogen from the air and make it available to the plant.
*   **Phosphorus Solubilizers (PSB):** Your P level is 40. PSB helps convert the unavailable phosphorus in the soil into a form that plants can easily absorb.
*   **Potassium Mobilizers (KMB):** Your K level is 50. KMB helps release the locked-up potassium in the soil, making it available for your crops.
*   **How to apply:**
    *   **Seed Treatment:** Mix biofertilizers with your paddy seeds before sowing.
    *   **Seedling Root Dip:** Dip the roots of your paddy seedlings in a biofertilizer solution before transplanting.
    *   **Soil Application:** Mix biofertilizers with FYM or sand and broadcast it in your field before planting or during early crop growth.

### 4. Crop Rotation and Diversity: A Healthy Cycle

Don't grow the same crop repeatedly in the same field.

*   **Rotate Crops:** After your paddy harvest, consider growing a short-duration leguminous crop like **black gram (ulundu)**, **green gram (payaru)**, or **groundnut (kadalai)**.
    *   **Benefits:** Legumes enrich the soil with nitrogen and break the pest and disease cycles associated with continuous paddy cultivation. This gives your soil a break and replenishes nutrients.
*   **Intercropping/Mixed Cropping:** If feasible, consider planting different crops together or in strips. This can improve nutrient cycling and overall soil health.

### 5. Water Management: Conserving Nutrients

While not directly adding nutrients, efficient water management is crucial in the Delta to prevent valuable nutrients from leaching away.

*   **Controlled Irrigation:** Avoid excessive irrigation that can wash away nutrients. Use methods that ensure optimal water use.

### The Bottom Line for You:

Your goal is to increase the organic matter in your soil. Think of your soil as a living organism that needs regular feeding with organic materials.

*   **Start with generous applications of FYM, compost, and vermicompost.**
*   **Embrace green manuring (Dhaincha/Sunnhemp) before paddy, and consider Azolla/BGA within your paddy fields.**
*   **Regularly use biofertilizers to activate the helpful microbes in your soil.**
*   **Always incorporate crop residues instead of burning them.**
*   **Plan your crop rotation to include nitrogen-fixing legumes.**

These practices will slowly but surely build up your soil's natural fertility, making it more resilient, reducing your need for external inputs, and ultimately leading to healthier crops and better yields in the long run. Consistency is key! Good luck, Annachi!"
2026-03-02 22:38:58,ml_prediction,50,40,50,6.5,50,Sandy,28,65,1000,Kuruvai (Jun – Sep) – TN Early Kharif,Tamil Nadu – Cauvery Delta,,,,RF:Blackgram | LR:Pepper
2026-03-05 16:13:12,crop_recommendation,92,59,165,8.3,71,Peaty,20,88,1740,Kharif / SW Monsoon (Jun – Oct) – AP / Telangana / Karnataka,Tamil Nadu – Southern Dry Zone,,,,"As an agricultural advisor, based on the specific conditions provided, the key challenges and opportunities are:
*   **High pH (8.3):** This is a significant factor, limiting crops that prefer acidic or neutral soils.
*   **Peaty Soil & High Moisture (71%) & Very High Rainfall (1740mm):** Indicates a water-rich environment, prone to waterlogging if not managed, but ideal for water-loving crops. Peaty soil is rich in organic matter and retains moisture well.
*   **High NPK (N=92, P=59, K=165 kg/ha):** Excellent natural fertility, suitable for demanding crops.
*   **Moderate Temperature (20°C) & High Humidity (88%):** Favorable for many tropical/subtropical crops during the monsoon, but high humidity can increase disease pressure.
*   **Region/Season:** Kharif/SW Monsoon in Tamil Nadu's ""Southern Dry Zone"" with 1740mm rainfall is a unique combination; the high rainfall contradicts the ""dry zone"" label, so we prioritize the given rainfall figure.

Considering these factors, here are the top 3 recommended crops:

---

### 1. Paddy (Rice)

*   **Suitability Score:** 9.5/10
*   **Why it suits these conditions:**
    *   **Soil (pH, Moisture, Type):** Paddy is a wetland crop that thrives in standing water, making the high moisture content, peaty soil, and very high rainfall almost ideal. While an 8.3 pH is slightly on the higher side, many paddy varieties are tolerant to slightly alkaline conditions, and the continuous wet environment helps buffer pH fluctuations. Peaty soil's high organic matter is also beneficial.
    *   **Environment (Temp, Humidity, Rainfall):** The very high rainfall (1740mm) and high humidity are perfect for paddy cultivation during the Kharif season. A moderate temperature of 20°C is well within the suitable range for rice growth, ensuring good tillering and grain filling.
    *   **Fertility:** Paddy responds very well to high NPK fertility, which is abundantly available in your soil.
*   **Expected Yield:** 5.5 - 7.0 tonnes/hectare (for high-yielding varieties with good management).
*   **Best Planting Time:** Mid-June to July, coinciding with the onset of the Southwest Monsoon, ensuring optimal water availability for transplanting and growth.

---

### 2. Taro (Colocasia esculenta / Arvi / Seppankizhangu)

*   **Suitability Score:** 8.5/10
*   **Why it suits these conditions:**
    *   **Soil (pH, Moisture, Type):** Taro is particularly well-suited for wetland or high-moisture conditions, often cultivated in paddy fields or low-lying areas. It thrives in peaty soils rich in organic matter, which are excellent for corm development. It can tolerate a wide range of pH, including slightly alkaline conditions (8.3).
    *   **Environment (Temp, Humidity, Rainfall):** The very high rainfall and high humidity during the Kharif season are highly favorable for taro, which requires consistent moisture. The moderate temperature of 20°C is conducive to its growth.
    *   **Fertility:** Taro is a heavy feeder and will benefit significantly from the high NPK fertility of your soil, leading to robust corm growth.
*   **Expected Yield:** 15 - 25 tonnes/hectare (depending on variety and cultural practices).
*   **Best Planting Time:** June - July, with the advent of the monsoon, allowing for good establishment and growth during the wet season.

---

### 3. Sugarcane

*   **Suitability Score:** 8.0/10
*   **Why it suits these conditions:**
    *   **Soil (pH, Moisture, Type):** Sugarcane is a water-loving crop with high water requirements, making the very high rainfall and high soil moisture beneficial. It is quite tolerant to a range of pH, including alkaline soils (8.3). Peaty soil offers excellent organic matter and nutrient retention, which sugarcane, being a heavy feeder, can utilize effectively.
    *   **Environment (Temp, Humidity, Rainfall):** The high rainfall and moderate temperature of 20°C during the Kharif season are suitable for sugarcane establishment and early growth. High humidity also aids in its development.
    *   **Fertility:** Sugarcane has a very high demand for nutrients, and your soil's high NPK levels are excellent for supporting its robust growth and high yields.
*   **Challenges & Management:** While it loves water, prolonged waterlogging in peaty soil can be detrimental to sugarcane roots. **Crucial for success will be excellent drainage management.** Planting on ridges or adopting furrow irrigation techniques would be essential to prevent water stagnation around the root zone, especially with 1740mm of rainfall.
*   **Expected Yield:** 80 - 120 tonnes/hectare (for high-yielding varieties with proper management, including drainage).
*   **Best Planting Time:** June - July, aligning with the Southwest Monsoon, providing ample moisture for planting material (setts) establishment."
2026-03-05 16:13:58,crop_recommendation,92,59,165,8.3,71,Peaty,20,88,1740,Kharif / SW Monsoon (Jun – Oct) – AP / Telangana / Karnataka,Andhra Pradesh – Krishna Delta,,,,"Error: Invalid operation: The `response.text` quick accessor requires the response to contain a valid `Part`, but none were returned. The candidate's [finish_reason](https://ai.google.dev/api/generate-content#finishreason) is 1.. Please try again."
2026-03-05 16:14:36,crop_recommendation,92,59,165,8.3,71,Sandy,20,88,1740,Kharif / SW Monsoon (Jun – Oct) – AP / Telangana / Karnataka,Andhra Pradesh – Krishna Delta,,,,"As an agricultural advisor, here are my recommendations for crop selection based on the provided conditions in the Krishna Delta, Andhra Pradesh, during the Kharif season:

**Key Considerations Summary:**
*   **Soil:** High pH (8.3) is the most critical factor, limiting many crops. Sandy soil ensures good drainage, which is beneficial given the high rainfall, but can also lead to nutrient leaching over time. Good NPK levels are a plus.
*   **Environment:** High rainfall (1740mm) and high humidity (88%) are typical for the SW Monsoon. Moderate temperature (20°C average) is suitable for warm-season crops. The Krishna Delta is fertile and often low-lying.

---

### 1. Top 3 Recommended Crops with Suitability Score

1.  **Paddy (Rice)** - Suitability Score: **9.5/10**
2.  **Sorghum (Jowar)** - Suitability Score: **8.5/10**
3.  **Pearl Millet (Bajra)** - Suitability Score: **8.0/10**

---

### 2. Why Each Crop Suits These Conditions

#### 1. Paddy (Rice)
*   **pH Tolerance:** Rice is remarkably tolerant to a wide range of pH conditions, including alkaline soils up to pH 8.5, making it highly suitable for your pH 8.3 soil.
*   **Water Requirements:** It's a semi-aquatic crop that thrives in standing water, perfectly suited for the very high rainfall (1740mm) and high moisture (71%) conditions. The sandy soil, while typically prone to quick drainage, will benefit from the continuous rainfall, maintaining the necessary moisture for paddy.
*   **Soil Type:** While typically grown in heavier soils, paddy can be successfully cultivated in sandy soils, especially with sufficient and consistent water availability, which is provided by the monsoon.
*   **Nutrient Profile:** The existing good NPK levels are beneficial for rice growth.
*   **Regional Suitability:** Paddy is the staple crop of the Krishna Delta and thrives in the warm, humid Kharif season.

#### 2. Sorghum (Jowar)
*   **pH Tolerance:** Sorghum is one of the most alkaline-tolerant cereal crops, performing well in soils with pH up to 8.5. This makes it an excellent choice for your pH 8.3 soil.
*   **Soil Type:** It is well-adapted to a variety of soil types, including sandy soils, where good drainage is observed.
*   **Rainfall & Moisture:** While drought-tolerant, sorghum can also handle high rainfall conditions provided there is adequate drainage, which your sandy soil offers. The high moisture and humidity are generally suitable.
*   **Nutrient Profile:** The existing NPK levels are sufficient for sorghum growth.
*   **Regional Suitability:** Sorghum is a significant Kharif crop in many parts of Andhra Pradesh and can provide diversification.

#### 3. Pearl Millet (Bajra)
*   **pH Tolerance:** Pearl Millet is highly tolerant of adverse soil conditions, including alkaline soils (thriving in pH 6-8), making it suitable for your pH 8.3 soil.
*   **Soil Type:** It is particularly well-suited for light, sandy soils due to its strong root system and ability to withstand sandy conditions.
*   **Rainfall & Moisture:** Despite its reputation for drought tolerance, pearl millet can also perform well under moderate to high rainfall (up to 1000mm, with good drainage it can handle more) if waterlogging is avoided, which the sandy soil helps with.
*   **Nutrient Profile:** It is known to be efficient in nutrient uptake, making good use of your existing NPK levels.
*   **Regional Suitability:** Pearl millet is a traditional Kharif crop in parts of Andhra Pradesh, offering a nutritious grain option.

---

### 3. Expected Yield

*   **Paddy (Rice):**
    *   **Expected Yield:** 4.5 – 6.5 tonnes/hectare (using high-yielding varieties and good management practices).
*   **Sorghum (Jowar):**
    *   **Expected Yield:** 2.5 – 4 tonnes/hectare (for grain).
*   **Pearl Millet (Bajra):**
    *   **Expected Yield:** 2.0 – 3.5 tonnes/hectare (for grain).

---

### 4. Best Planting Time

*   **Paddy (Rice):**
    *   **Planting Time:** June - early July (coinciding with the onset of the Southwest Monsoon).
*   **Sorghum (Jowar):**
    *   **Planting Time:** Mid-June - mid-July (with the onset of monsoon rains).
*   **Pearl Millet (Bajra):**
    *   **Planting Time:** Mid-June - mid-July (with the onset of monsoon rains).

---

**Additional Recommendations for High pH Sandy Soil:**
*   **Micronutrient Management:** With a high pH of 8.3 in sandy soil, the availability of micronutrients like Iron (Fe), Manganese (Mn), Zinc (Zn), and Boron (B) can be reduced. Consider soil testing specifically for micronutrients and be prepared for foliar applications if deficiencies are observed, especially for rice.
*   **Organic Matter:** Incorporating organic matter (compost, farmyard manure) can improve the water and nutrient retention capacity of sandy soil and buffer against high pH effects over the long term.
*   **Drainage:** While sandy soil generally drains well, ensure there are no low-lying areas that can accumulate water and cause temporary waterlogging for Sorghum and Pearl Millet. For paddy, standing water is desirable."
2026-03-05 16:17:19,crop_recommendation,92,59,165,8.3,71,Sandy,20,88,1740,Navarai (Jan – Mar) – TN Summer Crop,Tamil Nadu – Southern Dry Zone,,,,"As an agricultural advisor, considering the unique combination of conditions, particularly the high alkaline soil pH (8.3), sandy soil type, high rainfall (1740mm), and a mild temperature of 20°C during the Navarai season, here are the top crop recommendations:

---

### 1. Top 3 Recommended Crops with Suitability Score

1.  **Cowpea (Vigna unguiculata)** - Suitability Score: **9.5/10**
2.  **Finger Millet (Eleusine coracana) / Ragi** - Suitability Score: **9.0/10**
3.  **Sorghum (Sorghum bicolor) / Cholam** - Suitability Score: **8.5/10**

---

### 2. Why Each Crop Suits These Conditions

#### 1. Cowpea (Vigna unguiculata)

*   **Soil (pH 8.3, Sandy, N=92, P=59, K=165):**
    *   **High pH Tolerance:** Cowpea is exceptionally tolerant to alkaline soils, thriving even at pH levels up to 8.5, making it an excellent choice for pH 8.3.
    *   **Sandy Soil Adaptability:** It performs well in well-drained sandy and sandy-loam soils, which is perfect for your soil type.
    *   **Nutrient Profile:** As a legume, cowpea can fix atmospheric nitrogen, reducing the reliance on external nitrogen inputs (N=92 is moderate). It efficiently utilizes available P and K.
*   **Environment (Temp 20°C, Humidity 88%, Rainfall 1740mm, Navarai):**
    *   **Temperature:** The 20°C temperature is ideal for cowpea growth, with optimal ranges typically between 20-30°C.
    *   **High Rainfall & Moisture:** While preferring well-drained conditions, cowpea can tolerate higher moisture levels better than some other pulses, especially with sandy soil facilitating drainage. High rainfall ensures adequate water supply without requiring irrigation.
    *   **Humidity:** High humidity can increase fungal disease risk, but proper spacing and selection of resistant varieties can mitigate this.
    *   **Navarai Season (Jan-Mar):** Its relatively short duration (60-90 days) makes it suitable for fitting within this planting window.

#### 2. Finger Millet (Eleusine coracana) / Ragi

*   **Soil (pH 8.3, Sandy, N=92, P=59, K=165):**
    *   **High pH Tolerance:** Finger millet is known to be moderately tolerant to alkaline soils, performing well up to pH 8.5.
    *   **Sandy Soil Adaptability:** It thrives in well-drained loamy to sandy loam soils, making sandy soil highly suitable, provided fertility is managed.
    *   **Nutrient Profile:** It's efficient in nutrient uptake. The existing N, P, K levels are generally sufficient, with the high K being particularly beneficial.
*   **Environment (Temp 20°C, Humidity 88%, Rainfall 1740mm, Navarai):**
    *   **Temperature:** The 20°C temperature is very favorable, falling within its optimal growth range of 22-30°C.
    *   **High Rainfall & Moisture:** Finger millet is quite adaptable to varying rainfall conditions. With sandy soil providing good drainage, the high rainfall will be well-utilized, ensuring consistent moisture.
    *   **Humidity:** High humidity can lead to blast disease, so selecting resistant varieties and good field sanitation are important.
    *   **Navarai Season (Jan-Mar):** As a hardy, short-duration crop (90-120 days), it fits well into the Navarai window.

#### 3. Sorghum (Sorghum bicolor) / Cholam

*   **Soil (pH 8.3, Sandy, N=92, P=59, K=165):**
    *   **High pH Tolerance:** Sorghum is remarkably tolerant to a wide range of soil pH, including highly alkaline conditions up to 8.5, making it an excellent fit.
    *   **Sandy Soil Adaptability:** It performs well on various soil types, including sandy soils, especially if they are well-drained.
    *   **Nutrient Profile:** Sorghum is generally efficient in nutrient utilization. The existing N, P, and high K levels are conducive for its growth.
*   **Environment (Temp 20°C, Humidity 88%, Rainfall 1740mm, Navarai):**
    *   **Temperature:** While sorghum generally prefers warmer temperatures (25-30°C for optimal growth), many varieties are adaptable and can perform adequately at 20°C, especially if it's an average daily temperature.
    *   **High Rainfall & Moisture:** Sorghum is known for its drought tolerance but also responds very well to good moisture availability. The high rainfall in your sandy soil will be beneficial, provided drainage prevents waterlogging.
    *   **Humidity:** High humidity, combined with rainfall, might increase the incidence of fungal diseases like grain mold and anthracnose. Selecting resistant varieties is crucial.
    *   **Navarai Season (Jan-Mar):** Its adaptability and various durations (90-120 days) allow for planting within this season.

---

### 3. Expected Yield (Approximate, per hectare)

*   **Cowpea:**
    *   Grain: 1.0 - 2.0 tonnes/ha
    *   Fodder (green): 10 - 20 tonnes/ha (if harvested for fodder)
*   **Finger Millet (Ragi):**
    *   Grain: 1.5 - 2.5 tonnes/ha
*   **Sorghum (Cholam):**
    *   Grain: 2.5 - 4.0 tonnes/ha
    *   Fodder (green): 20 - 40 tonnes/ha (if cultivated for fodder)

*Note: Actual yields can vary significantly based on specific variety, precise soil management, disease/pest control, and year-to-year climatic variations.*

---

### 4. Best Planting Time

Given the ""Navarai (Jan – Mar)"" season and the provided environmental conditions (20°C Temp, 1740mm Rainfall), the **entire period from January to March** is suitable for planting these crops.

*   **Early Navarai (January):** If you wish to establish crops before the peak of the heavy rainfall, allowing for root establishment.
*   **Mid-Navarai (February):** This provides a good balance, ensuring the growing season aligns well with the reported conditions.
*   **Late Navarai (March):** Suitable for shorter-duration varieties to complete their life cycle before the potential onset of hotter, drier conditions often associated with post-monsoon periods, though your specific conditions contradict typical dry zone summer.

**Recommendation:** Aim for **early to mid-February** to ensure optimal growth and minimize risks associated with extreme ends of the season. Ensure excellent field drainage is in place to manage the high rainfall."
2026-03-05 16:18:47,nutrient_advisory,56,40,50,6.5,,Sandy,,,,,,Rice,,,"Hello Farmer,

Based on your soil data, here's a detailed fertilizer recommendation for your rice crop. The sandy soil type is a critical factor, as it impacts nutrient retention and leaching.

---

### 1. Nutrient Analysis

*   **Nitrogen (N): 56 kg/ha - Deficient.** Rice is a heavy nitrogen feeder, and 56 kg/ha is significantly below what's needed for optimal growth and yield. This deficiency will limit tillering, leaf development, and ultimately grain production.
*   **Phosphorus (P): 40 kg/ha - Adequate to Slightly Low.** While 40 kg/ha is often considered adequate, for high-yielding rice on sandy soils, a slight boost can be beneficial, especially for early root development. We'll aim to supplement this.
*   **Potassium (K): 50 kg/ha - Adequate to Slightly Low.** Similar to phosphorus, 50 kg/ha is on the lower side for optimal rice production, particularly in sandy soils where potassium can leach easily. Adequate K is crucial for disease resistance, stem strength, and grain filling.
*   **pH: 6.5 - Optimal.** This pH is ideal for rice growth, allowing for good availability of most nutrients. No correction is needed for pH.
*   **Soil Type: Sandy.** This is very important. Sandy soils have low water retention, low cation exchange capacity (CEC), and are prone to nutrient leaching (especially N and K). This means more frequent, smaller applications of fertilizer will be more effective than large single applications. Micronutrient deficiencies (like Zinc and Sulfur) are also more common in sandy soils.

---

### 2. Fertilizer Recommendations (per hectare)

To achieve good yields, we'll aim for a target NPK of approximately **120-60-70 kg/ha**. Given your existing levels, here’s what you need to *add*:

*   **Nitrogen (N):** You need to add approximately **65-70 kg N/ha**.
    *   **Recommended Fertilizer:** Urea (46% N)
    *   **Quantity:** Around **130-150 kg Urea/ha**. (This will be split into multiple applications.)
*   **Phosphorus (P₂O₅):** You need to add approximately **20-25 kg P₂O₅/ha**.
    *   **Recommended Fertilizer:** Di-Ammonium Phosphate (DAP, 18% N, 46% P₂O₅)
    *   **Quantity:** Around **45-55 kg DAP/ha**. (This will also supply about 8-10 kg N/ha, which we've accounted for in the Urea calculation).
*   **Potassium (K₂O):** You need to add approximately **30-35 kg K₂O/ha**.
    *   **Recommended Fertilizer:** Muriate of Potash (MOP, 0-0-60% K₂O)
    *   **Quantity:** Around **50-60 kg MOP/ha**.
*   **Micronutrients (Crucial for Sandy Soil):**
    *   **Zinc:** Sandy soils often lack Zinc.
        *   **Recommended Fertilizer:** Zinc Sulfate (ZnSO₄)
        *   **Quantity:** **20-25 kg Zinc Sulfate/ha** (or 5-10 kg Zn-EDTA if available and preferred).
    *   **Sulfur:** Often deficient in sandy soils and important for N use efficiency. DAP and Ammonium Sulfate can provide some, but if using only Urea, consider adding Gypsum.
        *   **Recommended Fertilizer (if not using Ammonium Sulfate):** Gypsum
        *   **Quantity:** **200-300 kg Gypsum/ha** (applied at planting).

---

### 3. Application Schedule

Splitting fertilizer applications, especially nitrogen and potassium, is crucial for sandy soils to minimize leaching losses and ensure continuous nutrient availability.

**a. Basal Application (At final land preparation, before transplanting/sowing):**
*   **Purpose:** To establish strong root growth and provide initial nutrients.
*   **Fertilizers:**
    *   **DAP:** All of it (45-55 kg/ha)
    *   **MOP:** Half of it (25-30 kg/ha)
    *   **Urea:** Approximately 1/3 of the total (45-50 kg/ha)
    *   **Zinc Sulfate:** All of it (20-25 kg/ha)
    *   **Gypsum (if using):** All of it (200-300 kg/ha)
*   **Application Tip:** Incorporate into the soil immediately before transplanting or sowing to prevent runoff and ensure nutrients are available to young roots. Ensure good soil moisture.

**b. First Topdressing (Active Tillering Stage, 15-20 days after transplanting/sowing):**
*   **Purpose:** To promote vigorous tillering (formation of new shoots), which directly impacts yield.
*   **Fertilizers:**
    *   **Urea:** Approximately 1/3 of the total (45-50 kg/ha)
    *   **MOP:** The remaining half (25-30 kg/ha)
*   **Application Tip:** Apply when the field has just been drained or has minimal water. Lightly irrigate shortly after application to move nutrients into the root zone and prevent volatilization losses of urea.

**c. Second Topdressing (Panicle Initiation / Booting Stage, 45-55 days after transplanting/sowing, when young panicles start to form):**
*   **Purpose:** To support panicle development, increase spikelet number, and improve grain filling.
*   **Fertilizers:**
    *   **Urea:** The remaining 1/3 of the total (40-50 kg/ha)
*   **Application Tip:** Apply under similar water management conditions as the first topdressing. This application is critical for yield.

**Important Note on Water Management:** For all topdressings, ensure the field is either drained or has very shallow water (1-2 cm). After applying fertilizer, allow it to settle for a day or two before restoring normal irrigation levels. This minimizes loss through runoff or deep percolation in sandy soils.

---

### 4. Organic Options (Natural Alternatives)

Integrating organic matter is highly beneficial for sandy soils, as it improves water retention, nutrient holding capacity (CEC), and overall soil health.

*   **Farmyard Manure (FYM) / Compost:** Apply **5-10 tons/ha** well-decomposed FYM or compost during land preparation. It improves soil structure, slowly releases nutrients, and increases microbial activity.
*   **Green Manure:** Grow crops like Dhaincha (Sesbania aculeata), Sunnhemp (Crotalaria juncea), or Sesbania rostrata and incorporate them into the soil 2-3 weeks before rice transplanting. These legumes fix atmospheric nitrogen (up to 60-80 kg N/ha) and add significant organic matter.
*   **Biofertilizers:**
    *   **Azolla:** A small fern that lives in association with a nitrogen-fixing blue-green alga. It can be grown in rice paddies and incorporated into the soil (provides 20-30 kg N/ha).
    *   **Blue-Green Algae (BGA):** Nitrogen-fixing organisms that thrive in flooded rice fields. Apply BGA inoculum at the time of transplanting.
    *   **Azotobacter/Azospirillum:** Nitrogen-fixing bacteria (can reduce N fertilizer by 15-20%).
    *   **PSB (Phosphate Solubilizing Bacteria):** Helps make soil phosphorus more available to plants (can reduce P fertilizer by 10-15%).
*   **Rice Straw Incorporation:** Instead of burning, chop and incorporate rice straw into the soil. It adds organic matter, potassium, and silica, improving soil health over time.
*   **Neem Cake:** Can be used as a slow-release nitrogen source and has some pest-repellent properties. Apply 200-300 kg/ha during land preparation.

---

### 5. pH Correction

*   **Your soil pH is 6.5, which is perfectly optimal for rice.**
*   **No pH correction is needed at this time.**

---

### Practical Advice for Farmers

1.  **Annual Soil Testing:** While this data is helpful, soil nutrient levels change. Test your soil annually or every other year to get the most accurate recommendations.
2.  **Monitor Your Crop:** Observe your rice plants regularly. Yellowing leaves (especially older ones) can indicate nitrogen deficiency, while purplish discoloration might suggest phosphorus deficiency.
3.  **Water Management:** This is key for sandy soils. Proper irrigation helps prevent nutrient leaching and ensures efficient uptake. Avoid continuous deep flooding immediately after fertilizer application.
4.  **Integrated Nutrient Management (INM):** Combine inorganic fertilizers with organic amendments. This approach builds long-term soil health and reduces reliance on synthetic fertilizers alone.
5.  **Fertilizer Application Technique:** Ensure uniform spreading of granular fertilizers. Calibration of your spreader is important to apply the correct amount.
6.  **Safety:** Always wear gloves and protective clothing when handling fertilizers. Wash hands thoroughly after application.

By following these recommendations, you should be able to improve your soil fertility and achieve a healthy, productive rice crop. Good luck!"
2026-03-05 16:21:34,ml_prediction,50,99,50,6.5,50,Sandy,28,65,1000,Kuruvai (Jun – Sep) – TN Early Kharif,Tamil Nadu – Cauvery Delta,,,,RF:Groundnut | LR:Groundnut
2026-03-05 16:23:17,expert_advice,,,,,,,,,,,,,What is the best time to plant rice in North India?,"N=92, P=59, K=165, pH=8.3, Region=Tamil Nadu – Southern Dry Zone","Hello there! As an agricultural expert, I can certainly help you with the best time to plant rice in North India.

First, I want to clarify: the context you provided (N=92, P=59, K=165, pH=8.3, Region=Tamil Nadu – Southern Dry Zone) is for a different geographical area. While that information is useful for Tamil Nadu, it doesn't apply to the question about planting rice in North India. We'll focus purely on North India for your query.

---

### Best Time to Plant Rice in North India

Rice cultivation in North India is primarily done during the **Kharif season**, which relies heavily on the monsoon rains.

**The ideal window for planting rice in North India is generally from:**

*   **Mid-June to Mid-July**

This timing is crucial for a few reasons:

1.  **Monsoon Rains:** It coincides with the arrival and establishment of the monsoon, providing crucial water for the crop's early growth.
2.  **Optimal Temperature:** The temperatures during this period are favorable for rice germination and initial development.
3.  **Crop Rotation:** It allows for timely harvesting of rice, making way for the subsequent Rabi (winter) crops like wheat.

---

### Practical Advice for Farmers

Here’s some helpful advice to make your rice planting successful:

1.  **Understand Your Planting Method:**
    *   **Transplanting Method:**
        *   **Nursery Sowing:** Start preparing your nursery beds and sow seeds in **late May to early June**. This gives you 20-30 day old seedlings ready for transplanting.
        *   **Transplanting:** Once your seedlings are about 20-30 days old and the monsoon has arrived (typically **Mid-June to Mid-July**), transplant them into the main field.
    *   **Direct Seeded Rice (DSR):**
        *   If you're using DSR (sowing seeds directly into the field), you can generally do this a little earlier, from **late May to Mid-June**. This method relies on pre-monsoon showers or available irrigation for initial establishment.

2.  **Watch the Weather Forecast Closely:**
    *   The monsoon can be unpredictable. Keep an eye on local weather forecasts. Aim to plant when a good spell of rain is expected or when your irrigation sources are reliable. Don't plant too early if there's a risk of a prolonged dry spell.

3.  **Choose the Right Variety:**
    *   Consult your local agricultural extension office or experienced farmers about high-yielding rice varieties suitable for your specific area.
    *   Consider varieties that mature in 110-140 days, allowing enough time for the subsequent wheat crop.

4.  **Prepare Your Field Well:**
    *   Before planting, ensure your field is well-tilled and leveled. Proper leveling helps in uniform water distribution.
    *   For transplanted rice, puddling (wet tillage) helps create a soft soil bed and reduces water percolation.

5.  **Water Management is Key:**
    *   While monsoon provides much of the water, be prepared for supplementary irrigation, especially during dry spells or critical growth stages. Water scarcity can severely impact yields.

6.  **Seed Treatment:**
    *   Treat your rice seeds with fungicides and insecticides before sowing. This protects seedlings from early diseases and pests and improves germination rates.

7.  **Nutrient Management:**
    *   While we didn't discuss your specific North India soil test, it's always wise to get your soil tested. This tells you exactly what nutrients (Nitrogen, Phosphorus, Potassium, etc.) your soil needs, helping you apply fertilizers efficiently and effectively.

8.  **Consult Local Experts:**
    *   Always reach out to your local Krishi Vigyan Kendra (KVK), State Agricultural Department, or experienced farmers in your village. They have specific knowledge about local conditions, common pest issues, and the best practices for your immediate area.

---

By following these guidelines, you can optimize your rice planting schedule and improve your chances of a healthy, productive harvest in North India. Good luck with your farming!"
2026-03-05 16:23:43,expert_advice,,,,,,,,,,,,,What is crop rotation and why is it important?,"N=92, P=59, K=165, pH=8.3, Region=Tamil Nadu – Southern Dry Zone","Namaste, farmer! It's a pleasure to help you understand a fundamental practice that can truly transform your farm's health and productivity.

---

### What is Crop Rotation?

Think of your field not just as land, but as a living system. Crop rotation is simply the practice of **not growing the same crop in the same piece of land, year after year.** Instead, you change the type of crop you plant in that field from one growing season to the next.

It's like giving your land a varied diet. If you eat the same food every day, you might miss out on important nutrients. Similarly, your soil needs different types of crops to stay healthy and productive.

For example, if you grow pearl millet (bajra) this season, you might follow it with groundnuts (groundnut) in the next season, and perhaps blackgram (vigna mungo) after that, before returning to a millet. The key is to **change the family of crops** you are growing.

---

### Why is Crop Rotation Important? (Especially for Your Farm in Tamil Nadu's Southern Dry Zone with pH 8.3)

Crop rotation is incredibly important because it brings a multitude of benefits, many of which are crucial for your specific conditions:

1.  **Improves Soil Health and Fertility (Nutrient Management):**
    *   **Prevents Nutrient Depletion:** Different crops draw different nutrients from the soil. If you grow the same crop repeatedly, it will quickly deplete the specific nutrients it needs most. By rotating, you allow the soil to rest and replenish, or you introduce crops that add nutrients.
    *   **Nitrogen Fixation:** This is **very important for you** with your moderate Nitrogen (N=92). Legumes (like groundnuts, blackgram, greengram, cowpea) have special bacteria in their roots that can take nitrogen from the air and put it into the soil, acting as a natural fertilizer. This reduces your need for external nitrogen fertilizers.
    *   **Utilizes Different Soil Depths:** Some crops have shallow roots, while others have deep roots. Rotating them helps utilize nutrients from various soil layers and improves soil structure deeper down.

2.  **Manages Pests, Diseases, and Weeds Naturally:**
    *   **Breaks Pest and Disease Cycles:** Most pests and diseases are specific to certain crops. If you remove their host crop by rotating, they can't complete their life cycle or build up in the soil, significantly reducing their populations for the next season. This means less need for expensive and harmful pesticides.
    *   **Weed Control:** Different crops compete with weeds differently. Also, different cultivation practices for various crops can disrupt weed growth cycles, making weed management easier.

3.  **Enhances Soil Structure and Water Retention:**
    *   **Better Soil Structure:** Different root systems (deep taproots vs. fibrous roots) improve soil aeration and break up compacted layers. This creates pathways for water and air to penetrate the soil more easily.
    *   **Increased Water Holding Capacity:** Better soil structure and increased organic matter (from crop residues) mean your soil can hold more water. This is **critically important for you in the Southern Dry Zone**, helping your crops withstand dry spells.

4.  **Reduces Risk and Diversifies Income:**
    *   If one crop fails due to weather, pests, or market prices, you have other crops in your rotation that might succeed, spreading your risk and providing a more stable income.
    *   It allows you to grow different crops for different markets.

---

### Helpful Advice for Your Farm in Tamil Nadu's Southern Dry Zone (pH 8.3)

Given your soil test (N=92, P=59, K=165, pH=8.3) and your dry zone location, here's some practical advice for implementing crop rotation:

1.  **Prioritize Legumes (Pulse Crops):**
    *   **Why:** Your nitrogen (N=92) is moderate, and phosphorus (P=59) is on the lower side. Legumes are your best friends! They fix nitrogen from the air and also help make phosphorus more available in the soil.
    *   **Recommended Legumes:**
        *   **Groundnut (Peanut):** Excellent choice for dry zones, fixes nitrogen, and provides valuable oil.
        *   **Blackgram (Urad Dal), Greengram (Moong Dal), Cowpea:** These pulses are short-duration, drought-tolerant, and excellent for N-fixation.
        *   **Cluster Bean (Guar):** Tolerant to drought and heat, improves soil, and its pods are a market vegetable.

2.  **Focus on Drought-Tolerant Millets and Cereals:**
    *   **Why:** These are staple crops in your region and are well-suited for your dry zone conditions.
    *   **Recommended Cereals/Millets:**
        *   **Sorghum (Jowar):** Very drought-tolerant.
        *   **Pearl Millet (Bajra):** Highly tolerant to heat and drought.
        *   **Finger Millet (Ragi):** A nutritious and hardy crop.

3.  **Consider Drought-Tolerant Oilseeds (besides Groundnut):**
    *   **Castor:** Deep-rooted, drought-tolerant, and helps break hardpans in the soil.

4.  **Managing High pH (Alkaline Soil):**
    *   Many traditional crops for the dry zone (like millets, most pulses, and cotton) generally tolerate slightly alkaline conditions. The choices above are suitable.
    *   Crop rotation helps improve soil organic matter over time, which can slowly buffer pH towards neutral, though it's a long-term process.

5.  **Simple Rotation Examples for Your Farm:**

    Here are a few easy-to-implement rotation patterns:

    *   **Option 1 (Cereal-Legume-Cereal):**
        *   **Year 1, Season 1 (Kharif):** Pearl Millet (Bajra) or Sorghum (Jowar)
        *   **Year 1, Season 2 (Rabi, if water permits):** Blackgram or Greengram (as a short-duration pulse)
        *   **Year 2, Season 1 (Kharif):** Groundnut (This follows the pulse, providing good N to the oilseed)

    *   **Option 2 (Legume-Cereal-Legume):**
        *   **Year 1, Season 1 (Kharif):** Groundnut
        *   **Year 1, Season 2 (Rabi, if water permits):** Sorghum (Jowar) or Finger Millet (Ragi)
        *   **Year 2, Season 1 (Kharif):** Cowpea or Cluster Bean (for vegetable or green manure)

    *   **Option 3 (Adding Variety):**
        *   **Year 1, Season 1 (Kharif):** Pearl Millet
        *   **Year 1, Season 2 (Rabi):** Fallow (if very dry) or a green manure crop like Sunnhemp (if some moisture is available to grow it, then incorporate into soil)
        *   **Year 2, Season 1 (Kharif):** Groundnut
        *   **Year 2, Season 2 (Rabi):** Blackgram

    **Key Points for Your Rotation:**
    *   **Always try to follow a Cereal/Millet with a Legume.** The legume will replenish the nitrogen that the cereal has used.
    *   **Include a deep-rooted crop** (like castor or even a deep-rooted millet like sorghum) occasionally to help break up the soil.
    *   **Don't grow the same family of crops back-to-back.**
    *   **Observe your field:** Pay attention to which rotations work best for pest control and soil improvement on your specific land.

By implementing these crop rotation practices, you will significantly improve the health and fertility of your soil, reduce your reliance on external inputs, and build a more resilient and profitable farming system, especially well-suited for your conditions in the Southern Dry Zone of Tamil Nadu.

Good luck with your farming!"
2026-03-05 16:24:51,expert_advice,,,,,,,,,,,,,How to control pest attacks on cotton crops?,"N=92, P=59, K=165, pH=8.3, Region=Tamil Nadu – Southern Dry Zone","வணக்கம்! I understand your concern about pest attacks on cotton, especially in the Southern Dry Zone of Tamil Nadu, where conditions can be challenging. Your soil report with pH 8.3 is a critical piece of information that affects plant health and pest susceptibility.

Let's break down how to effectively control pests on your cotton crop with practical, easy-to-implement steps.

**The Golden Rule: Integrated Pest Management (IPM)**
This means using a combination of methods – not just spraying chemicals – to keep pests under control. It's about thinking smart, not just spraying hard.

---

### **Key Strategies for Pest Control in Cotton**

**1. Build a Strong Foundation: Healthy Plants Resist Pests**

*   **Choose the Right Seeds:**
    *   **Bt Cotton:** If allowed and available, use certified Bt cotton varieties. These are genetically modified to resist bollworms (the most damaging cotton pests). This is your first line of defense.
    *   **Resistant Varieties:** Ask your local agricultural extension officer if there are any other varieties known to be resistant or tolerant to common local pests.
    *   **Seed Treatment:** Always use treated seeds. This gives the young seedlings initial protection against early pests and diseases.
*   **Address Your Soil pH (8.3) – This is CRITICAL!**
    *   **Problem:** A high pH (alkaline soil) like yours means that many important micronutrients (like Iron, Zinc, Manganese, Boron) become ""locked up"" in the soil and are not available to your cotton plants, even if they are present.
    *   **Impact on Pests:** Nutrient-deficient plants are stressed and become weak, making them much more susceptible to sucking pests (like aphids, jassids, whiteflies, thrips, mites). They are like an easy meal for pests.
    *   **Solution:**
        *   **Immediate:** Start **foliar spraying** chelated micronutrients (e.g., chelated Iron, Zinc, Manganese) regularly. This delivers the nutrients directly to the leaves, bypassing the soil problem.
        *   **Long-Term:** Incorporate good amounts of **organic matter** (farmyard manure, compost, vermicompost) into your soil. Over time, this helps to buffer the pH and improve nutrient availability. You could also consult with the local agricultural department about using **gypsum or elemental sulfur** to slowly lower the pH, but this is a long-term strategy and needs careful management.
*   **Balanced Fertilization (Based on your NPK):**
    *   **N=92, P=59, K=165:** Your K is high, P is good, N is moderate.
    *   **Avoid Excess Nitrogen:** While nitrogen makes plants green and leafy, too much makes them soft and lush, attracting sucking pests. Stick to recommended nitrogen doses for cotton based on your local agricultural university guidelines.
    *   **Potassium's Role:** Your high K is good! Potassium helps plants develop thicker cell walls, making them physically tougher for pests to attack.
    *   **Focus on Micronutrients:** As mentioned above, *this is your biggest nutrient priority due to high pH.*

**2. Smart Farming Practices (Cultural Control)**

*   **Timely Sowing:** Sow your cotton crop at the recommended time for your region. Late sowing often coincides with peak pest populations.
*   **Crop Rotation:** Never grow cotton on the same land continuously. Rotate with non-host crops like maize, sorghum, pulses, or groundnut. This breaks the life cycle of pests that overwinter in the soil.
*   **Field Sanitation (Cleanliness):**
    *   **Remove Weeds:** Weeds act as alternate hosts for many cotton pests and diseases. Keep your field completely weed-free.
    *   **Clear Crop Residue:** After harvest, remove and destroy all cotton stalks, leaves, and unopened bolls. Deep ploughing helps bury any remaining pests or pupae. This is crucial to prevent pests from carrying over to the next season.
*   **Proper Plant Spacing:** Give your plants enough space. Good air circulation reduces humidity, which can sometimes deter pests and diseases.
*   **Water Management:** Both water stress (underwatering) and excessive watering can weaken plants, making them more vulnerable. Provide adequate and timely irrigation, especially in a dry zone.

**3. Monitor Your Crop Regularly (Scouting)**

*   **Walk Your Field Daily:** This is the most important step! Spend time walking through your field, looking at the underside of leaves, growing tips, and flowers.
*   **Look for Early Signs:**
    *   **Sucking Pests:** Small insects, distorted leaves, sticky honeydew (excretion), sooty mold.
    *   **Bollworms:** Small holes in squares or bolls, larvae (worms) inside, chewed leaves.
    *   **Egg Masses:** Look for clusters of tiny eggs on leaves.
*   **Identify the Pest:** Try to identify *what* pest you have. This helps choose the right control method. Your local agriculture extension officer can assist.
*   **Economic Threshold Level (ETL):** Don't spray just because you see a few pests. Learn the ETL for different pests (the point where the pest population is high enough to cause significant economic loss if not controlled). Your extension officer can provide these numbers. Spraying before ETL wastes money, kills beneficial insects, and can lead to resistance.

**4. Non-Chemical Control (First Line of Defense After Bt Cotton)**

*   **Mechanical Methods:**
    *   **Hand-picking:** For early infestations of larger pests or egg masses, you can hand-pick them and destroy them.
    *   **Setting up Bird Perches:** Place ""T"" shaped wooden sticks in your field. Birds will perch there and feed on caterpillars and other insects.
*   **Pheromone Traps:**
    *   **What they are:** Lures that release a scent mimicking female insects to attract male bollworms.
    *   **How to use:** Place 5-6 traps per acre (or as recommended by manufacturer). Check them daily. They help you monitor pest presence and density. If you catch many male moths, you know there's a problem brewing. They can also be used for mass trapping to reduce pest populations directly.
*   **Yellow Sticky Traps:**
    *   **What they are:** Yellow boards coated with a sticky substance.
    *   **How to use:** Place 10-12 traps per acre. Sucking pests like whiteflies and thrips are attracted to yellow and get stuck. These are great for monitoring and also catching small numbers of pests.
*   **Neem-based Products (Neem Oil/Neem Cake):**
    *   **How they work:** Act as repellents, anti-feedants, and disrupt insect growth. They are safe for beneficial insects.
    *   **Application:** Spray neem oil (NSKE 5%) as per instructions, especially for early stage sucking pests. You can also apply neem cake to the soil to repel soil-borne pests.
*   **Conserve Natural Enemies:**
    *   Many insects (ladybugs, lacewings, predatory mites, parasitic wasps) are ""good insects"" that feed on or parasitize cotton pests.
    *   **How to help them:** Avoid broad-spectrum chemical sprays, as they kill beneficial insects too. Promote biodiversity in and around your field (e.g., planting marigolds as a trap crop or providing flowering plants).

**5. Chemical Control (Use as a Last Resort & Responsibly)**

*   **Only When Necessary:** If all other methods fail and pest numbers exceed the ETL, then consider chemical sprays.
*   **Choose the Right Insecticide:** Use the specific insecticide recommended for the *identified pest*. A broad-spectrum insecticide might kill beneficial insects without effectively targeting your problem pest.
*   **Rotate Insecticides:** Never use the same insecticide or chemical group repeatedly. Pests quickly develop resistance. Rotate between different chemical groups (e.g., one spray with a synthetic pyrethroid, next with a neonicotinoid, then an organophosphate, etc.). Your extension officer can guide you.
*   **Correct Dosage and Application:** Follow the label instructions precisely for mixing ratio, water volume, and spraying technique. Improper application is ineffective and wasteful.
*   **Safety First:** Always wear protective clothing (gloves, mask, long-sleeved shirt, trousers) when handling and spraying chemicals. Avoid spraying during windy conditions or when beneficial insects are very active (e.g., early morning).
*   **Spot Treatment:** If pests are only in a small area, only spray that area, not the entire field. This saves money and preserves beneficial insects.

---

**Summary for You:**

Given your high pH, **your top priority, in addition to Bt cotton and monitoring, should be addressing the micronutrient deficiencies through foliar sprays.** Strong, well-nourished plants are your best defense against many pests.

By implementing these steps systematically, you will create a robust pest management plan that is effective, sustainable, and reduces your reliance on costly and potentially harmful chemical sprays. Always consult with your local agricultural extension office for the most current and specific recommendations for your area."
2026-03-07 19:42:47,crop_recommendation,50,40,50,6.5,50,Sandy,28,65,1000,Kuruvai (Jun – Sep) – TN Early Kharif,Tamil Nadu – Cauvery Delta,,,,"As an agricultural advisor, based on the provided conditions for your farm in the Cauvery Delta region of Tamil Nadu during the Kuruvai season, here are my top crop recommendations:

The primary challenges are the low soil fertility (N, P, K) and the sandy soil type, which has poor water and nutrient retention. However, the ideal temperature, high rainfall, and suitable pH are significant advantages. Strategic management will be key to success.

---

### General Advisory for Sandy Soil & Low Fertility:

*   **Nutrient Management:** Given the low NPK, consistent and split applications of fertilizers will be crucial for all crops. Consider soil testing for micronutrients too.
*   **Organic Matter:** Incorporate significant amounts of organic matter (Farm Yard Manure, compost, green manure) to improve the sandy soil's water and nutrient holding capacity.
*   **Water Management:** For non-paddy crops, frequent but lighter irrigations will be more effective than infrequent heavy irrigations due to the sandy soil's rapid drainage. For paddy, managing standing water will be important to minimize percolation losses.

---

### Top 3 Recommended Crops:

#### 1. Short-Duration Paddy (Rice)

*   **Suitability Score:** 9/10
*   **Why it suits these conditions:**
    *   **Regional Staple:** Paddy is the most common and economically viable crop in the Cauvery Delta, especially during the Kuruvai season.
    *   **Temperature & Rainfall:** The 28°C temperature and 1000mm rainfall are ideal for paddy cultivation, meeting its high water demand.
    *   **pH:** The pH of 6.5 is well within the optimal range for rice.
    *   **Adaptation:** While sandy soil is challenging, specific short-duration paddy varieties (e.g., ADT, ASD, or CO series from TNAU suitable for Kuruvai) can be cultivated successfully with proper water and nutrient management. These varieties often have a shorter crop cycle, fitting the Kuruvai window well.
*   **Expected Yield:** 3.5 - 4.5 metric tons per hectare (T/ha) with good management and appropriate fertilization, especially considering the sandy soil and low initial nutrients.
*   **Best Planting Time:** Mid-June to Mid-July (to align with the Kuruvai season and benefit from monsoon rains for initial growth).

#### 2. Groundnut (Peanut)

*   **Suitability Score:** 8.5/10
*   **Why it suits these conditions:**
    *   **Sandy Soil Tolerance:** Groundnut thrives in well-drained, sandy to sandy-loam soils, making it an excellent choice for your soil type where waterlogging is not an issue.
    *   **Moderate Water Requirement:** While it needs consistent moisture, it's less water-intensive than paddy, which is advantageous for sandy soils with poor water retention. The 1000mm rainfall should be largely sufficient, though supplemental irrigation may be needed during dry spells.
    *   **Nitrogen Fixation:** Being a legume, it fixes atmospheric nitrogen, reducing the need for external nitrogenous fertilizers to some extent and improving soil fertility for subsequent crops.
    *   **Market Demand:** Good cash crop with stable market demand in Tamil Nadu.
    *   **Temperature & Rainfall:** The 28°C temperature and 1000mm rainfall are highly conducive for groundnut cultivation.
*   **Expected Yield:** 2.0 - 2.8 T/ha (unshelled pods) with good management and nutrient supplementation.
*   **Best Planting Time:** Mid-June to Early July (fitting the Kuruvai season for timely harvest).

#### 3. Blackgram (Urad Dal) or Greengram (Moong Dal)

*   **Suitability Score:** 8/10
*   **Why it suits these conditions:**
    *   **Short Duration:** Both blackgram and greengram are short-duration crops (60-75 days), making them ideal for the Kuruvai season as a standalone crop, intercrop, or even as a catch crop.
    *   **Low Water Requirement:** They are relatively drought-tolerant and perform well with moderate moisture, making them suitable for sandy soils where water retention is an issue.
    *   **Nitrogen Fixation:** As legumes, they significantly contribute to improving soil nitrogen content and overall soil health, which is vital given your low initial NPK levels.
    *   **Suitable Environment:** The temperature, humidity, and rainfall are well-suited for their growth.
    *   **Economic Value:** Pulses have good market demand and fetch decent prices, providing an alternative income stream.
*   **Expected Yield:** 0.8 - 1.2 T/ha with good management.
*   **Best Planting Time:** Mid-June to Early July (to allow for harvest before the main North-East monsoon if planning a subsequent crop).

---

By carefully managing your soil fertility, ensuring timely water availability, and selecting appropriate varieties, you can achieve good yields from these recommended crops. It's always advisable to consult with local agricultural extension officers for specific variety recommendations and fertilizer schedules tailored to your precise field conditions."
2026-03-07 19:45:46,crop_recommendation,50,40,50,6.5,50,Sandy,28,65,1000,Kuruvai (Jun – Sep) – TN Early Kharif,Tamil Nadu – Cauvery Delta,,,,"As an agricultural advisor, considering the specific conditions of your farm in the Cauvery Delta during the Kuruvai season, here are my top recommendations:

---

### General Considerations for Sandy Soil in Kuruvai:

*   **Water Management:** Sandy soil has low water retention. Efficient irrigation (drip or frequent light irrigation where possible, even for rice in modified systems) will be crucial.
*   **Nutrient Management:** Nutrients leach faster from sandy soil. Split application of fertilizers, especially nitrogen, and regular soil testing are recommended.
*   **Organic Matter:** Incorporating plenty of organic matter (farmyard manure, compost, green manure) will significantly improve soil water holding capacity and nutrient retention over time.

---

### Top 3 Recommended Crops:

#### 1. Paddy (Rice)

*   **Suitability Score:** 9/10
*   **Why it suits these conditions:**
    *   **Region & Season:** Rice is the staple crop of the Cauvery Delta, and Kuruvai is a primary rice season, heavily reliant on Mettur dam release and Southwest Monsoon. Local varieties and practices are well-established.
    *   **Temperature & Humidity:** 28°C and 65% humidity are ideal tropical conditions for rice cultivation.
    *   **Rainfall:** 1000mm rainfall (supplemented by irrigation) meets the high water requirement of rice.
    *   **pH:** pH 6.5 is well within the optimal range for rice (6.0-7.0).
    *   **Nutrients:** Moderate NPK can be supplemented with fertilizers to meet rice's demands.
    *   **Sandy Soil Adaptation:** While sandy soil can be challenging for traditional flooded rice due to high percolation, farmers in such regions adapt by using specific high-yielding short-duration varieties, puddling techniques to reduce percolation, or even adopting direct-seeded rice (DSR) methods which use less water initially.
*   **Expected Yield:** 4.0 - 5.5 tonnes/ha (40-55 quintals/ha) for high-yielding, short-duration varieties with good management.
*   **Best Planting Time:** June, coinciding with the release of Cauvery water from Mettur dam and the onset of the Southwest Monsoon.

#### 2. Groundnut (Peanut)

*   **Suitability Score:** 9.5/10
*   **Why it suits these conditions:**
    *   **Soil Type:** Groundnut *prefers* well-drained sandy or sandy loam soils, making your sandy soil type ideal. This ensures proper peg penetration and pod development.
    *   **Temperature & Humidity:** 28°C is optimal for groundnut growth, and moderate humidity is favorable.
    *   **Rainfall:** 1000mm rainfall is generally sufficient, though supplementary irrigation might be needed during critical flowering and pod development stages due to rapid drainage in sandy soil.
    *   **pH:** pH 6.5 is excellent for groundnut.
    *   **Nutrients:** It's a legume, so it fixes atmospheric nitrogen, reducing external N requirements. Moderate NPK in the soil is a good base.
    *   **Season & Region:** Groundnut is a major oilseed crop grown in Tamil Nadu, often as a rainfed or semi-irrigated crop during the Kharif/Kuruvai season.
*   **Expected Yield:** 2.0 - 3.0 tonnes/ha (20-30 quintals/ha) of unshelled pods, with good management and appropriate varieties.
*   **Best Planting Time:** June - July, with the onset of the monsoon.

#### 3. Blackgram (Urad Dal)

*   **Suitability Score:** 8.5/10
*   **Why it suits these conditions:**
    *   **Soil Type:** Blackgram thrives in well-drained sandy to sandy loam soils, making your soil highly suitable. It cannot tolerate waterlogging.
    *   **Temperature & Humidity:** 28°C and 65% humidity are ideal for its growth and development.
    *   **Rainfall:** 1000mm rainfall is sufficient for blackgram, which is relatively drought-tolerant once established, but benefits from consistent moisture.
    *   **pH:** pH 6.5 is perfect for blackgram.
    *   **Nutrients:** As a legume, it fixes atmospheric nitrogen, enriching the soil. It generally has lower nutrient requirements compared to cereals.
    *   **Season & Region:** Blackgram is a short-duration pulse crop widely cultivated in Tamil Nadu, often intercropped, rotated with rice, or grown as a catch crop during Kuruvai season. It improves soil fertility.
*   **Expected Yield:** 0.8 - 1.2 tonnes/ha (8-12 quintals/ha) for improved varieties with good management.
*   **Best Planting Time:** July - August, often after early Kuruvai rice or as a standalone crop depending on water availability.

---

Remember to consult with local agricultural extension services for specific high-yielding varieties recommended for your immediate area and for precise fertilizer schedules tailored to your soil test results."
2026-03-07 20:02:49,crop_recommendation,50,40,50,6.5,50,Sandy,28,65,1000,Kuruvai (Jun – Sep) – TN Early Kharif,Tamil Nadu – Cauvery Delta,,,,"As your agricultural advisor, based on the conditions provided for your Kuruvai season cultivation in the Cauvery Delta of Tamil Nadu, here are my top recommendations:

---

### **Key Soil & Environmental Insights:**

*   **Soil:** Sandy type means excellent drainage but poor water and nutrient retention. The NPK levels are quite low, indicating a significant need for fertilization. The pH of 6.5 is ideal for most crops.
*   **Environment:** High temperature and humidity are typical for the region. 1000mm of rainfall during Kuruvai is generally good, but the sandy soil will require careful water management to prevent quick percolation and nutrient leaching. The Kuruvai season is traditionally prime rice-growing time.

---

### **1. Top 3 Recommended Crops:**

1.  **Paddy (Rice)** - Suitability Score: **8/10**
2.  **Groundnut (Peanut)** - Suitability Score: **9/10**
3.  **Black Gram (Urad Dal)** - Suitability Score: **8.5/10**

---

### **2. Why Each Crop Suits These Conditions:**

#### **1. Paddy (Rice)**

*   **Regional & Seasonal Fit:** The Kuruvai season (Jun-Sep) is the primary rice-growing period in the Cauvery Delta of Tamil Nadu. It is the staple crop and culturally ingrained in the region's agriculture.
*   **Temperature & Humidity:** Paddy thrives in warm temperatures (28°C is ideal) and high humidity (65%), which are prevalent.
*   **Water Availability:** While sandy soil means higher percolation, 1000mm rainfall, combined with potential access to delta irrigation systems, makes paddy a viable option. However, *intensive water management* will be crucial.
*   **pH:** The pH of 6.5 is slightly acidic to neutral, which is very suitable for rice cultivation.
*   **Nutrient Management:** Despite low initial NPK, rice is a high-demand crop. Its cultivation in this region is well-supported by established fertilizer application practices, which will be essential here to amend the low soil fertility.

#### **2. Groundnut (Peanut)**

*   **Soil Type (Sandy Preference):** Groundnut is exceptionally well-suited for sandy soils. The excellent drainage of sandy soil prevents waterlogging, which is critical for groundnut as it's susceptible to diseases in waterlogged conditions and requires loose soil for peg penetration and pod development.
*   **Nutrient Needs (Nitrogen Fixation):** As a legume, groundnut fixes atmospheric nitrogen, reducing its reliance on external nitrogen fertilizers. This is a significant advantage given your low N (50 kg/ha) soil. It will still require P and K, but less N.
*   **Temperature & Humidity:** The warm temperature (28°C) and moderate to high humidity are ideal for groundnut growth and development.
*   **Water Management:** While it needs consistent moisture, groundnut is more tolerant of temporary dry spells than rice and doesn't require standing water, making it a good fit for sandy soil that drains quickly, provided rainfall is regular or supplementary irrigation is available.
*   **pH:** pH 6.5 is optimal for groundnut.

#### **3. Black Gram (Urad Dal)**

*   **Soil Type (Sandy Tolerance):** Black gram is relatively tolerant of sandy to sandy-loam soils, especially when well-drained. It does not perform well in heavy, waterlogged soils.
*   **Nutrient Needs (Nitrogen Fixation):** Like groundnut, black gram is a legume and fixes atmospheric nitrogen, which significantly benefits the crop and subsequent crops by enriching the soil's nitrogen content. This makes it highly suitable for your low N (50 kg/ha) soil. It has lower NPK demands overall compared to rice.
*   **Short Duration & Flexibility:** Black gram is a relatively short-duration crop, fitting well into the Kuruvai season, either as a standalone crop, an intercrop, or a catch crop if the main crop is delayed.
*   **Temperature & Humidity:** It thrives in warm, humid conditions, aligning perfectly with the provided environmental parameters.
*   **Water Use Efficiency:** It has lower water requirements compared to rice, making it a sustainable choice for sandy soils where water retention is a challenge, even with 1000mm rainfall.
*   **pH:** pH 6.5 is suitable for black gram.

---

### **3. Expected Yield:**

*   **Paddy (Rice):**
    *   **Yield:** 4.0 - 5.5 tonnes/hectare (with proper nutrient and water management, given the sandy soil challenge).
*   **Groundnut (Peanut):**
    *   **Yield:** 1.8 - 2.8 tonnes/hectare (dry pods)
*   **Black Gram (Urad Dal):**
    *   **Yield:** 0.8 - 1.2 tonnes/hectare

---

### **4. Best Planting Time:**

*   **Paddy (Rice):**
    *   **Planting Time:** Mid-June to Early July (transplanting, coinciding with the onset of the monsoon).
*   **Groundnut (Peanut):**
    *   **Planting Time:** Early June to Mid-July (direct sowing, after the first significant monsoon showers).
*   **Black Gram (Urad Dal):**
    *   **Planting Time:** June to Mid-July (direct sowing, as it's a relatively short-duration crop, allowing some flexibility within the Kuruvai season).

---

### **Important Considerations for Sandy Soil and Low NPK:**

*   **Nutrient Management:** For all crops, especially paddy, aggressive application of organic matter (compost, farmyard manure) to improve soil structure and nutrient/water retention is crucial. Supplement with balanced chemical fertilizers based on soil test recommendations for P and K, and appropriate N dosages for paddy. Groundnut and Black Gram will require P and K, but less N due to fixation.
*   **Water Management:** Given the sandy soil's high drainage, frequent, lighter irrigations might be more effective than infrequent, heavy irrigations to maintain soil moisture without leaching nutrients. Consider drip irrigation for groundnut if feasible.
*   **Variety Selection:** Choose short to medium-duration, high-yielding varieties known to perform well in the Cauvery Delta region and tolerate sandy-loam conditions.

By carefully managing these factors, you can achieve successful cultivation during the Kuruvai season."
2026-03-07 21:14:31,crop_recommendation,90,90,95,7.4,62,Sandy,24,50,1359,Kuruvai (Jun – Sep) – TN Early Kharif,Tamil Nadu – Cauvery Delta,,,,"As an agricultural advisor, considering the specific conditions in the Cauvery Delta region of Tamil Nadu during the Kuruvai season, here are the top crop recommendations:

---

### 1. Top 3 Recommended Crops with Suitability Score

*   **Paddy (Rice):** 9/10
*   **Groundnut:** 8/10
*   **Blackgram/Greengram (Pulses):** 7/10

---

### 2. Why Each Crop Suits These Conditions

*   **Paddy (Rice):**
    *   **Region & Season:** The Cauvery Delta is historically known as the ""Rice Bowl"" of Tamil Nadu, and Kuruvai (June-September) is the primary season for short-duration paddy cultivation in the region. Farmers possess extensive knowledge and established practices for rice farming.
    *   **Rainfall:** The high annual rainfall (1359mm) during the Kuruvai season is highly beneficial for rice, significantly reducing reliance on supplementary irrigation for this water-intensive crop.
    *   **Temperature:** The ambient temperature of 24°C is ideal for the vegetative and reproductive growth phases of rice.
    *   **Nutrients:** The good NPK levels (N=90, P=90, K=95 kg/ha) are favorable for healthy rice growth.
    *   **Adaptation to Sandy Soil/pH:** While sandy soil and a slightly alkaline pH (7.4) are not ideal for traditional flooded rice cultivation, experienced farmers in the delta manage this through practices like intensive puddling (to reduce percolation), liberal application of organic matter (e.g., farmyard manure or compost) to improve water retention, and selection of short-duration, adaptable rice varieties.

*   **Groundnut:**
    *   **Soil Type:** Groundnut thrives in well-drained, sandy soils, which perfectly matches your soil type. This is crucial for healthy pod development and ease of harvesting.
    *   **Temperature:** The 24°C temperature is optimal for groundnut germination, growth, and pod formation.
    *   **Nutrients & pH:** The good NPK levels and slightly alkaline pH are generally well-suited for groundnut cultivation.
    *   **Rainfall:** The high rainfall ensures adequate moisture for the crop, reducing irrigation needs. However, efficient drainage management is critical to prevent waterlogging and fungal diseases, especially during the flowering and pod development stages.

*   **Blackgram/Greengram (Pulses):**
    *   **Soil Type:** These short-duration pulses prefer well-drained soils, making the sandy soil type suitable, provided proper drainage measures are implemented to prevent waterlogging.
    *   **Season & Duration:** As short-duration crops (typically 60-90 days), they fit well into the Kuruvai season, allowing for quick returns and potentially fitting into intensive cropping systems.
    *   **Temperature & Nutrients:** The 24°C temperature is conducive to their growth. Pulses are leguminous crops, which can fix atmospheric nitrogen, thereby improving soil fertility in addition to utilizing the existing good NPK levels.
    *   **Adaptation to Region:** Both Blackgram and Greengram are commonly cultivated pulse crops in Tamil Nadu, often grown in rotation with paddy or as sole crops.

---

### 3. Expected Yield

*   **Paddy (Rice):**
    *   With good management practices, appropriate short-duration high-yielding varieties, and efficient water and nutrient management, an expected yield of **3.5 - 4.5 tons/ha (3500-4500 kg/ha)** of paddy grain is achievable.

*   **Groundnut:**
    *   Under favorable conditions, with good field preparation, optimal drainage, and effective pest/disease management, an expected yield of **2.0 - 2.8 tons/ha (2000-2800 kg/ha)** of unshelled pods can be expected.

*   **Blackgram/Greengram (Pulses):**
    *   Given the potential challenges from high rainfall, but with suitable varieties and robust drainage management, an expected yield of **0.8 - 1.2 tons/ha (800-1200 kg/ha)** of grain is possible.

---

### 4. Best Planting Time

*   **Paddy (Rice):**
    *   **Kuruvai Season:** **Mid-June to Mid-July.** This period aligns with the onset of the monsoon in Tamil Nadu, allowing the crop to benefit from the high rainfall for initial growth and establishment. (Sowing in nursery usually occurs around early June, with transplanting 20-25 days later).

*   **Groundnut:**
    *   **Kuruvai Season:** **Late June to Mid-July.** Planting during this window allows the crop to utilize the monsoon rains effectively for vegetative growth, while careful monitoring and drainage are necessary during flowering and pod development.

*   **Blackgram/Greengram (Pulses):**
    *   **Kuruvai Season:** **Early June to Mid-July.** Planting early in the season can help the crop establish well before the peak intensity of monsoon rains, which can be critical for successful flowering and pod setting. Excellent field drainage is paramount."
2026-03-07 21:42:11,crop_recommendation,50,40,50,6.5,50,Sandy,28,65,1000,Kuruvai (Jun – Sep) – TN Early Kharif,Tamil Nadu – Cauvery Delta,,,,"Based on the provided conditions, here are the top 3 recommended crops for cultivation in the Cauvery Delta region of Tamil Nadu during the Kuruvai season:

---

### 1. Groundnut (Peanut)

*   **Suitability Score:** 9/10
*   **Why it suits these conditions:**
    *   **Soil Preference:** Groundnut thrives in well-drained sandy loam to sandy soils. The sandy nature of your soil is ideal for peg penetration and proper pod development, preventing waterlogging which groundnut dislikes. The pH of 6.5 is perfectly within its preferred range.
    *   **Nutrient Tolerance:** While it requires nutrients, groundnut is a legume and can fix atmospheric nitrogen, reducing its reliance on soil nitrogen. It responds well to targeted fertilization, which can efficiently manage the given NPK levels in sandy soil.
    *   **Moisture Management:** The 1000mm rainfall during the Kuruvai season is sufficient to support its growth. Its relatively drought-tolerant nature, combined with the quick drainage of sandy soil, prevents root rot and ensures healthy growth.
    *   **Environmental Fit:** The warm temperature of 28°C and 65% humidity are excellent for groundnut cultivation. The Kuruvai season (Jun – Sep) is a standard short-duration cropping window for groundnut in Tamil Nadu.
*   **Expected Yield:** 1500 - 2000 kg/ha (pod yield) under good management practices with suitable short-duration varieties.
*   **Best Planting Time:** Mid-June to early July, coinciding with the onset of the Southwest Monsoon in the region.

---

### 2. Green Gram (Moong Dal)

*   **Suitability Score:** 8.5/10
*   **Why it suits these conditions:**
    *   **Soil Preference:** Green gram prefers well-drained sandy loam to sandy soils, making your soil type highly suitable. It performs well in soils with good aeration, which sandy soils provide. The pH of 6.5 is ideal.
    *   **Nutrient Management:** As a leguminous crop, green gram is highly beneficial due to its ability to fix atmospheric nitrogen. This significantly reduces the need for external nitrogen fertilization, making it suitable for your low N soil. It also improves overall soil fertility.
    *   **Moisture Management:** Green gram is a short-duration crop (60-75 days) and efficiently utilizes monsoon rainfall. It is relatively drought-tolerant once established, making it a robust choice for the Kuruvai season.
    *   **Environmental Fit:** The warm temperature (28°C) and moderate to high humidity (65%) are favorable for its rapid growth. The Kuruvai season provides the optimal conditions for its quick life cycle.
*   **Expected Yield:** 800 - 1200 kg/ha
*   **Best Planting Time:** Mid-June to Mid-July.

---

### 3. Pearl Millet (Bajra)

*   **Suitability Score:** 8/10
*   **Why it suits these conditions:**
    *   **Soil Preference:** Pearl Millet is renowned for its adaptability and performs exceptionally well in sandy soils, even those with low organic matter and fertility. Its extensive root system helps it thrive in such conditions. pH 6.5 is suitable.
    *   **Nutrient Tolerance:** It is a very hardy crop known for its ability to grow and yield in low-nutrient soils, making it an excellent choice for the given NPK levels. It requires fewer inputs compared to many other cereals.
    *   **Moisture Management:** Pearl Millet is highly drought-tolerant once established and efficiently uses available moisture. The 1000mm rainfall during the Kuruvai season, coupled with the sandy soil's good drainage, will prevent waterlogging while ensuring sufficient water supply.
    *   **Environmental Fit:** It thrives in hot and dry climates, so the 28°C temperature is ideal. As a short to medium-duration crop, it fits well within the Kuruvai season, providing a reliable food and fodder source.
*   **Expected Yield:** 2000 - 3000 kg/ha (grain yield)
*   **Best Planting Time:** Late June to early July."
2026-03-07 21:59:59,crop_recommendation,81,74,107,6.8,63,Sandy,23,65,1253,Kuruvai (Jun – Sep) – TN Early Kharif,Tamil Nadu – Cauvery Delta,,,,"As an agricultural advisor, considering the specific conditions provided for the Cauvery Delta region of Tamil Nadu during the Kuruvai season (June-September), here are the top crop recommendations:

---

### **1. Top 3 Recommended Crops**

*   **Paddy (Rice):** Suitability Score: 9.5/10
*   **Groundnut (Peanut):** Suitability Score: 9/10
*   **Blackgram (Urad Dal):** Suitability Score: 8.5/10

---

### **2. Why Each Crop Suits These Conditions**

#### **1. Paddy (Rice)**

*   **Region and Season:** The Cauvery Delta is renowned as the ""Rice Bowl of Tamil Nadu,"" and Kuruvai (Early Kharif) is a primary rice-growing season here, fully aligning with traditional agricultural practices.
*   **Water Availability:** With 1253mm rainfall and 63% soil moisture, water availability is excellent, which is crucial for this water-intensive crop. High humidity is also favorable.
*   **Temperature:** The average temperature of 23°C is ideal for rice growth and development during its vegetative and reproductive stages.
*   **Soil pH:** A pH of 6.8 is perfectly suited for paddy cultivation.
*   **Nutrient Status:** While sandy soil can be challenging for water retention, in a deltaic region, it often implies sandy loam or sandy clay loam, or at least a water regime conducive to rice. The existing NPK levels (N=81, P=74, K=107 kg/ha) provide a good base, though supplemental nitrogen and potassium will be beneficial for maximizing yields. Farmers in this region are highly experienced in managing rice in various soil types.

#### **2. Groundnut (Peanut)**

*   **Soil Type:** Groundnut *thrives* in well-drained, sandy to sandy-loam soils. The sandy nature of your soil is ideal for peg penetration and pod development, ensuring good quality and yield.
*   **Soil pH:** The pH of 6.8 is excellent for groundnut, promoting nutrient availability.
*   **Nutrient Status:** The existing P (74 kg/ha) and K (107 kg/ha) are good for groundnut. As a legume, it fixes its own nitrogen, so the initial N (81 kg/ha) can be leveraged, and further nitrogen application should be minimal or based on specific plant needs.
*   **Environmental Conditions:** The moderate temperature (23°C) and good rainfall are highly favorable for groundnut growth during the Kuruvai season.
*   **Regional Fit:** Groundnut is a significant oilseed crop in Tamil Nadu and fits well into the monsoon cropping patterns.

#### **3. Blackgram (Urad Dal)**

*   **Season and Duration:** Blackgram is a short-duration pulse crop that fits perfectly within the Kuruvai season (typically 70-90 days), allowing for efficient land use and potential for subsequent crops.
*   **Soil Type:** It performs well in well-drained, sandy loam to loamy soils. While sandy soil can be prone to leaching, the high rainfall helps maintain moisture, and good drainage prevents waterlogging which pulses dislike.
*   **Soil pH:** The pH of 6.8 is suitable for blackgram cultivation.
*   **Nutrient Status:** As a legume, blackgram contributes to soil fertility by fixing atmospheric nitrogen. The existing P (74 kg/ha) and K (107 kg/ha) are generally sufficient, reducing the need for extensive external inputs.
*   **Environmental Conditions:** The temperature (23°C) and rainfall during the Kuruvai season are conducive for healthy blackgram growth.

---

### **3. Expected Yield (Under Good Management)**

*   **Paddy (Rice):** 5.0 - 6.5 tonnes/hectare (t/ha) of grain.
*   **Groundnut (Peanut):** 2.0 - 2.8 tonnes/hectare (t/ha) of dry pods.
*   **Blackgram (Urad Dal):** 0.8 - 1.2 tonnes/hectare (t/ha) of grain.

---

### **4. Best Planting Time**

*   **Paddy (Rice):**
    *   **Nursery Sowing:** Mid-May to Early June
    *   **Transplanting:** Mid-June to Early July (within 20-25 days of sowing)
*   **Groundnut (Peanut):**
    *   **Sowing:** Mid-June to Mid-July
*   **Blackgram (Urad Dal):**
    *   **Sowing:** Late June to Late July (can be sown after a potential short-duration rice variety or as a standalone crop)."
2026-03-07 22:31:37,crop_recommendation,81,74,107,6.8,63,Sandy,23,65,1253,Kuruvai (Jun – Sep) – TN Early Kharif,Tamil Nadu – Cauvery Delta,,,,"As an agricultural advisor, considering the specific soil, environmental, and seasonal conditions for the Cauvery Delta region in Tamil Nadu during the Kuruvai season (Early Kharif), here are my top recommendations:

---

### 1. Top 3 Recommended Crops with Suitability Score

1.  **Paddy (Rice):** **Suitability Score: 9.0/10**
2.  **Maize (Corn):** **Suitability Score: 8.4/10**
3.  **Blackgram (Urd bean):** **Suitability Score: 8.0/10**

---

### 2. Why Each Crop Suits These Conditions

#### 1. Paddy (Rice)
*   **Region & Season:** The Cauvery Delta is historically known as the ""Rice Bowl of Tamil Nadu,"" and Kuruvai (June-September) is the primary rice-growing season, perfectly aligned with monsoon rains and water availability from the Cauvery River.
*   **Rainfall & Moisture:** High rainfall (1253mm) combined with 63% soil moisture ensures ample water supply, which is critical for rice cultivation. Even though sandy soil typically has lower water retention, the abundant rainfall and assured irrigation in the delta region mitigate this, and traditional puddling methods help reduce percolation.
*   **Soil pH & Nutrients:** The near-neutral pH (6.8) is ideal for rice. The existing NPK levels are good starting points, though supplementary fertilization will be needed for optimal yields.
*   **Temperature & Humidity:** The 23°C temperature and 65% humidity are highly favorable for rice growth and development.

#### 2. Maize (Corn)
*   **Soil Type & pH:** Maize thrives in well-drained soils, and the sandy soil type helps prevent waterlogging, which can be detrimental to maize. The pH of 6.8 is excellent for maize cultivation.
*   **Rainfall & Moisture:** While 1253mm is high, sandy soil's good drainage prevents waterlogging issues for maize. The high rainfall ensures sufficient water, reducing the need for extensive irrigation, though supplemental watering might be beneficial during dry spells.
*   **Temperature & Humidity:** The moderate temperature (23°C) and humidity (65%) are well within the optimal range for maize growth.
*   **Nutrients:** Maize is a heavy feeder, but the existing NPK levels provide a good base, allowing for efficient nutrient uptake with targeted fertilization.

#### 3. Blackgram (Urd Bean)
*   **Soil Type & pH:** Blackgram prefers well-drained sandy loams, making the sandy soil highly suitable as long as there's no prolonged waterlogging. The pH of 6.8 is ideal for its growth and nodulation (nitrogen fixation).
*   **Rainfall & Moisture:** While heavy rainfall can sometimes be an issue for pulses, the sandy soil's excellent drainage capability will prevent waterlogging. The 1253mm rainfall provides ample moisture for its relatively short growing period.
*   **Temperature & Humidity:** The temperature (23°C) and humidity (65%) are favorable for blackgram, promoting healthy growth and pod development.
*   **Nutrient Benefits:** As a legume, blackgram can fix atmospheric nitrogen, contributing to soil fertility, which is beneficial for subsequent crops and helps utilize the existing phosphorus and potassium efficiently.

---

### 3. Expected Yield

*   **Paddy (Rice):**
    *   **Expected Yield:** 5,000 – 7,000 kg/ha (5-7 tonnes per hectare) for improved or hybrid varieties with good management practices.
*   **Maize (Corn):**
    *   **Expected Yield:** 6,000 – 9,000 kg/ha (6-9 tonnes per hectare) for high-yielding hybrid varieties with proper nutrient and pest management.
*   **Blackgram (Urd bean):**
    *   **Expected Yield:** 800 – 1,200 kg/ha (0.8-1.2 tonnes per hectare) for improved varieties under good management.

---

### 4. Best Planting Time

*   **Paddy (Rice):**
    *   **Best Planting Time:** Mid-June to Mid-July (Start of Kuruvai season). This aligns with the onset of the Southwest Monsoon, ensuring optimal water availability for transplanting or direct seeding.
*   **Maize (Corn):**
    *   **Best Planting Time:** Mid-June to End of July. Planting during this period will allow the crop to utilize the peak monsoon rains for vegetative growth and mature before any potential dry spells later in the season.
*   **Blackgram (Urd bean):**
    *   **Best Planting Time:** Early June to Mid-July. As a short-duration crop, planting early in the Kuruvai season allows it to benefit from the initial monsoon showers and mature before heavy, continuous rainfall might negatively impact flowering and pod development."
2026-03-07 22:58:41,crop_recommendation,50,40,50,6.5,50,Sandy,28,65,1000,Kuruvai (Jun – Sep) – TN Early Kharif,Tamil Nadu – Cauvery Delta,,,,"As an agricultural advisor, based on the provided conditions, the primary challenges are the sandy soil (low water and nutrient retention) and the low initial NPK levels. The Kuruvai season in the Cauvery Delta, despite being traditionally paddy-dominated, calls for careful crop selection given the specific sandy soil.

Here are my top recommendations:

---

### 1. Groundnut (Peanut)

*   **Suitability Score:** 92%

*   **Why it suits these conditions:**
    *   **Sandy Soil:** Groundnut thrives in well-drained sandy to sandy-loam soils, which is a perfect match for the given soil type. Its pegs (flower stalks that penetrate the soil to form pods) develop best in loose soil.
    *   **Nutrient Levels:** While NPK are low, groundnut is a legume and fixes atmospheric nitrogen, reducing its external N requirement. It responds well to moderate P and K applications, which would be crucial given the current low levels.
    *   **pH 6.5:** This pH is ideal for groundnut cultivation.
    *   **Moisture & Rainfall:** The 1000mm rainfall is beneficial, but the sandy soil will drain quickly. Groundnut tolerates moderate drought but benefits significantly from supplemental irrigation during critical stages (flowering and pod development), which is feasible in the Cauvery Delta.
    *   **Temperature & Humidity:** 28°C and 65% humidity are very suitable for groundnut growth.
    *   **Kuruvai Season:** Short-duration varieties (90-110 days) fit perfectly into the Kuruvai window.

*   **Expected Yield:** 1800 - 2500 kg/ha (dried pods), with good management practices including balanced fertilization and timely irrigation.

*   **Best Planting Time:** Mid-June to Mid-July (Start of Kuruvai season).

---

### 2. Blackgram / Greengram (Pulses)

*   **Suitability Score:** 90%

*   **Why it suits these conditions:**
    *   **Sandy Soil:** Both blackgram and greengram prefer light, well-drained soils, making sandy soil highly suitable.
    *   **Nutrient Levels:** As legumes, they fix atmospheric nitrogen, significantly reducing the need for external nitrogen fertilizer. They are relatively low demanding in P and K, making them a good fit for the current soil nutrient status, though a basal dose is recommended.
    *   **pH 6.5:** This pH range is highly favorable for pulse cultivation.
    *   **Moisture & Rainfall:** They are relatively drought-tolerant compared to cereals, making them suitable for sandy soils with moderate moisture. The 1000mm rainfall is sufficient, but supplemental irrigation during critical flowering/podding stages can boost yields.
    *   **Temperature & Humidity:** 28°C is excellent for their growth, and 65% humidity is favorable.
    *   **Kuruvai Season:** Both are short-duration crops (65-80 days), fitting perfectly as a sole crop or even as an intercrop/rotation crop within the Kuruvai period.

*   **Expected Yield:** 800 - 1200 kg/ha (dried grains), depending on variety and management.

*   **Best Planting Time:** Mid-June to Early July (ideal for short-duration varieties).

---

### 3. Sesame (Gingelly)

*   **Suitability Score:** 88%

*   **Why it suits these conditions:**
    *   **Sandy Soil:** Sesame is known for its ability to grow well in light, well-drained sandy to sandy-loam soils, tolerating conditions that are less favorable for other crops.
    *   **Nutrient Levels:** It is relatively less demanding in nutrients compared to cereals, making it suitable for the given low NPK status. However, a balanced fertilization schedule will significantly improve yields.
    *   **pH 6.5:** This pH is optimal for sesame cultivation.
    *   **Moisture & Rainfall:** Sesame is quite drought-tolerant and can perform well under moderate moisture stress. The 1000mm rainfall, despite sandy soil drainage, can support its growth, with strategic irrigation during flowering and capsule formation being highly beneficial.
    *   **Temperature & Humidity:** 28°C is very conducive to sesame growth, and moderate humidity is favorable.
    *   **Kuruvai Season:** Short-duration varieties (80-95 days) are available and fit well within the Kuruvai growing window.

*   **Expected Yield:** 600 - 900 kg/ha (dried seeds), with good management.

*   **Best Planting Time:** Mid-June to Mid-July.

---

**General Recommendations for all crops given the conditions:**

*   **Soil Amendments:** Given the sandy soil, regular application of organic matter (Farm Yard Manure - FYM or compost, 5-10 tonnes/ha) is highly recommended. This will improve water retention capacity, nutrient holding capacity, and overall soil health.
*   **Fertilizer Management:** Despite some crops being nitrogen fixers, a basal application of N, P, and K will be crucial.
    *   For groundnut: ~20:40:40 kg/ha NPK.
    *   For pulses: ~20:40:20 kg/ha NPK.
    *   For sesame: ~40:30:30 kg/ha NPK.
    *   Consider applying micronutrients like Zinc and Boron, which are often deficient in sandy soils.
*   **Water Management:** Even with 1000mm rainfall, sandy soil drains quickly. Supplemental irrigation, especially during critical growth stages (flowering, pod/seed development), will be essential for maximizing yields. Drip irrigation can be highly efficient in sandy soils.
*   **Variety Selection:** Opt for improved, high-yielding, short-duration varieties suitable for the Tamil Nadu region and the Kuruvai season."
2026-03-07 22:59:53,crop_recommendation,50,40,50,6.5,50,Sandy,28,65,1000,Kuruvai (Jun – Sep) – TN Early Kharif,Tamil Nadu – Cauvery Delta,,,,"As an agricultural advisor, based on the conditions provided for the Kuruvai season in the Cauvery Delta region of Tamil Nadu, here are my top recommendations:

The soil's sandy nature, low to medium nutrient levels (N=50, P=40, K=50), and good pH (6.5) are key. The warm temperatures (28°C), moderate humidity (65%), and decent rainfall (1000mm) during the Kuruvai season (June-September) are favorable for tropical crops. The sandy soil, however, means quick drainage and lower water/nutrient retention, demanding careful management.

---

### 1. Groundnut (Peanut)

*   **Suitability Score:** 9/10

*   **Why it suits these conditions:**
    *   **Soil Preference:** Groundnut thrives exceptionally well in well-drained, light-textured sandy soils, which matches your ""Sandy"" soil type perfectly. The pH of 6.5 is also ideal.
    *   **Nutrient Management:** As a leguminous crop, it fixes atmospheric nitrogen, reducing external N fertilizer requirements. While P and K are low, groundnut is relatively efficient in nutrient uptake.
    *   **Temperature & Rainfall:** The 28°C temperature and 1000mm rainfall during the Kuruvai season are highly favorable for its growth and pod development. However, consistent moisture is crucial during flowering and pegging, and sandy soil drains quickly, so supplemental irrigation may be beneficial if rainfall isn't evenly distributed.
    *   **Season:** Short to medium duration varieties fit well within the Kuruvai window (June-September).
    *   **Region:** Groundnut is a major oilseed crop grown extensively in Tamil Nadu.

*   **Expected Yield:** With good management (appropriate fertilization, timely irrigation, pest/disease control), an expected yield can range from **1800-2500 kg/ha (pod yield)**.

*   **Best Planting Time:** **Mid-June to Early July** (to coincide with the onset of the monsoon and ensure maturity before heavy monsoon withdrawal).

---

### 2. Blackgram (Urad Dal)

*   **Suitability Score:** 8.5/10

*   **Why it suits these conditions:**
    *   **Soil Preference:** Blackgram tolerates a wide range of soils but performs well in well-drained, sandy loams to light sandy soils, which aligns with your sandy soil type. The pH of 6.5 is suitable.
    *   **Nutrient Management:** Being a legume, it contributes to soil fertility by fixing nitrogen, making it a good choice for low N soils and enhancing soil health for subsequent crops. It has relatively lower nutrient demands than cereals.
    *   **Temperature & Rainfall:** The warm temperatures (28°C) are ideal. Blackgram is relatively drought-tolerant compared to paddy, making it a safer option for sandy soils that might experience quick water loss, despite 1000mm rainfall.
    *   **Season:** It is a short-duration crop (70-85 days), fitting perfectly into the Kuruvai season.
    *   **Region:** Blackgram is a significant pulse crop cultivated in Tamil Nadu, often as a rainfed crop or with minimal irrigation.

*   **Expected Yield:** With good practices, an expected yield can range from **800-1200 kg/ha**.

*   **Best Planting Time:** **Late June to Mid-July** (to align with monsoon rains and allow for timely harvest).

---

### 3. Paddy (Rice - Short Duration Varieties)

*   **Suitability Score:** 8/10

*   **Why it suits these conditions:**
    *   **Region & Season:** Paddy is the staple crop of the Cauvery Delta region, and the Kuruvai season is a primary rice-growing period. Short-duration varieties (100-120 days) are specifically bred for this window.
    *   **Rainfall & Temperature:** The 28°C temperature and 1000mm rainfall during the growing season are very favorable for rice.
    *   **Economic Value:** It remains the most economically viable crop for many farmers in the region.

*   **Challenges and Management for Sandy Soil:**
    *   **Water Retention:** Sandy soils are not ideal for paddy as they have poor water retention and high percolation losses. This will require *very efficient water management* and possibly more frequent irrigation, especially if rainfall is erratic.
    *   **Nutrient Retention:** Sandy soils also leach nutrients quickly. Higher frequency of fertilizer application (split doses) will be critical to compensate for the low initial NPK and the soil's poor retention capacity.
    *   **Soil Amendment:** Incorporating significant organic matter (farmyard manure, compost, green manure) and potentially clay amendments (if economically viable) can improve the water and nutrient holding capacity of the sandy soil over time.

*   **Expected Yield:** Given careful water and nutrient management on sandy soil, an expected yield for short-duration varieties could range from **4000-5500 kg/ha**. This is lower than yields on loamy soils but achievable with good practices.

*   **Best Planting Time:** **Early June to Early July** (transplanting should ideally start mid-June to catch the full monsoon benefit and ensure maturity by September).

---

**Important Considerations for all crops:**

*   **Nutrient Management:** Given low initial NPK and sandy soil, frequent split application of fertilizers will be crucial. Consider soil testing to get precise recommendations. For legumes, ensure proper phosphorus and potassium application.
*   **Organic Matter:** Regular incorporation of organic matter (FYM, compost, green manure) is highly recommended for sandy soils to improve water holding capacity, nutrient retention, and overall soil health.
*   **Weed Control:** Sandy soils can lead to significant weed pressure; timely weeding is essential.
*   **Pest and Disease Management:** Monitor crops regularly and implement integrated pest and disease management strategies."
2026-03-07 23:00:45,crop_recommendation,50,40,50,6.5,50,Sandy,28,65,1000,Kuruvai (Jun – Sep) – TN Early Kharif,Tamil Nadu – Cauvery Delta,,,,"As an agricultural advisor, considering the specific soil, environmental, and seasonal conditions in the Cauvery Delta region of Tamil Nadu for the Kuruvai season (Jun – Sep), here are my top recommendations:

---

### **General Observations & Key Considerations:**

*   **Soil Fertility:** NPK levels are moderately low. This means that *any* crop will require judicious fertilizer application, particularly nitrogen and phosphorus, to achieve optimal yields.
*   **Soil Type (Sandy):** This is a critical factor. Sandy soil has excellent drainage but poor water retention and is prone to nutrient leaching. This is generally *not ideal* for traditional transplanted paddy but excellent for crops requiring good drainage like groundnut or pulses.
*   **pH (6.5):** Near neutral, which is optimal for most crops.
*   **Moisture (50%) & Rainfall (1000mm):** Adequate rainfall, but the sandy soil will make efficient water management crucial, especially for water-intensive crops. Supplemental irrigation might be needed even with good rainfall due to rapid drainage.
*   **Temperature (28°C) & Humidity (65%):** Warm and humid, typical for the monsoon season in TN, suitable for tropical crops.
*   **Season (Kuruvai, Jun-Sep):** Short-duration varieties are preferred.

---

### **Top 3 Recommended Crops:**

#### **1. Groundnut (Peanut)**
*   **Suitability Score:** 9.5/10

*   **Why it suits these conditions:**
    *   **Soil Type:** Groundnut thrives in well-drained, loose, sandy to sandy-loam soils. The sandy nature of your soil is *perfect* for easy peg penetration and pod development, which is critical for good yields.
    *   **pH:** The pH of 6.5 is ideal for groundnut cultivation.
    *   **Temperature & Humidity:** The warm temperature (28°C) and moderate-to-high humidity are highly favorable for its growth.
    *   **Rainfall:** 1000mm rainfall is generally sufficient, though supplemental irrigation during dry spells (especially at pegging and pod formation stages) would be beneficial, particularly given the sandy soil's poor water retention.
    *   **Nutrient Cycling:** Groundnut is a legume, meaning it fixes atmospheric nitrogen, reducing the need for external nitrogen fertilizers and improving soil fertility for subsequent crops. This is a significant advantage given your low N status.
    *   **Crop Rotation:** It's an excellent rotation crop after paddy or other cereals.

*   **Expected Yield:** 1.8 - 2.5 tonnes/hectare (dry pods) with good management and proper nutrient application.
*   **Best Planting Time:** Mid-June to early July (coinciding with the onset of the Kuruvai monsoon).

#### **2. Pulses (Blackgram / Greengram)**
*   **Suitability Score:** 8.5/10

*   **Why it suits these conditions:**
    *   **Soil Type:** Both blackgram and greengram prefer well-drained, sandy-loam to loamy soils. Your sandy soil, with good drainage, is suitable, provided some organic matter is incorporated to improve water holding capacity.
    *   **pH:** The pH of 6.5 is well within the optimal range for these pulses.
    *   **Temperature & Humidity:** The warm and humid conditions are ideal for their growth.
    *   **Rainfall:** They are relatively drought-tolerant compared to paddy but benefit from timely rainfall (which 1000mm provides). Supplemental irrigation may be needed during critical flowering and pod-filling stages due to sandy soil.
    *   **Nutrient Cycling:** Like groundnut, these are legumes and fix atmospheric nitrogen, contributing to soil fertility, which is crucial given your low NPK levels. They also mature quickly, making them suitable for short-duration cropping.
    *   **Short Duration:** They fit well into the Kuruvai window and can be followed by another crop.

*   **Expected Yield:** 0.8 - 1.2 tonnes/hectare (dry seeds) with good management.
*   **Best Planting Time:** Early July to mid-July (to ensure pod filling before heavy rains or end of monsoon).

#### **3. Short Duration Paddy (Rice)**
*   **Suitability Score:** 8/10

*   **Why it suits these conditions:**
    *   **Regional Staple:** Paddy is the traditional and primary crop of the Cauvery Delta during the Kuruvai season, and suitable infrastructure (canals, markets) exists.
    *   **Temperature & Humidity:** The climate is very suitable for rice growth.
    *   **Rainfall:** 1000mm rainfall helps, but paddy's high water requirement will still necessitate significant supplemental irrigation due to the sandy soil.
    *   **pH:** pH 6.5 is good for rice.
    *   **Variety Selection:** Crucial to select *short-duration, drought-tolerant* varieties suitable for the Kuruvai season (e.g., ADT 43, TKM 13, ASD 16, CO 51, etc.) that can perform reasonably well in sub-optimal sandy soils with proper management.

*   **Challenges & Mitigation for Sandy Soil:**
    *   **Water Retention:** Sandy soil has very poor water retention. This will require frequent, light irrigation and careful water management to prevent drought stress. Puddling and incorporating organic matter/clay (if available) can slightly improve water retention, but it's an inherent limitation.
    *   **Nutrient Leaching:** Nutrients, especially nitrogen, will leach quickly. Split application of fertilizers (e.g., 3-4 splits for N) will be crucial to maximize uptake efficiency.
    *   **Fertility:** The low NPK levels mean that comprehensive fertilizer recommendations based on soil test (beyond NPK) will be essential.

*   **Expected Yield:** 3.0 - 4.5 tonnes/hectare (paddy grain) with intensive water and nutrient management.
*   **Best Planting Time:** Early June to mid-June (transplanting) for short-duration varieties.

---

**Additional Recommendations for Success:**

*   **Soil Testing:** Conduct a comprehensive soil test to get a complete picture of micronutrient deficiencies and precise NPK recommendations.
*   **Organic Matter:** Incorporate farmyard manure (FYM), compost, or green manure crops (e.g., Sesbania, Dhaincha) regularly. This will significantly improve the water holding capacity and nutrient retention of your sandy soil, benefiting all crops.
*   **Nutrient Management:** For low NPK, develop a robust fertilizer schedule. For sandy soils, applying fertilizers in splits is more effective to prevent leaching.
*   **Water Management:** Implement efficient irrigation practices (e.g., drip irrigation for groundnut/pulses, efficient field layout for paddy) to conserve water given the sandy soil's drainage.
*   **Crop Rotation:** Regardless of your choice, a strategic crop rotation (e.g., paddy-pulse-groundnut) will enhance soil health, manage pests/diseases, and maintain fertility over the long term."
2026-03-07 23:02:45,crop_recommendation,87,71,50,6.5,50,Sandy,28,65,1000,Kuruvai (Jun – Sep) – TN Early Kharif,Tamil Nadu – Cauvery Delta,,,,"Here are the crop recommendations based on the provided conditions for the Kuruvai season in the Cauvery Delta region of Tamil Nadu:

## Agricultural Advisor Recommendation

Given the soil conditions (sandy, pH 6.5, low K) and environmental factors (warm temperature, high rainfall, Kuruvai season in Cauvery Delta), the focus is on crops that thrive in sandy soils, tolerate warm climates, and can utilize the available rainfall while responding well to nutrient management, especially potassium.

---

### 1. Paddy (Rice) - Short Duration Varieties

*   **Suitability Score:** 8.5/10

**Why it Suits These Conditions:**
*   **Regional Dominance:** Paddy is the traditional and dominant crop in the Cauvery Delta, especially during the Kuruvai season, due to assured irrigation (though rainfall is also high).
*   **Temperature & Rainfall:** The 28°C temperature and 1000mm rainfall are highly conducive to rice growth, reducing reliance on irrigation canals if rainfall is well-distributed.
*   **pH:** The pH of 6.5 is ideal for rice cultivation.
*   **Sandy Soil Management:** While sandy soil typically has poor water retention, the high rainfall and assured irrigation in the Cauvery Delta mitigate this. However, nutrient management (especially split applications of N and K to counter leaching) will be crucial. Short-duration varieties are preferred for Kuruvai.
*   **Nutrient Management:** The initial N and P levels are moderate, but K is low (50 kg/ha). Paddy has a moderate to high K demand. Therefore, strategic application of potash fertilizers will be essential for optimal yield.

**Expected Yield:**
*   4.0 - 5.5 tonnes/hectare (of paddy/raw rice) under good management practices.

**Best Planting Time:**
*   **Mid-June to Early July** (coinciding with the typical release of Mettur Dam water for Kuruvai season).

---

### 2. Groundnut (Peanut)

*   **Suitability Score:** 9.5/10

**Why it Suits These Conditions:**
*   **Sandy Soil Preference:** Groundnut thrives exceptionally well in sandy to sandy loam soils, as it facilitates easy peg penetration and pod development, leading to good quality and yield.
*   **Temperature & Rainfall:** The warm temperature (28°C) and high rainfall (1000mm) are highly favorable for groundnut cultivation. It can manage well with the available moisture.
*   **pH:** pH 6.5 is ideal for groundnut.
*   **Nutrient Management:** Groundnut is a legume, so it fixes atmospheric nitrogen, reducing external N input. While it has moderate K requirements, the low soil K (50 kg/ha) will need to be addressed through proper potash fertilization. Calcium application (e.g., gypsum) is also vital for pod filling in sandy soils.

**Expected Yield:**
*   1.8 - 2.8 tonnes/hectare (of unshelled nuts) under good management.

**Best Planting Time:**
*   **Early June to Early July** (to coincide with the onset of monsoon rains).

---

### 3. Green Gram (Moong Bean) / Black Gram (Urad Bean)

*   **Suitability Score:** 9.0/10

**Why it Suits These Conditions:**
*   **Sandy Soil Tolerance:** Both green gram and black gram are well-suited to sandy and light-textured soils due to their relatively shallow root system and less demand for water retention.
*   **Short Duration:** These are short-duration crops (60-75 days), making them excellent fits for the Kuruvai season and potentially allowing for subsequent crops.
*   **Temperature & Rainfall:** The warm temperature (28°C) and moderate rainfall requirements align well with the prevailing conditions, making them ideal rainfed crops during this period.
*   **Nitrogen Fixation:** As legumes, they fix atmospheric nitrogen, enriching the soil and reducing the need for external N fertilizers, which is beneficial given the sandy soil's tendency for N leaching.
*   **Soil Health:** They improve soil health and fertility, making them good rotation crops after paddy or groundnut.
*   **Nutrient Management:** While they have lower nutrient demands compared to cereals, judicious application of phosphorus and particularly potassium (due to low soil K) will enhance yield.

**Expected Yield:**
*   0.8 - 1.2 tonnes/hectare (of grain) under good management.

**Best Planting Time:**
*   **Mid-June to Mid-July** (to align with the active monsoon period and allow for timely harvest).

---

**Important General Considerations for Sandy Soils:**

*   **Nutrient Leaching:** Sandy soils are prone to nutrient leaching, especially nitrogen and potassium. Apply fertilizers in split doses to maximize nutrient uptake and minimize losses.
*   **Organic Matter:** Incorporating organic matter (farmyard manure, compost, crop residues) is highly recommended to improve the soil's water retention, nutrient holding capacity, and overall fertility.
*   **Micronutrients:** Sandy soils can sometimes be deficient in micronutrients. Regular soil testing and foliar application of micronutrients, if needed, should be considered.
*   **Irrigation Efficiency:** Even with good rainfall, supplemental irrigation should be done efficiently, using methods like drip or sprinklers if possible, to conserve water and prevent nutrient washout."
2026-03-07 23:04:06,crop_recommendation,50,40,50,6.5,50,Sandy,28,65,1000,Kuruvai (Jun – Sep) – TN Early Kharif,Tamil Nadu – Cauvery Delta,,,,"As an agricultural advisor, based on the conditions provided for the Cauvery Delta region of Tamil Nadu during the Kuruvai season, here are my top recommendations:

The key factors influencing crop choice are the **sandy soil** (low water & nutrient retention, good drainage) and the **low NPK levels**, balanced against the **favorable temperature, humidity, and expected monsoon rainfall (1000mm during Kuruvai)**, and the region's traditional cropping patterns. Effective nutrient and water management will be crucial.

---

### 1. Top 3 Recommended Crops with Suitability Score

1.  **Paddy (Rice)** - Suitability Score: **9.0/10**
2.  **Groundnut (Peanut)** - Suitability Score: **8.8/10**
3.  **Blackgram / Greengram (Pulses)** - Suitability Score: **8.5/10**

---

### 2. Why Each Crop Suits These Conditions & Expected Yield & Best Planting Time

---

#### 1. Paddy (Rice)

*   **Why it suits these conditions:**
    *   **Region & Season:** The Cauvery Delta during Kuruvai (Early Kharif) is the prime season and region for paddy cultivation in Tamil Nadu. Rice is culturally and economically central here.
    *   **Water Availability:** The 1000mm rainfall during the monsoon season, combined with the delta's irrigation potential (canals, groundwater), meets the high water demands of rice, especially crucial for sandy soil which drains quickly.
    *   **Temperature & Humidity:** 28°C and 65% humidity are ideal conditions for rice growth and development.
    *   **pH:** pH 6.5 is slightly acidic to neutral, which is very favorable for rice.
    *   **Sandy Soil Consideration:** While sandy soil is not ideal for water retention, the abundant rainfall and assured irrigation (characteristic of the Cauvery Delta for Kuruvai) mitigate this. Proper bunding and puddling can help reduce percolation.
    *   **Nutrient Management:** The low NPK levels will require substantial application of balanced fertilizers (Urea, DAP, MOP) as basal and top dressing. Enrichment with organic matter (compost, FYM, green manure) is highly recommended to improve nutrient and water retention in sandy soil.

*   **Expected Yield:** With improved short-duration varieties, optimal nutrient management (addressing the low NPK), and efficient water management, an expected yield of **4.5 - 6.0 tonnes/hectare (t/ha)** is achievable.

*   **Best Planting Time:** **Mid-June to Mid-July** (Kuruvai season specific).

---

#### 2. Groundnut (Peanut)

*   **Why it suits these conditions:**
    *   **Soil Type:** Groundnut is exceptionally well-suited for sandy soils. The loose texture allows for easy peg penetration into the soil to form pods, and facilitates harvesting. Good drainage prevents fungal diseases common in heavy soils.
    *   **Temperature & Humidity:** 28°C and 65% humidity are very conducive to groundnut growth.
    *   **Water Requirements:** While sensitive to drought during flowering and pod development, groundnut can thrive with 1000mm rainfall, though supplemental irrigation might be beneficial during critical dry spells.
    *   **Nutrient Management:** Being a legume, groundnut can fix atmospheric nitrogen, reducing external N requirements. However, phosphorus (P) and potassium (K) are crucial for pod development, which will need to be supplied given the low existing levels. Sandy soil benefits from organic matter to improve nutrient retention.
    *   **pH:** pH 6.5 is ideal for groundnut.

*   **Expected Yield:** With proper variety selection, nutrient management (especially P & K), and timely rainfall/irrigation, an expected yield of **2.0 - 2.8 t/ha** (shelled) is reasonable.

*   **Best Planting Time:** **June to July** (Kuruvai season).

---

#### 3. Blackgram / Greengram (Pulses)

*   **Why it suits these conditions:**
    *   **Soil Type:** Both blackgram and greengram perform well in sandy to sandy-loam soils due to good aeration for root development and relatively good drainage.
    *   **Short Duration:** These are short-duration crops (65-75 days), making them suitable for fitting into rotation, especially after rice or as intercrops.
    *   **Drought Tolerance:** They are relatively more drought-tolerant than rice, making them a safer bet in sandy soils where water retention is a concern, even with good rainfall.
    *   **Nutrient Management:** As legumes, they fix atmospheric nitrogen, contributing to soil fertility, which is highly beneficial given the low initial N levels. They still require P and K for optimal growth and yield.
    *   **Temperature & Humidity:** The warm temperatures and moderate humidity are favorable for their growth.
    *   **pH:** pH 6.5 is suitable for these pulses.

*   **Expected Yield:** With good management and appropriate varieties, an expected yield of **0.8 - 1.2 t/ha** is achievable.

*   **Best Planting Time:** **June to July** (Kuruvai season).

---

**General Recommendations for all crops:**

*   **Soil Health:** Incorporate farmyard manure (FYM) or compost generously to improve the sandy soil's water holding capacity and nutrient retention, especially vital given the low initial NPK. Green manure crops can also be very beneficial.
*   **Fertilizer Management:** Given the low NPK, soil testing and application of fertilizers based on recommendations are paramount. Consider split applications for nitrogen and potassium in sandy soils to minimize leaching losses.
*   **Variety Selection:** Opt for high-yielding, short-duration, and locally adapted varieties that show good resistance to common pests and diseases in the region.
*   **Water Management:** Even with good rainfall, monitor soil moisture, especially in sandy soils, and be prepared for supplemental irrigation if dry spells occur during critical growth stages. For paddy, efficient water use practices are important to reduce percolation losses.
*   **Weed Management:** Timely weed control is crucial for all crops to reduce competition for limited nutrients and water."
2026-03-07 23:07:21,crop_recommendation,50,40,50,6.5,50,Sandy,28,65,1000,Kuruvai (Jun – Sep) – TN Early Kharif,Tamil Nadu – Cauvery Delta,,,,"Hello! Based on the conditions provided for the Tamil Nadu Cauvery Delta region during the Kuruvai season, with sandy soil and low initial NPK, the focus should be on crops that are resilient, tolerant to sandy soil conditions, and can make efficient use of the available rainfall and warm temperatures, while also addressing nutrient deficiencies through good management.

Here are my top recommendations:

---

### 1. Groundnut (Peanut)

*   **Suitability Score:** 9.5/10
*   **Why it suits these conditions:**
    *   **Soil:** Groundnut thrives in well-drained, light-textured soils like sandy loams, making it an excellent match for your sandy soil. The ideal pH of 6.5 is also perfect.
    *   **Climate:** The warm temperature (28°C) and moderate to high humidity (65%) are ideal for groundnut growth.
    *   **Water:** The 1000mm rainfall during the Kuruvai season, especially if well-distributed, can largely meet its water requirements, though supplementary irrigation might boost yields during dry spells. Sandy soil's good drainage prevents waterlogging, which groundnut dislikes.
    *   **Nutrients:** As a legume, it fixes atmospheric nitrogen, reducing the need for external N application, though starter N and adequate P and K (which are low in your soil) are crucial for pod development. It also requires good calcium for pegging, which can be supplemented.
    *   **Region/Season:** It's a popular and profitable cash crop in Tamil Nadu, often grown during the Kharif/Kuruvai season.
*   **Expected Yield:** With proper management, including fertilization (especially P, K, and Ca), seed treatment, and pest control, you can expect **1500 – 2500 kg/ha** (pod yield).
*   **Best Planting Time:** Early June to Mid-July, aligning with the onset of the Southwest Monsoon for the Kuruvai season.

---

### 2. Black Gram (Urad Dal)

*   **Suitability Score:** 9.0/10
*   **Why it suits these conditions:**
    *   **Soil:** Black gram performs well in a variety of soils, including sandy loams, provided they are well-drained. The pH of 6.5 is optimal.
    *   **Climate:** It's a short-duration, warm-season crop that tolerates the 28°C temperature and 65% humidity well.
    *   **Water:** It is relatively drought-tolerant and can effectively utilize the 1000mm rainfall. Its shorter duration means it can escape potential end-of-season dry spells.
    *   **Nutrients:** Being a legume, it fixes atmospheric nitrogen, significantly reducing reliance on external N fertilizers. However, adequate P and K are vital for good root development and yield.
    *   **Region/Season:** Black gram is a staple pulse crop widely cultivated in Tamil Nadu during the Kuruvai/Kharif season, often as an intercrop or sole crop.
*   **Expected Yield:** With good cultural practices and timely planting, you can anticipate **800 – 1200 kg/ha**.
*   **Best Planting Time:** Mid-June to Early August, coinciding with the main Kuruvai planting period.

---

### 3. Pearl Millet (Bajra)

*   **Suitability Score:** 8.5/10
*   **Why it suits these conditions:**
    *   **Soil:** Pearl millet is renowned for its ability to grow in poor soils, including sandy soils, and tolerate low fertility better than many other cereals. The pH of 6.5 is suitable.
    *   **Climate:** It is a warm-season crop that thrives in temperatures around 28°C and can handle moderate humidity.
    *   **Water:** It is highly drought-tolerant and water-efficient. The 1000mm rainfall during the season is more than sufficient for its needs, ensuring a reliable crop even if rainfall distribution is erratic.
    *   **Nutrients:** While it benefits from fertilization, it has lower nutrient requirements compared to rice or maize, making it a good choice for your low NPK soil, especially with supplemental fertilizers.
    *   **Region/Season:** Pearl millet is an important coarse cereal in Tamil Nadu, suitable for Kharif cultivation and increasingly recognized for its nutritional benefits and climate resilience.
*   **Expected Yield:** With improved varieties and moderate fertilization, expected yields can range from **1800 – 3000 kg/ha** (grain yield).
*   **Best Planting Time:** Mid-June to Mid-July, to leverage the full monsoon season.

---

**Important Considerations for your Sandy Soil:**

*   **Nutrient Management:** Given the low NPK and sandy soil (which leaches nutrients quickly), frequent but smaller doses of fertilizers, especially nitrogen, would be more effective than a single large application. Consider applying N in 2-3 splits.
*   **Organic Matter:** Incorporating organic matter (farmyard manure, compost) is highly recommended. It will improve the soil's water holding capacity, nutrient retention, and overall fertility, significantly benefiting all recommended crops.
*   **Water Management:** While rainfall is good, sandy soil drains quickly. Monitor soil moisture and be prepared for supplementary irrigation during prolonged dry spells, especially at critical growth stages for each crop."
2026-03-07 23:13:25,crop_recommendation,50,40,50,6.5,50,Sandy,28,65,1000,Kuruvai (Jun – Sep) – TN Early Kharif,Tamil Nadu – Cauvery Delta,,,,"Given the conditions, the Kuruvai season in the Cauvery Delta of Tamil Nadu is primarily suited for short-duration crops that can thrive in warm, humid conditions with good rainfall but need careful management in sandy soils with moderate nutrient levels.

---

### 1. Top 3 Recommended Crops with Suitability Score

1.  **Paddy (Rice) - Short Duration Varieties:** 9/10
2.  **Blackgram (Urad dal):** 8/10
3.  **Pearl Millet (Bajra):** 7.5/10

---

### 2. Why Each Crop Suits These Conditions

#### 1. Paddy (Rice) - Short Duration Varieties

*   **Regional & Seasonal Fit:** Rice is the traditional and most suitable crop for the Kuruvai season (June-September) in the Cauvery Delta. The local agricultural infrastructure and farmer knowledge are highly geared towards rice cultivation.
*   **Temperature & Humidity:** The 28°C temperature and 65% humidity are ideal for rice growth and development.
*   **Rainfall:** 1000mm rainfall, supplemented by potential irrigation from the Cauvery river system (critical for Kuruvai), is sufficient to meet the high water demands of rice. While sandy soil drains quickly, consistent water supply (rain/irrigation) and puddling techniques can manage this.
*   **Soil pH:** pH 6.5 is optimal for rice, ensuring good nutrient availability.
*   **Nutrient Levels:** Although N, P, K levels are moderate, rice is highly responsive to fertilizers. With proper nutrient management, high yields can be achieved. Puddling of sandy soil also helps improve water and nutrient retention for rice.

#### 2. Blackgram (Urad dal)

*   **Soil Type:** Blackgram thrives in well-drained soils and is well-suited to sandy and sandy-loam soils, making it an excellent fit for the given sandy soil conditions. It avoids waterlogging issues common in heavier soils.
*   **Nutrient Levels:** Being a legume, blackgram fixes atmospheric nitrogen, which is highly beneficial given the low N content (50 kg/ha) in the soil. This reduces the need for external nitrogenous fertilizers. It also helps improve soil fertility for subsequent crops.
*   **Water Requirement:** It has a relatively lower water requirement compared to rice and can tolerate short dry spells, making it a good alternative or rotational crop if irrigation reliability is a concern.
*   **Season & Temperature:** Its short duration (65-75 days) fits perfectly within the Kuruvai season, allowing for timely harvest. The warm temperature (28°C) is highly conducive to its growth.
*   **Diversification:** Offers excellent crop diversification, improving soil health and providing additional income avenues.

#### 3. Pearl Millet (Bajra)

*   **Soil Tolerance:** Pearl Millet is renowned for its adaptability to a wide range of soils, particularly excelling in sandy soils and those with low fertility. This makes it a strong contender for the specified sandy soil and moderate nutrient levels.
*   **Drought Tolerance:** While 1000mm rainfall is good, pearl millet's inherent drought tolerance offers a robust option, especially if the distribution of rainfall is uneven or if there are intermittent dry spells. It has a relatively low water requirement.
*   **Temperature:** The 28°C temperature is very favorable for pearl millet, as it is a warm-season crop.
*   **Nutrient Use Efficiency:** It is efficient in utilizing available nutrients, performing better than many crops in low-fertility conditions, which suits the N=50, P=40, K=50 kg/ha soil profile.
*   **Short Duration:** Many improved varieties are short-duration (80-90 days), fitting well into the Kuruvai season.

---

### 3. Expected Yield (assuming good agricultural practices and fertilization)

1.  **Paddy (Rice) - Short Duration Varieties:** 3.5 - 5.0 tonnes per hectare (t/ha)
2.  **Blackgram (Urad dal):** 0.8 - 1.2 tonnes per hectare (t/ha)
3.  **Pearl Millet (Bajra):** 2.0 - 3.0 tonnes per hectare (t/ha)

---

### 4. Best Planting Time

*   **Paddy (Rice):** Mid-June to Mid-July (transplanting/direct sowing)
*   **Blackgram (Urad dal):** Early June to Early July
*   **Pearl Millet (Bajra):** Early June to Mid-July"
2026-03-07 23:18:20,crop_recommendation,50,40,50,6.5,50,Sandy,28,65,1000,Kuruvai (Jun – Sep) – TN Early Kharif,Tamil Nadu – Cauvery Delta,,,,"As an agricultural advisor, considering the unique combination of sandy soil, warm temperatures, high rainfall, and the specific Kuruvai season in the Cauvery Delta of Tamil Nadu, here are the top crop recommendations:

**Important Note on Soil Nutrients:** The provided NPK values (N=50 kg/ha, P=40 kg/ha, K=50 kg/ha) are low to medium. Regardless of the crop chosen, a robust fertilization plan, including basal application and top-dressing as per crop stage, will be essential to achieve good yields on this sandy soil, which inherently has lower nutrient retention. Organic matter addition (e.g., farmyard manure, compost, green manure) is highly recommended to improve both nutrient and water retention in sandy soil.

---

### 1. Top 3 Recommended Crops with Suitability Score

*   **Groundnut (Peanut)** - Suitability Score: **9.2/10**
*   **Paddy (Short Duration Varieties)** - Suitability Score: **9.0/10**
*   **Maize (Hybrid Varieties)** - Suitability Score: **8.8/10**

---

### 2. Why Each Crop Suits These Conditions

*   **Groundnut (Peanut)**
    *   **Soil Suitability:** Groundnut is exceptionally well-suited for sandy to sandy-loam soils. The sandy nature of your soil is ideal for its peg penetration and subsequent pod development, preventing hard pan formation which can hinder harvesting. The pH of 6.5 is perfectly within its preferred range. While sandy soil has lower nutrient retention, as a legume, it fixes atmospheric nitrogen, reducing the need for external N application.
    *   **Environmental Suitability:** The warm temperature (28°C) is optimal for groundnut growth and development. The high humidity (65%) is also favorable. The abundant rainfall (1000mm during Kuruvai) is highly beneficial, ensuring consistent moisture in the fast-draining sandy soil, reducing reliance on irrigation.
    *   **Season/Region Fit:** Groundnut is a significant oilseed crop in Tamil Nadu and commonly grown during the Kuruvai/Kharif season, fitting well into the region's agricultural calendar and market demand.

*   **Paddy (Short Duration Varieties - e.g., ADT 36, ASD 16, ADT 43, ADT 45)**
    *   **Soil Suitability:** While traditional paddy prefers heavier, clayey soils for water retention, short-duration varieties can be successfully cultivated in sandy soils under proper management. The neutral pH (6.5) is favorable. The key challenge of sandy soil (low water retention) is significantly mitigated by the high rainfall and assured irrigation from the Cauvery Delta system. However, specific management like frequent light irrigation, organic matter incorporation, and nutrient split application will be crucial.
    *   **Environmental Suitability:** The warm temperature (28°C) and high humidity (65%) are ideal for paddy growth and development. The substantial 1000mm rainfall during the Kuruvai season provides ample water for this water-intensive crop.
    *   **Season/Region Fit:** Paddy is the staple crop of the Cauvery Delta, especially during the Kuruvai season. Despite the sandy soil, its regional importance, existing infrastructure for water supply, and high market demand make it a primary choice for farmers. Choosing short-duration varieties ensures harvest within the Kuruvai window.

*   **Maize (Hybrid Varieties)**
    *   **Soil Suitability:** Maize performs very well in a wide range of soils, including well-drained sandy and sandy-loam soils. The pH of 6.5 is suitable. While sandy soil requires careful nutrient management due to lower retention, hybrid maize varieties are highly responsive to balanced fertilization. Good drainage prevents root rot, which sandy soil provides.
    *   **Environmental Suitability:** Maize is a warm-season crop, and 28°C is an excellent temperature for its growth. The 65% humidity is acceptable. Its high water demand is effectively met by the 1000mm rainfall, which is particularly beneficial in sandy soils where frequent water replenishment is needed.
    *   **Season/Region Fit:** Maize is gaining popularity as a high-yielding and profitable Kharif crop in Tamil Nadu, offering a good diversification option for farmers. Its high biomass potential can also contribute to fodder.

---

### 3. Expected Yield (Under good management practices)

*   **Groundnut:** 2.5 - 3.5 tonnes per hectare (dried pods)
*   **Paddy (Short Duration):** 4.0 - 5.0 tonnes per hectare (paddy grain)
*   **Maize:** 6.0 - 8.0 tonnes per hectare (grain)

---

### 4. Best Planting Time

*   **Early June to Mid-July:** This period aligns perfectly with the onset of the Southwest Monsoon in Tamil Nadu, allowing these crops to utilize the maximum rainfall during the Kuruvai season and ensuring optimal growth conditions. Early planting helps to complete the crop cycle before any potential decline in monsoon activity."
2026-03-07 23:23:19,crop_recommendation,50,40,50,6.5,50,Sandy,28,65,1000,Kuruvai (Jun – Sep) – TN Early Kharif,Tamil Nadu – Cauvery Delta,,,,"As an agricultural advisor, considering your soil, environmental conditions, and the specific Kuruvai season in the Cauvery Delta of Tamil Nadu, here are my top crop recommendations:

---

### **1. Top 3 Recommended Crops with Suitability Score**

*   **1. Rice (Paddy)** - Suitability Score: **9.5/10**
*   **2. Groundnut (Peanut)** - Suitability Score: **8.5/10**
*   **3. Black Gram (Urad Dal)** - Suitability Score: **8.0/10**

---

### **2. Why Each Crop Suits These Conditions**

**1. Rice (Paddy)**
*   **Ideal Temperature & Humidity:** The 28°C temperature and 65% humidity are highly favourable for rice cultivation, which thrives in warm, humid conditions.
*   **High Rainfall & Region:** 1000mm rainfall during the Kuruvai season, coupled with the Cauvery Delta's extensive irrigation infrastructure, provides the ample water supply critical for rice. The region is historically a ""rice bowl.""
*   **Soil pH:** The pH of 6.5 is well within the optimal range for rice (typically 6.0-7.0).
*   **Adaptability to Sandy Soil (with water):** While sandy soil has lower water retention, the high rainfall and potential for supplementary irrigation in the delta region effectively compensate for this, allowing rice to be grown successfully. The quick drainage of sandy soil can also prevent waterlogging issues in very heavy rainfall, though nutrient leaching will need careful management.
*   **Kuruvai Season:** Rice is the quintessential crop for the Kuruvai (early Kharif) season in Tamil Nadu.

**2. Groundnut (Peanut)**
*   **Preferred Soil Type:** Groundnut specifically thrives in well-drained sandy or sandy loam soils. Your sandy soil is excellent for peg penetration and pod development, preventing pod rot.
*   **Temperature & Humidity:** The 28°C temperature is ideal for groundnut growth and development, and the humidity is also conducive.
*   **Rainfall Management:** While it needs consistent moisture, the 1000mm rainfall will largely meet its water requirements. However, good drainage (provided by sandy soil) is crucial to prevent waterlogging, which groundnut is sensitive to.
*   **Soil pH:** pH 6.5 is optimal for groundnut, promoting nutrient availability and healthy growth.
*   **Kuruvai Season:** Groundnut is a significant Kharif crop in Tamil Nadu, fitting well into the Kuruvai planting window.

**3. Black Gram (Urad Dal)**
*   **Drought Tolerance & Adaptability:** Black gram is relatively hardy and can tolerate a wider range of soil types, including sandy soils, provided moisture is adequate. It's often chosen for its resilience.
*   **Soil Improvement:** As a legume, black gram fixes atmospheric nitrogen, enriching the soil and benefiting subsequent crops, which is particularly valuable given your low N levels.
*   **Temperature & Humidity:** The warm temperatures and moderate humidity are suitable for its growth.
*   **Short Duration:** It is a relatively short-duration crop, allowing for efficient land use and fitting well into the Kuruvai season, potentially even as an intercrop or sequential crop.
*   **Drainage:** Sandy soil's good drainage helps prevent waterlogging, which pulses generally dislike.

---

### **3. Expected Yield**

*(Assumes good management practices, including appropriate fertilization and pest/disease control)*

*   **1. Rice (Paddy):** 5,000 - 6,500 kg/ha (or 5 - 6.5 tonnes/ha)
*   **2. Groundnut:** 2,000 - 2,500 kg/ha (of dried pods)
*   **3. Black Gram:** 800 - 1,200 kg/ha

---

### **4. Best Planting Time**

*   **1. Rice (Paddy):** **Mid-June to Mid-July**
*   **2. Groundnut:** **Late June to Mid-July**
*   **3. Black Gram:** **Early July to Late July**

---

**Important Agricultural Advisory:**

*   **Nutrient Management:** Your soil has low to medium NPK levels. All recommended crops will require significant fertilization. For sandy soil, consider split applications of nitrogen and potassium to minimize leaching losses.
*   **Organic Matter:** Incorporating organic matter (e.g., farmyard manure, compost, green manure) will significantly improve the water holding capacity and nutrient retention of your sandy soil, benefiting all crops.
*   **Irrigation:** While rainfall is high, sandy soil drains quickly. Monitor soil moisture and be prepared for supplementary irrigation during dry spells, especially for groundnut and black gram during critical growth stages.
*   **Variety Selection:** Choose high-yielding, short-duration varieties suitable for the Kuruvai season in Tamil Nadu, as recommended by local agricultural universities or extension services."
2026-03-07 23:24:42,crop_recommendation,50,40,50,6.5,50,Sandy,28,65,1000,Kuruvai (Jun – Sep) – TN Early Kharif,Tamil Nadu – Cauvery Delta,,,,"As an agricultural advisor, considering the specific soil, environmental, and seasonal conditions of the Cauvery Delta in Tamil Nadu during the Kuruvai season, here are my top recommendations:

---

### **Overall Assessment of Conditions:**

*   **Soil:** Slightly acidic to neutral pH (6.5) is excellent for most crops. Sandy soil provides good drainage but has low water retention and nutrient holding capacity. NPK levels are generally low, indicating a need for balanced fertilization.
*   **Environment:** Warm temperatures (28°C), moderate humidity (65%), and sufficient rainfall (1000mm) are ideal for tropical and sub-tropical crops.
*   **Season/Region:** The Kuruvai season (June-September) is the early Kharif crop, and the Cauvery Delta is traditionally known as the ""rice bowl"" of Tamil Nadu. This strongly points towards paddy as the primary crop.

---

### **Top 3 Recommended Crops:**

#### **1. Paddy (Rice)**

*   **Suitability Score:** 9.5/10
*   **Why it suits these conditions:**
    *   **Region & Season:** Kuruvai is the primary rice season in the Cauvery Delta, making it the most traditional and well-adapted crop.
    *   **Rainfall:** 1000mm rainfall is highly favorable for paddy cultivation, supporting either rainfed or supplemental irrigation needs.
    *   **Temperature & Humidity:** 28°C and 65% humidity are ideal for rice growth and development.
    *   **Soil pH:** pH 6.5 is optimal for paddy, ensuring good nutrient availability.
    *   **Sandy Soil (Managed):** While sandy soil has low water retention, the practice of puddling in rice cultivation effectively transforms the soil structure to hold water, making it suitable. However, more frequent irrigation might be needed if rainfall is sporadic.
    *   **Low NPK:** This is a common challenge, but paddy varieties are responsive to applied fertilizers. A robust fertilizer management plan will be crucial.
*   **Expected Yield:** 4.5 - 5.5 tonnes/hectare (for short-duration Kuruvai varieties with good management and fertilization).
*   **Best Planting Time:** Mid-June to early July (transplanting or direct seeding).

#### **2. Blackgram (Urad Dal) / Greengram (Moong Dal)**

*   **Suitability Score:** 8.5/10
*   **Why it suits these conditions:**
    *   **Soil Type:** Sandy soil with good drainage is well-suited for pulses, preventing waterlogging which they dislike.
    *   **Nitrogen Fixation:** Being legumes, they fix atmospheric nitrogen, which is highly beneficial given the low inherent N in the soil, reducing external N fertilizer requirements.
    *   **Temperature & Humidity:** Warm temperatures (28°C) and moderate humidity are conducive to their growth.
    *   **Rainfall:** 1000mm rainfall is sufficient for these crops, especially if grown as rainfed or with supplementary irrigation during dry spells.
    *   **Soil pH:** pH 6.5 is favorable for pulse crops.
    *   **Short Duration:** These are short-duration crops (60-75 days), making them suitable for the Kuruvai season, potentially as an intercrop or in rotation with paddy if water availability is highly managed.
*   **Expected Yield:** 0.8 - 1.2 tonnes/hectare (with good management and supplementary irrigation during critical stages).
*   **Best Planting Time:** Late June to Mid-July.

#### **3. Groundnut (Peanut)**

*   **Suitability Score:** 8.0/10
*   **Why it suits these conditions:**
    *   **Soil Type:** Sandy soil is *ideal* for groundnut cultivation. It facilitates easy peg penetration and pod development, leading to better yields and easier harvesting.
    *   **Temperature & Humidity:** Warm temperatures (28°C) are excellent for groundnut growth, and moderate humidity is generally favorable.
    *   **Rainfall:** 1000mm rainfall is sufficient for groundnut, although adequate moisture during the flowering and pod formation stages is critical.
    *   **Soil pH:** pH 6.5 is good for groundnut.
    *   **Low NPK:** Groundnut is a legume and fixes some nitrogen, though it still requires moderate levels of P and K for optimal pod filling.
*   **Expected Yield:** 2.0 - 2.5 tonnes/hectare (pod yield with good management and balanced fertilization).
*   **Best Planting Time:** Early July to Mid-July.

---

### **Important Considerations for All Crops:**

*   **Fertilizer Management:** Given the low NPK in the soil, a robust fertilizer schedule is crucial for all recommended crops. For paddy, this includes basal application and top dressing of N, P, and K. For pulses and groundnut, emphasis should be on P and K, with a starter dose of N. Soil testing for micronutrients might also be beneficial.
*   **Water Management:** Even with 1000mm rainfall, sandy soil's low water retention means irrigation might be required during dry spells, especially for paddy. Efficient water use practices are vital.
*   **Variety Selection:** Choose short-duration, high-yielding varieties that are specifically recommended for the Kuruvai season in Tamil Nadu and known to perform well in sandy soils.
*   **Pest and Disease Management:** Monitor for common pests and diseases relevant to each crop in the region and implement integrated pest management (IPM) strategies."
2026-03-07 23:28:15,crop_recommendation,50,40,50,6.5,50,Sandy,28,65,1000,Kuruvai (Jun – Sep) – TN Early Kharif,Tamil Nadu – Cauvery Delta,,,,"As an agricultural advisor, considering the specific conditions of a sandy soil type with low to medium nutrient levels in the Cauvery Delta of Tamil Nadu during the Kuruvai season (June-September), here are the top crop recommendations:

---

### **1. Paddy (Rice)**

*   **Suitability Score:** 9.5/10

*   **Why it suits these conditions:**
    *   **Region & Season:** Tamil Nadu's Cauvery Delta is the ""rice bowl"" and Kuruvai is the primary rice-growing season, indicating well-established infrastructure, suitable agro-climatic conditions, and farmer expertise for rice cultivation.
    *   **Temperature & Humidity:** 28°C and 65% humidity are ideal for rice growth and development.
    *   **Rainfall:** 1000mm rainfall during June-September (monsoon) will provide significant water, supplementing the high water requirement of rice. Being in the Cauvery Delta, assured irrigation from the Mettur Dam is also typically available during Kuruvai, mitigating the sandy soil's poor water retention.
    *   **pH:** pH 6.5 is optimal for nutrient availability to rice.
    *   **Sandy Soil:** While sandy soil generally has poor water retention and low nutrient holding capacity, with consistent water supply (rainfall + irrigation) and targeted nutrient management (split application of fertilizers), rice can thrive. Early maturing (90-110 days) high-yielding varieties are well-suited for Kuruvai.
    *   **Nutrients (N, P, K):** Initial levels are low-medium, but rice is a heavy feeder, so supplementary fertilization (especially nitrogen and potassium) will be essential for optimal yields, which is standard practice.

*   **Expected Yield:** 4.0 - 6.0 tonnes/hectare (using high-yielding, short-duration Kuruvai varieties common in TN like ADT 36, ADT 37, ASD 16, etc., with proper nutrient and water management).

*   **Best Planting Time:** Mid-June to Mid-July

---

### **2. Groundnut (Peanut)**

*   **Suitability Score:** 9.0/10

*   **Why it suits these conditions:**
    *   **Soil Type:** Groundnut *prefers* sandy or sandy loam soils. The loose texture allows for easy peg penetration and pod development, which is crucial for yield. Good drainage provided by sandy soil prevents waterlogging, which groundnut dislikes.
    *   **pH:** pH 6.5 is well within the ideal range for groundnut cultivation (6.0-7.0).
    *   **Temperature & Humidity:** 28°C and 65% humidity are excellent for groundnut growth.
    *   **Rainfall:** 1000mm rainfall is generally sufficient for rainfed groundnut, though critical growth stages (flowering and pod formation) might require supplemental irrigation in case of dry spells, especially given the sandy soil's low water retention.
    *   **Nutrients (N, P, K):** As a legume, groundnut fixes atmospheric nitrogen, reducing its external nitrogen requirement. It does, however, respond well to phosphorus and potassium, which are at medium-low levels and would require application. Calcium is also crucial for pod filling.
    *   **Season:** Kuruvai season is suitable for short to medium duration groundnut varieties in Tamil Nadu.

*   **Expected Yield:** 2.0 - 3.0 tonnes/hectare (of unshelled pods) with suitable varieties and good management practices.

*   **Best Planting Time:** Mid-June to End of July

---

### **3. Blackgram (Urd Bean)**

*   **Suitability Score:** 8.5/10

*   **Why it suits these conditions:**
    *   **Soil Type:** Blackgram is relatively tolerant to various soil types, including sandy loams, provided they are well-drained. The sandy nature will ensure good aeration for root development and prevent waterlogging.
    *   **pH:** pH 6.5 is favorable for blackgram.
    *   **Temperature & Humidity:** 28°C and 65% humidity are very suitable for pulse crops like blackgram.
    *   **Rainfall:** With 1000mm rainfall, blackgram can often be grown successfully as a rainfed crop, tolerating moderate drought conditions better than rice. It requires less water compared to rice.
    *   **Nutrients (N, P, K):** Being a legume, blackgram significantly contributes to soil fertility by fixing atmospheric nitrogen. This is particularly beneficial for the given low-medium nitrogen levels. It will utilize the available P and K, with some supplementary application potentially boosting yields.
    *   **Season & Rotation:** As a short-duration crop (65-80 days), blackgram fits well into the Kuruvai season and is an excellent rotational crop, improving soil health and structure, especially after a water-intensive crop like rice, or as an intercrop.

*   **Expected Yield:** 0.8 - 1.2 tonnes/hectare (dry grains) with improved varieties (e.g., VBN 6, CO 6) and proper cultivation.

*   **Best Planting Time:** Late June to Early August

---

**General Recommendation for Sandy Soil Management:**

Given the sandy soil type, which inherently has lower water and nutrient retention:
*   **Organic Matter:** Incorporating significant amounts of organic matter (farmyard manure, compost, green manure) will be crucial to improve soil structure, water holding capacity, and nutrient retention over time.
*   **Fertilizer Management:** For all crops, split application of fertilizers (especially nitrogen and potassium) will be more effective to minimize leaching losses. Micronutrient application might also be beneficial as sandy soils are often deficient.
*   **Water Management:** Even with good rainfall, supplemental irrigation should be planned for critical growth stages, especially for rice and groundnut, due to the rapid drainage in sandy soils.

Choosing between these crops will also depend on market demand, farmer preference, labor availability, and specific water access within the Cauvery Delta region during the Kuruvai season."
2026-03-07 23:29:28,crop_recommendation,50,40,50,6.5,50,Sandy,28,65,1000,Kuruvai (Jun – Sep) – TN Early Kharif,Tamil Nadu – Cauvery Delta,,,,"Based on the conditions provided for the Tamil Nadu – Cauvery Delta region during the Kuruvai season (June-September), here are the top crop recommendations:

---

### **1. Rice (Paddy)**
*   **Suitability Score:** 9/10

*   **Why it suits these conditions:**
    *   **Region & Season:** The Cauvery Delta during Kuruvai is synonymous with rice cultivation. This season benefits from assured irrigation releases from the Cauvery River, making rice the primary and most traditional crop.
    *   **Climate:** The temperature (28°C), humidity (65%), and significant rainfall (1000mm) are all optimal for robust rice growth.
    *   **pH:** A soil pH of 6.5 is ideal for rice cultivation, promoting nutrient availability.
    *   **Soil Management:** While sandy soils have higher percolation, farmers in this region are adept at managing this with techniques like puddling (to reduce water loss), frequent controlled irrigation, and incorporation of organic matter. Short-duration, high-yielding rice varieties suitable for Kuruvai are widely available.
    *   **Nutrient Management:** The existing nutrient levels (N=50, P=40, K=50) are moderate and will require supplemental fertilization, especially split applications of N and K to minimize leaching in sandy soils.

*   **Expected Yield:** 4.5 – 6.0 tonnes/ha (paddy yield), assuming good management practices including adequate fertilization and irrigation.

*   **Best Planting Time:** Mid-June to Early July (for transplanting, after nursery sowing in late May/early June), coinciding with the traditional Kuruvai season and water releases.

---

### **2. Groundnut (Peanut)**
*   **Suitability Score:** 8.5/10

*   **Why it suits these conditions:**
    *   **Soil Type:** Sandy soils are exceptionally well-suited for groundnut cultivation. The loose texture allows for easy peg penetration into the soil for pod formation and simplifies harvesting.
    *   **Climate:** The warm temperature (28°C) and moderate humidity are ideal for groundnut growth. The 1000mm rainfall, combined with potential supplemental irrigation, provides sufficient moisture.
    *   **pH:** A pH of 6.5 is favorable for groundnut, ensuring good nutrient uptake.
    *   **Nutrient Management:** As a legume, groundnut can fix atmospheric nitrogen, reducing its external nitrogen requirement. However, it will still need balanced NPK fertilization, with particular attention to Calcium (often applied as gypsum) for optimal pod filling in sandy soils.

*   **Expected Yield:** 2.0 – 3.0 tonnes/ha (pod yield), with proper variety selection and management.

*   **Best Planting Time:** Mid-June to Early July, to make the best use of the monsoon rains during the Kuruvai season.

---

### **3. Maize (Corn)**
*   **Suitability Score:** 8/10

*   **Why it suits these conditions:**
    *   **Soil Type:** Maize adapts well to sandy soils, provided that water and nutrient management are precise. Its root system benefits from good drainage, and the rapid growth cycle can be advantageous.
    *   **Climate:** The high temperature (28°C), humidity (65%), and good rainfall (1000mm) are very conducive to maize growth, especially for modern hybrid varieties.
    *   **Versatility:** Maize is a versatile crop, suitable for grain, fodder, or silage, offering flexibility to farmers.
    *   **Nutrient Management:** Maize is a heavy feeder. Given the low existing nutrient levels, it will require substantial and timely applications of NPK fertilizers, particularly in sandy soils where split applications of N and K are crucial to prevent leaching. Organic matter incorporation will significantly improve nutrient and water retention.

*   **Expected Yield:** 5.0 – 7.0 tonnes/ha (grain yield), achievable with high-yielding hybrid varieties and diligent management in sandy soils.

*   **Best Planting Time:** Mid-June to Early July, to align with the monsoon rains and the onset of the Kuruvai season."
2026-03-07 23:31:11,crop_recommendation,50,40,50,6.5,50,Sandy,28,65,1000,Kuruvai (Jun – Sep) – TN Early Kharif,Tamil Nadu – Cauvery Delta,,,,"As an agricultural advisor, considering the specific conditions of your farm in the Cauvery Delta region during the Kuruvai season (Jun-Sep), here are my top recommendations:

---

### **1. Top 3 Recommended Crops**

1.  **Paddy (Rice)** - Suitability Score: **9.5/10**
2.  **Groundnut (Peanut)** - Suitability Score: **9.0/10**
3.  **Black Gram (Urad Dal)** - Suitability Score: **8.5/10**

---

### **2. Why Each Crop Suits These Conditions**

#### **1. Paddy (Rice)**

*   **Regional & Seasonal Fit:** The Cauvery Delta is the ""rice bowl"" of Tamil Nadu, and Kuruvai is a primary rice-growing season (early Kharif) specifically for short-duration varieties, benefiting from the South-West monsoon.
*   **Temperature & Humidity:** 28°C temperature and 65% humidity are ideal for rice cultivation, which thrives in warm, humid tropical conditions.
*   **Rainfall:** 1000mm annual rainfall, primarily during the monsoon, provides crucial water support. The Cauvery Delta also has established irrigation infrastructure, compensating for the sandy soil's lower water retention.
*   **pH:** pH 6.5 is optimal for rice, falling within its preferred slightly acidic to neutral range.
*   **Nutrient Management:** While sandy soil requires more frequent nutrient application due to leaching, rice is a heavy feeder, and the delta's traditional practices are well-equipped to manage this. Short-duration varieties are less demanding on nutrients overall than long-duration ones.

#### **2. Groundnut (Peanut)**

*   **Soil Type (Sandy):** Groundnut is exceptionally well-suited to sandy and sandy-loam soils. The loose texture allows for easy peg penetration and pod development, which is critical for its yield.
*   **Temperature & Humidity:** 28°C and 65% humidity are ideal for groundnut growth, which prefers warm, moist conditions.
*   **Legume (Nitrogen Fixation):** As a legume, groundnut fixes atmospheric nitrogen, which is highly beneficial for your soil (N=50 kg/ha is low) and can reduce the need for external nitrogen fertilizers.
*   **Rainfall:** 1000mm rainfall is generally sufficient for groundnut, though supplementary irrigation might be needed during dry spells, especially given sandy soil's drainage.
*   **pH:** pH 6.5 is within the optimal range for groundnut cultivation.

#### **3. Black Gram (Urad Dal)**

*   **Short Duration & Seasonal Fit:** Black gram is a short-duration pulse crop (65-75 days), making it an excellent fit for the Kuruvai season, either as a standalone crop, intercrop, or a relay crop after an early harvest.
*   **Soil Type (Sandy):** While it prefers well-drained loamy soils, it tolerates sandy soils well, provided there's adequate moisture and nutrient management. The good aeration of sandy soil is also a plus for its root system.
*   **Legume (Nitrogen Fixation):** Like groundnut, black gram fixes atmospheric nitrogen, contributing to soil fertility and offsetting your low soil nitrogen levels.
*   **Temperature & Humidity:** The warm temperature (28°C) and moderate to high humidity (65%) are favorable for black gram growth.
*   **pH:** pH 6.5 is ideal for black gram, which prefers a neutral pH.

---

### **3. Expected Yield**

*   **Paddy (Rice):**
    *   **Expected Yield:** 4.5 – 6.0 tonnes/hectare (of paddy, with good management and suitable short-duration varieties like ADT 36, ADT 37, ASD 16).
*   **Groundnut (Peanut):**
    *   **Expected Yield:** 1.8 – 2.5 tonnes/hectare (of dried pods, with good management and suitable varieties like VRI 2, TMV 7, TMV 13).
*   **Black Gram (Urad Dal):**
    *   **Expected Yield:** 0.8 – 1.2 tonnes/hectare (of dried seeds, with good management and suitable varieties like VBN 6, VBN 8, T9).

---

### **4. Best Planting Time**

*   **Paddy (Rice):**
    *   **Planting Time:** Mid-June to early July (for transplanting short-duration varieties to align with the Kuruvai season and monsoon onset).
*   **Groundnut (Peanut):**
    *   **Planting Time:** Late June to mid-July (to coincide with the monsoon rains and optimal growing conditions).
*   **Black Gram (Urad Dal):**
    *   **Planting Time:** Mid-June to mid-July (similar to groundnut, benefiting from early monsoon moisture).

---

**Additional Considerations:**

*   **Nutrient Management:** Given your low NPK levels and sandy soil (which leaches nutrients quickly), frequent, small applications of balanced fertilizers (especially N and K) will be crucial for all crops. Basal application of P and K with top dressings of N. Soil testing for micronutrients might also be beneficial.
*   **Irrigation:** Even with good rainfall, the sandy soil's low water holding capacity means monitoring soil moisture closely and providing supplementary irrigation during dry spells will be essential for optimal yields, especially for rice.
*   **Variety Selection:** Always choose short-duration, high-yielding varieties recommended for the Kuruvai season in Tamil Nadu.
*   **Crop Rotation/Intercropping:** Consider rotating or intercropping legumes (Groundnut, Black Gram) with rice to improve soil health and nitrogen content."
2026-03-07 23:31:35,crop_recommendation,50,40,50,6.5,50,Sandy,28,65,1000,Kuruvai (Jun – Sep) – TN Early Kharif,Tamil Nadu – Cauvery Delta,,,,"Error: 429 You exceeded your current quota, please check your plan and billing details. For more information on this error, head to: https://ai.google.dev/gemini-api/docs/rate-limits. To monitor your current usage, head to: https://ai.dev/rate-limit. 
* Quota exceeded for metric: generativelanguage.googleapis.com/generate_content_free_tier_requests, limit: 20, model: gemini-2.5-flash
Please retry in 25.431976639s. [links {
  description: ""Learn more about Gemini API quotas""
  url: ""https://ai.google.dev/gemini-api/docs/rate-limits""
}
, violations {
  quota_metric: ""generativelanguage.googleapis.com/generate_content_free_tier_requests""
  quota_id: ""GenerateRequestsPerDayPerProjectPerModel-FreeTier""
  quota_dimensions {
    key: ""model""
    value: ""gemini-2.5-flash""
  }
  quota_dimensions {
    key: ""location""
    value: ""global""
  }
  quota_value: 20
}
, retry_delay {
  seconds: 25
}
]. Please try again."
2026-03-09 15:39:03,crop_recommendation,50,40,50,6.5,50,Sandy,28,65,1000,Kuruvai (Jun – Sep) – TN Early Kharif,Tamil Nadu – Cauvery Delta,,,,"Greetings! Based on the conditions provided for your farm in the Cauvery Delta region of Tamil Nadu during the Kuruvai season, here are my top crop recommendations:

---

### General Recommendations & Considerations:

Before diving into specific crops, it's important to note a few things:
*   **Sandy Soil:** This means lower water and nutrient retention. Incorporating organic matter (farmyard manure, compost, green manure) is crucial to improve soil health, water holding capacity, and nutrient retention for all recommended crops.
*   **Low NPK:** The existing NPK levels (N=50, P=40, K=50 kg/ha) are low for intensive cultivation, especially for nutrient-demanding crops like rice. Supplemental fertilization will be essential for optimal yields. A detailed soil test for micronutrients would also be beneficial.
*   **Rainfall:** 1000mm during the season is substantial but given sandy soil, efficient water management will be key, as water drains quickly.

---

### Top 3 Recommended Crops:

#### 1. Rice (Paddy)

*   **Suitability Score:** 9.5/10
*   **Why it suits these conditions:**
    *   **Region & Season:** Rice is the quintessential Kuruvai crop in the Cauvery Delta, well-adapted to the prevailing conditions.
    *   **Temperature & Humidity:** 28°C and 65% humidity are ideal for rice growth and development.
    *   **Rainfall:** 1000mm rainfall is excellent for meeting a significant portion of rice's high water requirement, reducing reliance on irrigation, especially important in sandy soil where water retention is low.
    *   **pH:** The pH of 6.5 is perfect for rice cultivation.
    *   **Soil Type (Management):** While sandy soil inherently has poor water retention, farmers in the Cauvery Delta successfully grow rice on various soil types, including those with sandy loam. With proper bunding, puddling, and application of organic matter, water retention can be managed.
    *   **Nutrient Management:** Though initial NPK is low, rice responds very well to balanced fertilization. With the right nutrient management plan, high yields are achievable.
*   **Expected Yield:** 4.0 - 6.0 tonnes/hectare (with good management, appropriate fertilization, and suitable short-duration varieties like ADT 36, ASD 16, MDU 5).
*   **Best Planting Time:** Transplanting should ideally be done between **June 15th and July 15th** to align with the Kuruvai season and monsoon onset.

#### 2. Groundnut (Peanut)

*   **Suitability Score:** 9/10
*   **Why it suits these conditions:**
    *   **Soil Type:** Groundnut *prefers* sandy or sandy loam soils for easy peg penetration and pod development, making your sandy soil ideal.
    *   **Temperature & Humidity:** 28°C and 65% humidity are very conducive to groundnut growth.
    *   **Rainfall:** 1000mm is generally sufficient for rainfed groundnut, though critical stages (flowering, pegging, pod development) may benefit from supplemental irrigation if dry spells occur.
    *   **pH:** The pH of 6.5 is well within the optimal range for groundnut.
    *   **Nutrient Management:** Being a legume, it fixes atmospheric nitrogen, reducing its dependence on external N inputs. It will still require adequate P and K, and critically, Calcium for pod development, which might need supplementation given the low initial levels.
*   **Expected Yield:** 1.5 - 2.5 tonnes/hectare (pod yield, depending on variety and management practices).
*   **Best Planting Time:** **Mid-June to early July**, coinciding with the start of the monsoon for good establishment.

#### 3. Blackgram / Greengram (Pulses)

*   **Suitability Score:** 8.5/10
*   **Why it suits these conditions:**
    *   **Soil Type:** These pulses perform well on well-drained sandy loam soils. Your sandy soil, with its good drainage, is suitable, provided soil moisture is managed.
    *   **Temperature & Humidity:** Warm temperatures (28°C) are excellent for their growth.
    *   **Rainfall:** 1000mm is ample for these relatively short-duration crops. They can handle some moisture, but prolonged waterlogging (which sandy soil naturally prevents) is detrimental.
    *   **pH:** The pH of 6.5 is ideal for pulse cultivation.
    *   **Nutrient Management:** As legumes, they fix atmospheric nitrogen, significantly reducing the need for nitrogen fertilizer. They are less demanding on P and K compared to cereals, making them a good fit for your current soil nutrient status, though P application will still boost yield. They also improve soil fertility for subsequent crops.
    *   **Season:** Short-duration varieties fit perfectly within the Kuruvai season, either as a sole crop or as an intercrop/rotation with other crops.
*   **Expected Yield:** 0.8 - 1.2 tonnes/hectare (for short-duration varieties).
*   **Best Planting Time:** **Mid-June to mid-July**, to benefit from the monsoon rains.

---

### Important Advisory:

*   **Soil Amendments:** For all crops, I strongly recommend incorporating generous amounts of organic matter (e.g., farmyard manure, compost, vermicompost) into your sandy soil. This will significantly improve its water holding capacity, nutrient retention, and overall fertility.
*   **Fertilization:** Get a detailed soil test for micronutrients as well. Based on the test results and crop requirements, apply a balanced dose of NPK and micronutrients. For rice, consider split application of nitrogen.
*   **Water Management:** Even with good rainfall, sandy soils can dry out quickly. Monitor soil moisture regularly and provide supplemental irrigation during dry spells, especially for critical growth stages. For rice, ensure proper bunding to retain water.
*   **Variety Selection:** Always choose short-duration, high-yielding varieties recommended for the Kuruvai season in Tamil Nadu by agricultural universities (like TNAU) or local extension services.
*   **Pest and Disease Management:** Stay vigilant for common pests and diseases of your chosen crops and implement integrated pest management (IPM) strategies.

By following these recommendations, you can optimize your yields and ensure sustainable farming practices on your land."
2026-03-09 15:42:05,crop_recommendation,50,40,50,6.5,50,Sandy,28,65,1000,Kuruvai (Jun – Sep) – TN Early Kharif,Tamil Nadu – Cauvery Delta,,,,"As an agricultural advisor, considering the specific conditions of your field in the Cauvery Delta during the Kuruvai season, here are my top recommendations:

**Analysis of Conditions:**

*   **Soil (Sandy, NPK Low-Medium, pH 6.5):** Sandy soils drain quickly, have low water retention, and low nutrient holding capacity. They warm up fast. The NPK levels are moderate, indicating a need for balanced fertilization. pH 6.5 is ideal for most crops.
*   **Environment (Warm, Humid, Good Rainfall):** Favorable for tropical crops. 1000mm rainfall is good, but distribution is key.
*   **Season (Kuruvai / Jun-Sep):** This is a relatively short cropping season (3-4 months), requiring crops with a shorter duration.
*   **Region (Tamil Nadu – Cauvery Delta):** Traditionally a rice bowl, but sandy soil presents a challenge for typical transplanted rice without significant water management.

---

### 1. Groundnut (Peanut)

*   **Suitability Score:** 9.5/10

*   **Why it suits these conditions:**
    *   **Soil Type:** Groundnut is exceptionally well-suited for sandy and sandy-loam soils due to its pegging habit (developing pods underground). It thrives in well-drained conditions, which sandy soil provides.
    *   **Nutrient Profile:** As a legume, it fixes atmospheric nitrogen, reducing the need for external N application, which is beneficial given the sandy soil's low N retention.
    *   **Climate:** The warm temperature (28°C) and moderate humidity (65%) are ideal for groundnut growth.
    *   **Season:** Short-duration varieties fit perfectly into the Kuruvai season (90-110 days).
    *   **Water Management:** While it needs consistent moisture, sandy soils allow for easy percolation, and good rainfall (1000mm) combined with frequent light irrigation can manage its water needs efficiently without waterlogging.

*   **Expected Yield:** 2000 – 2800 kg/ha (pod yield) with good management and suitable varieties.

*   **Best Planting Time:** Early June to Mid-July, aligning with the onset of the Southwest Monsoon for optimal moisture.

---

### 2. Paddy (Rice) - Short Duration Aerobic/Direct Seeded

*   **Suitability Score:** 8.0/10

*   **Why it suits these conditions:**
    *   **Regional Staple:** Rice is the cultural and economic backbone of the Cauvery Delta. While traditional transplanted lowland rice is challenging in sandy soils due to high water percolation, modern approaches like **Direct Seeded Rice (DSR)** or **Aerobic Rice** can be highly effective.
    *   **Climate & Rainfall:** The warm temperatures, high humidity, and sufficient rainfall (1000mm) are highly favorable for rice cultivation.
    *   **Season:** Short-duration varieties (100-120 days) are available and perfect for the Kuruvai season.
    *   **Adaptation:** With proper water and nutrient management (frequent, lighter irrigations, split application of fertilizers, and *crucially*, the addition of organic matter to sandy soil to improve water retention), paddy can be grown successfully. This approach significantly reduces water usage compared to transplanted rice.

*   **Expected Yield:** 3500 – 4500 kg/ha (grain yield) with optimized aerobic/DSR practices and suitable short-duration varieties (e.g., ADT 36, ADT 43, ASD 16).

*   **Best Planting Time:** Early June to End June, to maximize the benefit from monsoon rains and complete harvest by September.

---

### 3. Green Gram (Moong Bean)

*   **Suitability Score:** 8.5/10

*   **Why it suits these conditions:**
    *   **Soil Type:** Green gram thrives in well-drained sandy and sandy-loam soils. It is sensitive to waterlogging, making sandy soil ideal for its root development.
    *   **Nutrient Profile:** As a pulse crop, it fixes atmospheric nitrogen, enriching the soil and reducing the need for nitrogen fertilizers. This is a significant advantage for low-N sandy soils and beneficial for subsequent crops in rotation.
    *   **Climate:** The warm and humid conditions are very suitable for green gram.
    *   **Season:** Green gram is a short-duration crop (60-75 days), allowing for quick harvests and potential for a second crop or timely land preparation for the next main season. It fits perfectly within the Kuruvai window.
    *   **Low Input:** Generally requires less water and fertilizer compared to cereals.

*   **Expected Yield:** 800 – 1200 kg/ha (grain yield) under good management.

*   **Best Planting Time:** Mid-June to Mid-July, allowing it to mature before potential heavy rains towards the end of the monsoon season.

---

**General Recommendations for Sandy Soil in Cauvery Delta:**

*   **Organic Matter:** Incorporate liberal amounts of well-decomposed farmyard manure (FYM), compost, or green manure crops. This is critical for improving water retention, nutrient holding capacity, and overall soil health in sandy soils.
*   **Nutrient Management:** Adopt a balanced fertilizer program. For sandy soils, apply fertilizers in splits to minimize leaching losses. Consider micronutrient deficiencies, as sandy soils are often prone to them.
*   **Water Management:** Implement frequent, light irrigation instead of heavy, infrequent irrigation. Drip irrigation can be highly efficient for crops like groundnut and pulses in sandy soils. For paddy, careful water management is crucial for aerobic methods.
*   **Crop Rotation:** Rotate these crops to maintain soil fertility and break pest and disease cycles. For example, a rotation of Green Gram (N-fixing) followed by Paddy (N-consuming) can be beneficial."
2026-03-09 16:47:35,crop_recommendation,50,40,50,6.5,50,Sandy,28,65,1000,Kuruvai (Jun – Sep) – TN Early Kharif,Tamil Nadu – Cauvery Delta,,,,"As an agricultural advisor, considering the specific soil and environmental conditions for the Kuruvai season in the Cauvery Delta of Tamil Nadu, here are the top three recommended crops:

---

### 1. Paddy (Rice)

*   **Suitability Score:** 9/10
*   **Why it suits these conditions:**
    *   **Region & Season Specific:** Paddy is the predominant and most suitable crop for the Kuruvai (early Kharif) season in the Cauvery Delta of Tamil Nadu, supported by established irrigation infrastructure. Short-duration rice varieties are specifically bred for this window.
    *   **Temperature & Humidity:** The ambient temperature of 28°C and 65% humidity are ideal for rice growth.
    *   **Rainfall:** 1000mm rainfall during the monsoon period provides significant support, reducing irrigation demands.
    *   **pH:** The soil pH of 6.5 is optimal for rice cultivation.
    *   **Sandy Soil (Management):** While sandy soil typically has lower water and nutrient retention, the assured irrigation facilities in the Cauvery Delta mitigate these concerns for rice. However, it will require more frequent, lighter irrigations and split application of fertilizers compared to clayey soils to prevent leaching.
    *   **Nutrient Response:** Although N and K levels are initially on the lower side, rice is highly responsive to balanced fertilizer application, which is a standard practice for high yields.
*   **Expected Yield:** With good management and suitable short-duration varieties (e.g., ADT 36, ADT 43, CO 51, TRY 3), an expected yield of **5.0 - 6.5 tonnes/ha** (5000 - 6500 kg/ha) of paddy.
*   **Best Planting Time:** Mid-June to Early July (transplanting, after 20-25 days in nursery).

### 2. Groundnut (Peanut)

*   **Suitability Score:** 8.5/10
*   **Why it suits these conditions:**
    *   **Sandy Soil Preference:** Groundnut thrives exceptionally well in well-drained sandy loam soils, making the given ""Sandy"" soil type highly favorable. It facilitates excellent peg penetration and pod development, leading to better yields and easier harvesting.
    *   **Temperature & Humidity:** The warm temperature of 28°C and moderate humidity are very conducive for groundnut growth.
    *   **Rainfall:** 1000mm rainfall provides ample moisture, but good drainage in sandy soil prevents waterlogging, which groundnut is sensitive to. Supplemental irrigation may be beneficial during critical flowering and pod filling stages if dry spells occur.
    *   **Nutrients:** As a legume, groundnut fixes atmospheric nitrogen, reducing its external N requirement. The existing P and K levels are manageable with recommended fertilizer doses.
    *   **Diversification:** Offers a strong alternative for diversification or for fields with particularly prominent sandy characteristics where paddy might be more challenging to manage optimally.
*   **Expected Yield:** With improved varieties (e.g., VRI 2, TMV 7, CO 7) and good agricultural practices, an expected yield of **2.0 - 2.8 tonnes/ha** (2000 - 2800 kg/ha) of unshelled pods.
*   **Best Planting Time:** Late June to Mid-July.

### 3. Blackgram (Urd bean) / Greengram (Mung bean)

*   **Suitability Score:** 7.5/10
*   **Why it suits these conditions:**
    *   **Short Duration:** Both blackgram and greengram are short-duration crops (65-75 days), allowing them to fit effectively within the Kuruvai season window, potentially as a standalone crop or even as a rotational crop after a short-duration rice variety.
    *   **Sandy Soil Preference:** These pulses prefer well-drained sandy loam soils. The ""Sandy"" soil type, combined with good drainage, is suitable as it prevents waterlogging, which pulses are sensitive to.
    *   **Nutrient Benefits:** As legumes, they fix atmospheric nitrogen, improving soil fertility and reducing the need for external nitrogen fertilizers. The existing P and K levels are generally sufficient for their moderate nutrient requirements, though a starter dose is always beneficial.
    *   **Temperature & Humidity:** The warm temperatures are suitable for their growth.
    *   **Soil Health:** They contribute to improved soil structure and fertility, making them excellent choices for crop rotation, especially after or before a cereal crop like paddy.
*   **Expected Yield:** For improved varieties (e.g., Blackgram: VBN 8, ADT 6; Greengram: VBN 3, CO 8) under good management, an expected yield of **0.8 - 1.2 tonnes/ha** (800 - 1200 kg/ha) of grain.
*   **Best Planting Time:** Mid-June to Early July."
2026-03-09 17:43:00,crop_recommendation,50,40,50,6.5,50,Sandy,28,65,1000,Kuruvai (Jun – Sep) – TN Early Kharif,Tamil Nadu – Cauvery Delta,,,,"As an agricultural advisor, based on the provided conditions for the Kuruvai season (Jun – Sep) in the Cauvery Delta region of Tamil Nadu, here are my top crop recommendations:

**Overall Conditions Summary:**

*   **Soil:** Low NPK (P particularly low), neutral pH, moderate moisture, **sandy type**. Sandy soil implies poor water and nutrient retention, requiring careful management.
*   **Environment:** Warm (28°C), moderate humidity, good rainfall (1000mm), **Kuruvai season (early Kharif)**, **Cauvery Delta, Tamil Nadu**. This combination strongly points towards wet-season, warm-loving crops, particularly those traditionally grown in the region.

---

### 1. Top 3 Recommended Crops with Suitability Score

1.  **Paddy (Rice) - Short Duration Varieties** (e.g., ADT 36, ASD 16, CO 51)
    *   **Suitability Score:** 9/10
2.  **Groundnut (Peanut)** (e.g., VRI 2, TMV 7, TMV 13)
    *   **Suitability Score:** 8/10
3.  **Black Gram (Urad Dal)** (e.g., ADT 3, T9, VBN 6)
    *   **Suitability Score:** 7.5/10

---

### 2. Why Each Crop Suits These Conditions

#### 1. Paddy (Rice) - Short Duration Varieties

*   **Regional & Seasonal Fit:** The Cauvery Delta is the rice bowl of Tamil Nadu, and Kuruvai is a primary rice-growing season. Farmers have extensive knowledge, and infrastructure (canals, markets) is geared towards rice.
*   **Temperature & Rainfall:** 28°C is ideal for rice growth, and 1000mm rainfall, though potentially uneven, supports the high water requirement, especially when supplemented with irrigation (which is typical for the Delta).
*   **pH:** pH 6.5 is optimal for paddy cultivation.
*   **Management for Sandy Soil:** While sandy soil is not ideal for water retention, effective puddling and bunding can create the necessary conditions for rice. Short-duration varieties mature quickly, reducing the period of high water demand. Split application of fertilizers will be crucial to mitigate nutrient leaching.

#### 2. Groundnut (Peanut)

*   **Soil Preference:** Groundnut thrives in **sandy to sandy loam soils**, making it an excellent choice for your specific soil type. The loose structure allows for easy peg penetration and pod development.
*   **Temperature & Rainfall:** Warm temperatures (28°C) are highly favorable. The 1000mm rainfall is generally sufficient, but good drainage (provided by sandy soil) is critical to prevent waterlogging, which groundnut dislikes.
*   **Nitrogen Fixation:** Being a legume, groundnut fixes atmospheric nitrogen, reducing the need for external nitrogen fertilization, which is beneficial given the low initial soil N. However, P and K must be adequately supplied.
*   **Cash Crop:** Groundnut is a significant oilseed and protein crop, offering good market value and demand in the region.

#### 3. Black Gram (Urad Dal)

*   **Short Duration & N-Fixation:** Black gram is a relatively short-duration legume, making it suitable for fitting into cropping patterns and improving soil health through nitrogen fixation. This is valuable given the low soil N.
*   **Adaptability:** It can tolerate warm temperatures and moderate rainfall. Many varieties are well-suited for the Kharif/monsoon season in Tamil Nadu.
*   **Sandy Soil Consideration:** While sandy soil has poor water retention, black gram requires good drainage, which sandy soil provides. However, more frequent, lighter irrigations might be needed during dry spells between rainfall events.
*   **Crop Diversification:** Including a pulse like black gram helps in crop rotation, breaking disease cycles and enhancing soil fertility. It has a good market locally.

---

### 3. Expected Yield

*   **Paddy (Rice) - Short Duration Varieties:**
    *   With good management (appropriate fertilization, irrigation, pest/disease control) in sandy soil, expected yield is **3.5 - 4.5 tonnes/hectare (t/ha)** of rough rice.
*   **Groundnut (Peanut):**
    *   With optimal cultivation practices, expected pod yield is **1.8 - 2.5 t/ha**.
*   **Black Gram (Urad Dal):**
    *   With proper care, expected grain yield is **0.8 - 1.2 t/ha**.

---

### 4. Best Planting Time

*   **Paddy (Rice) - Short Duration Varieties:**
    *   **June - Early July** (to align with the Kuruvai season and benefit from the peak monsoon rains and subsequent irrigation availability).
*   **Groundnut (Peanut):**
    *   **Mid-June - July** (to benefit from the monsoon rains for initial establishment and growth, ensuring adequate soil moisture).
*   **Black Gram (Urad Dal):**
    *   **Mid-June - July** (similar to groundnut, capitalizing on the monsoon season for optimal growth and flowering).

---

**Important Management Considerations for Sandy Soil:**

*   **Fertilizer Management:** Due to low initial NPK and sandy soil's poor nutrient retention, **split applications of fertilizers** will be critical for all crops. Especially for N, apply in 2-3 splits. Ensure adequate phosphorus (P) and potassium (K) are supplied as per soil test recommendations, possibly in split doses too.
*   **Organic Matter:** Incorporating farmyard manure (FYM) or compost will significantly improve the sandy soil's water and nutrient holding capacity.
*   **Water Management:** Even with good rainfall, sandy soil drains quickly. Ensure efficient irrigation scheduling to supplement rainfall, especially during critical growth stages.
*   **Variety Selection:** Always choose **short-duration, high-yielding, and disease-resistant varieties** specifically recommended for the Kuruvai season in Tamil Nadu."
2026-03-09 18:12:25,crop_recommendation,50,40,50,6.5,50,Sandy,28,65,1000,Kuruvai (Jun – Sep) – TN Early Kharif,Tamil Nadu – Cauvery Delta,,,,"As an agricultural advisor, based on the provided conditions for the Kuruvai season in the Cauvery Delta region of Tamil Nadu, here are my top crop recommendations:

---

### 1. Top 3 Recommended Crops with Suitability Score

1.  **Paddy (Rice)** - Suitability Score: **9.5/10**
2.  **Groundnut (Peanut)** - Suitability Score: **8.5/10**
3.  **Blackgram (Urd Bean)** - Suitability Score: **8.0/10**

---

### 2. Why Each Crop Suits These Conditions

#### 1. Paddy (Rice)

*   **Region & Season Specificity:** The Cauvery Delta is famously known as the ""rice bowl"" of Tamil Nadu, and Kuruvai (June-September) is the primary season for paddy cultivation, perfectly aligning with traditional farming practices and water availability from the Cauvery River.
*   **Water Availability:** The 1000mm rainfall during the season largely supports paddy's high water requirements. While sandy soil has lower water retention, traditional puddling techniques prepare the field for rice cultivation, and supplementary irrigation from the Cauvery system is historically reliable during Kuruvai.
*   **Temperature & Humidity:** The 28°C temperature and 65% humidity are ideal for the growth and development of tropical rice varieties.
*   **Soil pH:** A pH of 6.5 is well within the optimal range for paddy cultivation.
*   **Nutrient Management:** Although the baseline soil nutrients are low, farmers in this region are highly experienced in applying the necessary NPK fertilizers to achieve high yields in paddy, a heavy feeder.

#### 2. Groundnut (Peanut)

*   **Soil Type Suitability:** Groundnut thrives in well-drained, sandy to sandy-loam soils. The sandy soil type is highly beneficial for peg penetration into the soil, which is crucial for pod formation, and prevents waterlogging that can harm root development.
*   **Water Management:** Groundnut requires moderate water, and the 1000mm rainfall, coupled with the good drainage of sandy soil, provides suitable moisture conditions while minimizing risks of waterlogging. It's relatively tolerant to short dry spells once established.
*   **Temperature:** The 28°C temperature is optimal for groundnut's vegetative growth and pod filling.
*   **Nutrient Fixation:** As a leguminous crop, groundnut fixes atmospheric nitrogen, which helps improve soil fertility and reduces the need for high external nitrogen inputs, making it suitable for soils with low N.
*   **Regional Importance:** Groundnut is a significant oilseed crop in Tamil Nadu and well-adapted to the state's agro-climatic conditions.

#### 3. Blackgram (Urd Bean)

*   **Soil Type Adaptability:** Blackgram performs well on a variety of soils, including sandy soils, provided there is good drainage. It is sensitive to waterlogging, so the sandy nature of the soil is an advantage.
*   **Nutrient Fixation:** Like groundnut, blackgram is a legume and fixes atmospheric nitrogen, reducing its dependence on external nitrogen fertilizers and contributing to soil health, which is beneficial given the low initial N levels.
*   **Short Duration & Water Efficiency:** It is a relatively short-duration crop (65-80 days) with moderate water requirements, making it a good fit for the Kuruvai season's rainfall pattern and allowing for efficient use of available moisture.
*   **Temperature & Humidity:** The warm temperatures (28°C) and moderate humidity are conducive to healthy growth.
*   **Crop Rotation/Diversification:** Blackgram is an excellent choice for crop diversification or rotation, improving soil structure and fertility after other crops.

---

### 3. Expected Yield

1.  **Paddy (Rice):**
    *   **Expected Yield:** 5,000 – 7,000 kg/ha (5-7 tonnes/ha) of milled rice, with proper use of High Yielding Varieties (HYVs) and optimal management practices.
2.  **Groundnut (Peanut):**
    *   **Expected Yield:** 2,000 – 3,000 kg/ha (2-3 tonnes/ha) of unshelled pods, with improved varieties and good cultivation practices.
3.  **Blackgram (Urd Bean):**
    *   **Expected Yield:** 800 – 1,200 kg/ha (0.8-1.2 tonnes/ha) of dried grains, depending on the variety and management.

---

### 4. Best Planting Time

1.  **Paddy (Rice):**
    *   **Best Planting Time:** Mid-June to Early July (for transplanting or direct seeding of short to medium duration varieties suitable for Kuruvai).
2.  **Groundnut (Peanut):**
    *   **Best Planting Time:** June to Early July (coinciding with the onset of the Southwest Monsoon for optimal moisture).
3.  **Blackgram (Urd Bean):**
    *   **Best Planting Time:** June to Early July (to leverage the monsoon rainfall for initial growth)."
2026-03-09 19:04:00,crop_recommendation,87,80,117,5.5,57,Sandy,16,41,1144,Kuruvai (Jun – Sep) – TN Early Kharif,Tamil Nadu – Cauvery Delta,,,,"Error: 429 You exceeded your current quota, please check your plan and billing details. For more information on this error, head to: https://ai.google.dev/gemini-api/docs/rate-limits. To monitor your current usage, head to: https://ai.dev/rate-limit. 
* Quota exceeded for metric: generativelanguage.googleapis.com/generate_content_free_tier_requests, limit: 20, model: gemini-2.5-flash
Please retry in 59.888610152s. [links {
  description: ""Learn more about Gemini API quotas""
  url: ""https://ai.google.dev/gemini-api/docs/rate-limits""
}
, violations {
  quota_metric: ""generativelanguage.googleapis.com/generate_content_free_tier_requests""
  quota_id: ""GenerateRequestsPerDayPerProjectPerModel-FreeTier""
  quota_dimensions {
    key: ""model""
    value: ""gemini-2.5-flash""
  }
  quota_dimensions {
    key: ""location""
    value: ""global""
  }
  quota_value: 20
}
, retry_delay {
  seconds: 59
}
]. Please try again."
2026-03-09 19:22:06,crop_recommendation,50,40,50,6.5,50,Sandy,28,65,1000,Kuruvai (Jun – Sep) – TN Early Kharif,Tamil Nadu – Cauvery Delta,,,,"As your agricultural advisor, considering the provided soil and environmental conditions in the Cauvery Delta region during the Kuruvai season, here are my top crop recommendations:
---
 General Considerations for your Farm:
Your soil is sandy, which means it has good drainage but low water and nutrient retention. The NPK levels (N=50, P=40, K=50 kg/ha) are low to medium, indicating a need for nutrient supplementation. The pH is ideal, and the temperature, humidity, and rainfall during the Kuruvai season are favorable for many warm-season crops.
---
 1. Recommended Crop: Rice (Paddy)
   Suitability Score: 9.5/10
   Why it suits these conditions:
       Season & Region: Kuruvai (Jun-Sep) is a prime paddy season in Tamil Nadu, especially in the Cauvery Delta, which is historically a rice bowl.
       Rainfall: 1000mm rainfall is excellent for paddy cultivation, providing ample water for the crop's high water requirements.
       Temperature & Humidity: 28°C and 65% humidity are ideal for rice growth and development.
       pH: pH 6.5 is perfectly suited for paddy.
       Soil Type (Sandy): While sandy soil typically has lower water retention, in the Cauvery Delta with high rainfall and potential for irrigation, it can be managed. Short-duration, high-yielding Kuruvai varieties adapt well. Adding organic matter will further improve water and nutrient holding capacity.
       Nutrient Levels: Although NPK is low, paddy is highly responsive to applied fertilizers. With proper nutrient management (e.g., Urea for N, DAP for P, MOP for K) and soil testing, excellent yields can be achieved.
   Expected Yield: 4.5 - 6.0 tons/ha (assuming improved short-duration Kuruvai varieties and proper nutrient management).
   Best Planting Time: Mid-June to Early July (to align with the Kuruvai season and onset of monsoon rains).
---
 2. Recommended Crop: Blackgram (Urad dal) / Greengram (Moong dal)
   Suitability Score: 8.8/10
   Why it suits these conditions:
       Soil Type (Sandy): Pulses thrive in well-drained sandy to loamy-sandy soils, as they are sensitive to waterlogging. Your sandy soil provides excellent drainage.
       Nutrient Levels: As leguminous crops, they fix atmospheric nitrogen, reducing the need for external nitrogen fertilizers and improving soil fertility for subsequent crops. This is a significant advantage given your low N levels.
       Season & Duration: Both are short-duration crops (65-75 days) that fit well within the Kuruvai window, either as a standalone crop or as an intercrop/rotation.
       Rainfall: 1000mm rainfall is sufficient, but good drainage is crucial. They are relatively drought-tolerant once established but benefit from timely moisture.
       Temperature & Humidity: Favorable for their growth.
       pH: pH 6.5 is ideal for pulse crops.
   Expected Yield: 1.0 - 1.5 tons/ha (for short-duration varieties).
   Best Planting Time: Early July to Mid-July (after the initial heavy rains, allowing for good drainage).
---
 3. Recommended Crop: Groundnut (Peanut)
   Suitability Score: 8.5/10
   Why it suits these conditions:
       Soil Type (Sandy): Groundnut is exceptionally well-suited for sandy or sandy-loam soils. The loose texture allows for easy penetration of pegs into the soil, which is essential for pod development, and facilitates harvesting.
       Temperature & Humidity: 28°C and 65% humidity are highly favorable for groundnut growth.
       Rainfall: 1000mm rainfall is generally sufficient for groundnut, but consistent moisture during flowering and pegging is critical. Good drainage in sandy soil prevents waterlogging issues.
       pH: pH 6.5 is suitable.
       Nutrient Levels: While NPK is low, groundnut, being a legume, fixes some nitrogen. However, it still requires balanced fertilization, especially for Phosphorus and Calcium (for pod filling), which would need to be supplemented.
       Season & Region: Groundnut is a major oilseed crop in Tamil Nadu and can be successfully grown during the Kuruvai season.
   Expected Yield: 2.0 - 2.5 tons/ha (pods) with proper nutrient and water management.
   Best Planting Time: Mid-June to Early July.
---
Additional Advice:
   Soil Testing: Despite my recommendations, I strongly advise a detailed soil test to precisely determine nutrient deficiencies and tailor your fertilizer application.
   Organic Matter: For sandy soil, regular incorporation of organic matter (compost, farmyard manure, green manures) is crucial to improve water retention, nutrient holding capacity, and overall soil health.
   Nutrient Management: Given the low NPK, balanced fertilization based on crop-specific requirements will be essential for all recommended crops."
2026-03-09 19:30:29,crop_recommendation,50,40,50,6.5,50,Sandy,28,65,1000,Kuruvai (Jun – Sep) – TN Early Kharif,Tamil Nadu – Cauvery Delta,,,,"வேளாண் ஆலோசகராக, தமிழ்நாட்டின் காவிரி டெல்டா பகுதியில் குறுவைப் பருவத்திற்கான வழங்கப்பட்ட நிபந்தனைகளின் அடிப்படையில், எனது சிறந்த பயிர் பரிந்துரைகள் இங்கே:
சூழல் குறித்த ஒட்டுமொத்த மதிப்பீடு:
   மண்: மணல் வகை மண் என்பது நல்ல வடிகால் வசதியைக் குறிக்கிறது, ஆனால் குறைந்த நீர் பிடிப்புத் திறன் மற்றும் ஊட்டச்சத்து பிடிப்புத் திறன் கொண்டது. குறைந்த நைட்ரஜன் (N), பாஸ்பரஸ் (P), பொட்டாசியம் (K) உள்ளதால் கவனமான ஊட்டச்சத்து மேலாண்மை அவசியம். பெரும்பாலான பயிர்களுக்கு உகந்த கார-அமிலத்தன்மை (pH) உள்ளது.
   சூழல்: குறுவை பருவத்தில் மிதமான வெப்பநிலை, மிதமான ஈரப்பதம் மற்றும் நல்ல மழைப்பொழிவு ஆகியவை வெப்பமண்டல பயிர்களுக்கு உகந்தவை. குறுவை பருவம் குறுகிய காலம் (ஜூன்-செப்டம்பர்), எனவே குறுகிய அல்லது மத்திம கால ரகங்கள் தேவைப்படும்.
---
1. நிலக்கடலை (Groundnut)
   பொருத்தமான புள்ளி: 9.5/10
   இந்த நிலைமைகளுக்கு ஏன் ஏற்றது:
       மண் வகை: மணல் மற்றும் மணல் கலந்த களிமண் வகைகளுக்கு நிலக்கடலை மிகச்சிறப்பாகப் பொருந்தும், இது பூ ஊசி ஊடுருவல் மற்றும் காய் வளர்ச்சிக்கு உதவுகிறது.
       ஊட்டச்சத்து மேலாண்மை: ஒரு அவரை இனம் என்பதால், இது வளிமண்டல நைட்ரஜனை நிலைநிறுத்துகிறது, வெளிப்புற நைட்ரஜன் தேவைகளைக் குறைக்கிறது. மண் N, P, K குறைவாக இருந்தாலும், காய் வளர்ச்சிக்கு முக்கியமான இலக்கு சார்ந்த பாஸ்பரஸ் (P) மற்றும் பொட்டாசியம் (K) இடுவதன் மூலம் சிறப்பாக வளர முடியும்.
       ஈரப்பதம் மற்றும் மழைப்பொழிவு: குறுவை பருவத்தில் பெய்யும் 1000 மி.மீ மழை, மண்ணின் ஈரப்பதம் ஆகியவற்றுடன், நிலக்கடலையின் மிதமான நீர் தேவைக்கு பொதுவாக போதுமானது. மணல் மண் நல்ல வடிகால் வசதியை உறுதி செய்கிறது, நிலக்கடலை விரும்பாத நீர் தேங்குவதைத் தடுக்கிறது.
       வெப்பநிலை: 28°C வெப்பநிலை நிலக்கடலை வளர்ச்சிக்கு உகந்தது.
       கால அளவு: குறுகிய கால ரகங்கள் (90-105 நாட்கள்) குறுவை பருவ காலத்திற்குள் சரியாகப் பொருந்தும்.
       பிராந்திய பொருத்தம்: நிலக்கடலை தமிழ்நாட்டில் பரவலாக பயிரிடப்படும் ஒரு முக்கிய எண்ணெய் வித்து பயிராகும், மேலும் நன்கு நிறுவப்பட்ட சந்தை வழித்தடங்கள் உள்ளன.
   எதிர்பார்க்கப்படும் மகசூல்: 1.5 - 2.5 டன்கள்/ஹெக்டேர் (உலர்ந்த காய்கள்)
   சிறந்த விதைப்பு நேரம்: ஜூன் நடுப்பகுதி முதல் ஜூலை தொடக்கம் வரை (பருவமழை தொடக்கத்துடன் இணைந்து, பருவத்தின் பிற்பகுதியில் ஏற்படக்கூடிய மழைகளுக்கு முன் அறுவடை செய்ய).
---
2. கம்பு (Pearl Millet)
   பொருத்தமான புள்ளி: 9.0/10
   இந்த நிலைமைகளுக்கு ஏன் ஏற்றது:
       மண் வகை: கம்பு பரந்த அளவிலான மண்ணுக்கு, குறிப்பாக குறைந்த மண் வளம் கொண்ட வளமற்ற மணல் மண்ணில், அதிக தகவமைப்புத் திறன் கொண்டது, இது கொடுக்கப்பட்ட நிலைமைகளுக்கு ஒரு சிறந்த தேர்வாக அமைகிறது.
       ஊட்டச்சத்து மேலாண்மை: மற்ற தானியங்களுடன் ஒப்பிடும்போது இதற்கு குறைந்த ஊட்டச்சத்து தேவைகளே உள்ளன, மேலும் குறைந்த N, P, K அளவுகளை மற்ற பல பயிர்களை விட சிறப்பாக தாங்கிக் கொள்ளும், இருப்பினும் மிதமான உரமிடுதலுக்கு நன்கு பதிலளிக்கும்.
       ஈரப்பதம் மற்றும் மழைப்பொழிவு: கம்பு வறட்சி தாங்கும் தன்மைக்கும், திறமையான நீர் பயன்பாட்டிற்கும் பெயர் பெற்றது, இதனால் மழை சீரற்றதாக இருந்தாலும் அல்லது மணல் மண் போதுமான ஈரப்பதத்தைத் தக்கவைக்கத் திணறினாலும் இது மீள்தன்மை கொண்டது. 1000 மி.மீ மழைப்பொழிவு போதுமானது.
       வெப்பநிலை: மிதமான வெப்பமண்டல நிலைமைகளில் செழித்து வளரும், 28°C உகந்த வெப்பநிலை.
       கால அளவு: குறுகிய மற்றும் மத்திம கால ரகங்கள் (80-100 நாட்கள்) கிடைக்கின்றன, அவை குறுவை பருவத்திற்குள் நன்கு பொருந்தும்.
       பிராந்திய பொருத்தம்: கம்பு தமிழ்நாட்டின் பாரம்பரிய பிரதான உணவாகும், குறிப்பாக வறண்ட மற்றும் வளமற்ற பகுதிகளில், அதன் ஊட்டச்சத்து மதிப்பு மற்றும் காலநிலை மீள்தன்மை காரணமாக முக்கியத்துவம் பெற்று வருகிறது.
   எதிர்பார்க்கப்படும் மகசூல்: 2.0 - 3.0 டன்கள்/ஹெக்டேர் (தானியம்)
   சிறந்த விதைப்பு நேரம்: ஜூன் நடுப்பகுதி முதல் ஜூலை நடுப்பகுதி வரை (பருவமழை தொடக்கத்தைப் பயன்படுத்தி பயிர் நிலையான வளர்ச்சி அடைய).
---
3. குறுகிய கால நெல் (Short Duration Paddy)
   பொருத்தமான புள்ளி: 8.0/10
   இந்த நிலைமைகளுக்கு ஏன் ஏற்றது:
       பிராந்திய முக்கியத்துவம்: நெல் காவிரி டெல்டாவின் பிரதான மற்றும் முதன்மைப் பயிராகும். மணல் மண் இருந்தபோதிலும், உள்ளூர் விவசாய முறைகள், உள்கட்டமைப்பு மற்றும் சந்தைத் தேவை காரணமாக இதை கருத்தில் கொள்வது அவசியம்.
       மழைப்பொழிவு மற்றும் வெப்பநிலை: 1000 மி.மீ மழைப்பொழிவு மற்றும் 28°C வெப்பநிலை நெல் சாகுபடிக்கு மிகவும் உகந்தவை.
       கால அளவு: குறுவை பருவத்திற்கு, மற்றும் மணல் மண் சவாலை சமாளிக்க, குறுகிய கால (90-105 நாட்கள்) வறட்சியைத் தாங்கும் மற்றும் ஊட்டச்சத்து திறமையான நெல் ரகங்களுக்கு முக்கியத்துவம் கொடுப்பது மிக முக்கியம்.
       மேலாண்மை: பாரம்பரியமாக நீர் தேங்கி நிற்கும் நெல் சாகுபடிக்கு மணல் மண் ஏற்றதல்ல என்றாலும், நேரடி நெல் விதைப்பு (DSR) அல்லது விட்டு விட்டு நீர் பாய்ச்சி கவனமாக நிர்வகிக்கப்படும் நெல் சாகுபடி தீவிரப்படுத்துதல் முறை (SRI) போன்றவற்றை பரிசீலிக்கலாம். உகந்த கார-அமிலத்தன்மை (pH) நெல்லுக்கு நல்லது.
   மணல் மண்ணில் உள்ள சவால்கள்:
       நீர் மேலாண்மை: மணல் மண்ணுக்கு குறைந்த நீர் பிடிப்புத் திறன் இருப்பதால், அடிக்கடி, குறைந்த அளவு நீர் பாய்ச்சுதல் தேவைப்படலாம், அல்லது கவனமாக மழைநீர் மேலாண்மை தேவைப்படும்.
       ஊட்டச்சத்துக்கள் கரைந்து போதல்: ஊட்டச்சத்துக்கள் (குறிப்பாக நைட்ரஜன்) விரைவாகக் கரைந்து மண்ணில் இருந்து வெளியேறிவிடும். உரங்களை பிரித்து இடுதல் மற்றும் அங்ககப் பொருட்களைச் சேர்ப்பது மிக முக்கியம்.
   எதிர்பார்க்கப்படும் மகசூல்: 4.0 - 5.5 டன்கள்/ஹெக்டேர் (நெல் தானியம்) – இது குறுகிய கால ரகங்களை நல்ல முறையில் நிர்வகிப்பதன் மூலம் அடையக்கூடியது, ஆனால் வழக்கமான களிமண் டெல்டா மண்ணை விட சற்று குறைவாக இருக்கலாம்.
   சிறந்த விதைப்பு நேரம்: ஜூன் தொடக்கம் முதல் ஜூலை தொடக்கம் வரை (நாற்று நடுதலுக்கோ அல்லது நேரடி விதைப்புக்கோ, செப்டம்பருக்குள் அறுவடை செய்வதை உறுதி செய்ய).
---
மணல் மண்ணில் அனைத்து பயிர்களுக்கும் முக்கியமான குறிப்புகள்:
   ஊட்டச்சத்து மேலாண்மை: குறைந்த N, P, K அளவுகள் இருப்பதால், மண் பரிசோதனை தொடர்ந்து செய்யப்பட வேண்டும், மேலும் உரம் இடுதல் துல்லியமாக இருக்க வேண்டும், குறிப்பாக நைட்ரஜனுக்கு, சத்துக்கள் கரைந்து போவதைக் குறைக்க தவணை முறையில் உரம் இடலாம்.
   அங்ககப் பொருட்கள்: தொழு உரம் (FYM), மண்புழு உரம் (Compost) அல்லது பசுந்தாள் உரப் பயிர்களைச் சேர்ப்பது மணல் மண்ணின் நீர் மற்றும் ஊட்டச்சத்து பிடிப்புத் திறனை கணிசமாக மேம்படுத்தும்.
   நீர் மேலாண்மை: மழைப்பொழிவு நன்றாக இருந்தாலும், மணல் மண் விரைவாக வடிகட்டிவிடும். திறமையான நீர்ப்பாசன முறைகள் (சாத்தியமான இடங்களில் சொட்டுநீர்/தெளிப்புநீர்) மற்றும் கவனமான திட்டமிடல் நீர் பயன்பாட்டுத் திறனை அதிகரிக்க முக்கியம்.
   ரக தேர்வு: உள்ளூர் வேளாண் காலநிலை நிலைமைகளுக்கு ஏற்றதாகவும், பொதுவான பூச்சி மற்றும் நோய்களுக்கு எதிர்ப்புத் திறன் கொண்டதாகவும் அறியப்பட்ட, அதிக மகசூல் தரும், குறுகிய கால ரகங்களை எப்போதும் தேர்வு செய்யவும்."
2026-03-09 19:36:54,nutrient_advisory,50,40,50,6.5,,Sandy,,,,,,Rice,,,"வணக்கம் விவசாய நண்பரே!
உங்கள் மண் பரிசோதனை முடிவுகளின் அடிப்படையில், உங்களின் நெல் சாகுபடிக்கு ஏற்றவாறு ஒரு தனிப்பயனாக்கப்பட்ட உர திட்டத்தை நாங்கள் உருவாக்க முடியும். இவை பொதுவான பரிந்துரைகள் மட்டுமே என்பதை நினைவில் கொள்க. உங்கள் பயிரின் வளர்ச்சியை கவனமாகப் பார்த்து, குறிப்பிட்ட நிலத்திற்கான ஆலோசனைகளுக்கு உள்ளூர் வேளாண்மை விரிவாக்கத் துறையை (அல்லது வேளாண் அதிகாரிகளை) அணுகுவது எப்போதும் சிறந்தது.
---
1. ஊட்டச்சத்து ஆய்வு (மண்ணின் சத்து நிலை ஆய்வு)
நெல் சாகுபடிக்கு உங்களின் மண்ணின் தற்போதைய நிலையை ஆய்வோம்:
   நைட்ரஜன் (N): 50 கிலோ/ஹெக்டேர்
       நிலை: குறைபாடு உள்ளது. அதிக மகசூல் தரும் நெல் வகைகளுக்கு, உகந்த வளர்ச்சிக்கு பொதுவாக 100-120 கிலோ நைட்ரஜன்/ஹெக்டேர் தேவைப்படும். உங்கள் மண்ணில் தற்போதுள்ள அளவு தேவையானதை விட பாதியளவே உள்ளது.
   பாஸ்பரஸ் (P): 40 கிலோ/ஹெக்டேர்
       குறிப்பு: மண் பரிசோதனைகள் பெரும்பாலும் தனிம பாஸ்பரஸாக (P) அளவிடுகின்றன, அதேசமயம் உர பரிந்துரைகள் P2O5 ஆக இருக்கும். மாற்றியமைப்போம்: 40 கிலோ தனிம பாஸ்பரஸ்/ஹெக்டேர் என்பது தோராயமாக 92 கிலோ P2O5/ஹெக்டேருக்கு சமம்.
       நிலை: இந்த பருவத்திற்கு அதிகம்/போதுமானது. நெல்லுக்கு பொதுவான P2O5 தேவை 40-60 கிலோ/ஹெக்டேர் ஆகும். உங்கள் மண்ணில் தற்போதைய பயிருக்குத் தேவையான பாஸ்பரஸ் சத்து போதுமானதை விட அதிகமாகவே உள்ளது. மேலும் சேர்ப்பது வீண் செலவாகும் மற்றும் நுண்ணூட்டச்சத்து ஏற்றத்தாழ்வுகளுக்கு வழிவகுக்கும்.
   பொட்டாசியம் (K): 50 கிலோ/ஹெக்டேர்
       குறிப்பு: தனிம பொட்டாசியத்தை (K) K2O ஆக மாற்ற: 50 கிலோ தனிம பொட்டாசியம்/ஹெக்டேர் என்பது தோராயமாக 60 கிலோ K2O/ஹெக்டேருக்கு சமம்.
       நிலை: எல்லையில்/லேசான குறைபாடு. அதிக மகசூல் தரும் நெல்லுக்கு பொதுவாக 60-90 கிலோ K2O/ஹெக்டேர் தேவை. உங்கள் மண் இந்த அளவின் கீழ்முனையில் உள்ளது, குறிப்பாக மணல் கலந்த மண் என்பதால், பொட்டாசியம் எளிதில் அடித்துச் செல்லப்படலாம்.
   pH: 6.5
       நிலை: உகந்தது. 6.0-7.0 வரையிலான pH நெல் வளர்ச்சிக்கு உகந்தது, எனவே உங்கள் மண் நல்ல வரம்பில் உள்ளது.
   மண் வகை: மணல் மண்
       இதன் தாக்கம்: மணல் மண்ணுக்கு ஊட்டச்சத்துக்களைத் தக்கவைக்கும் திறன் (குறிப்பாக நைட்ரஜன் மற்றும் பொட்டாசியம்) மற்றும் நீர் பிடிப்புத் திறன் குறைவாக இருக்கும். இதன் பொருள், சத்துக்கள் அடித்துச் செல்லப்படுவதைக் குறைக்கவும், தொடர்ச்சியான ஊட்டச்சத்து கிடைப்பதை உறுதிப்படுத்தவும் உரங்களை அதிக தவணைகளில் இட வேண்டும்.
2. உர பரிந்துரைகள் (ஒரு ஹெக்டேருக்கு)
ஆய்வின் அடிப்படையில், உங்களின் முக்கிய தேவைகள் நைட்ரஜன் மற்றும் குறைந்த அளவு பொட்டாசியம் ஆகும். இந்த பருவத்தில் பாஸ்பரஸ் உரம் தேவையில்லை.
இலக்கு ஊட்டச்சத்துக்கள்:
   நைட்ரஜன் (N): தோராயமாக 70 கிலோ நைட்ரஜன்/ஹெக்டேர் சேர்க்க வேண்டும் (மொத்தம் ~120 கிலோ நைட்ரஜன்/ஹெக்டேர் அடைய).
   பாஸ்பரஸ் (P2O5): 0 கிலோ P2O5/ஹெக்டேர் (மண்ணில் போதுமானது).
   பொட்டாசியம் (K2O): தோராயமாக 20-30 கிலோ K2O/ஹெக்டேர் சேர்க்க வேண்டும் (மொத்தம் ~80-90 கிலோ K2O/ஹெக்டேர் அடைய).
குறிப்பிட்ட உரங்கள் மற்றும் அளவுகள்:
   நைட்ரஜனுக்கு:
       யூரியா (46% N): 70 கிலோ நைட்ரஜன் வழங்க, ஒரு ஹெக்டேருக்கு தோராயமாக 152 கிலோ யூரியா தேவைப்படும்.
           (கணக்கீடு: 70 கிலோ N / 0.46 = 152.17 கிலோ யூரியா)
   பாஸ்பரஸ்க்கு:
       இந்த பருவத்தில் தேவையில்லை. உங்கள் மண்ணில் நல்ல இருப்பு உள்ளது.
   பொட்டாசியத்திற்கு:
       பொட்டாஷ் மியூரேட் (MOP) (60% K2O): 25 கிலோ K2O வழங்க, ஒரு ஹெக்டேருக்கு தோராயமாக 42 கிலோ MOP தேவைப்படும்.
           (கணக்கீடு: 25 கிலோ K2O / 0.60 = 41.67 கிலோ MOP)
---
3. உரமிடும் அட்டவணை
உங்கள் மணல் மண் வகை காரணமாக, ஊட்டச்சத்து உறிஞ்சுதலை அதிகரிக்கவும், இழப்புகளைக் குறைக்கவும் தவணை முறையிலான உரமிடுதல் மிகவும் முக்கியம்.
A. அடியுரம் இடுதல் (நாற்று நடும் போது அல்லது நேரடி விதைப்பு செய்த 10-15 நாட்களுக்குள்):
   நைட்ரஜன் (யூரியா): பரிந்துரைக்கப்பட்ட யூரியாவில் 30% இடவும்.
       (தோராயமாக 45 கிலோ யூரியா/ஹெக்டேர்)
   பொட்டாசியம் (MOP): பரிந்துரைக்கப்பட்ட MOP-யில் 50% இடவும்.
       (தோராயமாக 21 கிலோ MOP/ஹெக்டேர்)
B. முதல் மேலுரம் இடுதல் (தீவிர தூர்பிடிக்கும் பருவம் - நாற்று நட்டு/விதைத்து 20-30 நாட்களுக்குப் பிறகு):
   நைட்ரஜன் (யூரியா): பரிந்துரைக்கப்பட்ட யூரியாவில் 40% இடவும்.
       (தோராயமாக 61 கிலோ யூரியா/ஹெக்டேர்)
   பொட்டாசியம் (MOP): மீதமுள்ள 50% பரிந்துரைக்கப்பட்ட MOP-யை இடவும்.
       (தோராயமாக 21 கிலோ MOP/ஹெக்டேர்)
C. இரண்டாம் மேலுரம் இடுதல் (கதிர் உருவாகும் தருணம் (கருக்கட்டல் பருவம்) - நாற்று நட்டு/விதைத்து 50-60 நாட்களுக்குப் பிறகு, அல்லது நெற்பயிரின் இலையுறைக்குள் கதிர் உருவாகத் தொடங்கும் போது):
   நைட்ரஜன் (யூரியா): மீதமுள்ள 30% பரிந்துரைக்கப்பட்ட யூரியாவை இடவும்.
       (தோராயமாக 46 கிலோ யூரியா/ஹெக்டேர்)
மணல் மண்ணுக்கான முக்கிய குறிப்புகள்:
   நைட்ரஜனுக்குப் பிறகு லேசான நீர் பாய்ச்சுதல்: யூரியாவை எப்போதும் ஈரமான மண்ணில் இடவும், முடிந்தால், சத்து வேர் மண்டலத்திற்குள் செல்லவும், ஆவியாதல் இழப்புகளைக் குறைக்கவும் லேசான நீர் பாய்ச்சவும். உரம் இட்டவுடன் அதிக நீர் பாய்ச்சுவதைத் தவிர்க்கவும்.
   முடிந்தால், மேலும் பல தவணைகள்: மிகவும் மணல் நிறைந்த மண்ணுக்கு, நைட்ரஜனை நான்கு தவணைகளாகப் பிரித்து இடுவது அதிக செயல்திறனை அளிக்கும்.
---
4. இயற்கை வழிமுறைகள் (அங்கக உர வழிகள்)
அங்கக உரங்களை ஒருங்கிணைப்பது எப்போதும் நன்மை பயக்கும், குறிப்பாக மணல் மண்ணில், ஏனெனில் அவை மண்ணின் அமைப்பை, நீர் பிடிப்புத் திறனை மற்றும் ஊட்டச்சத்து கிடைப்பதை மேம்படுத்துகின்றன.
   தொழு உரம் (Farmyard Manure - FYM) அல்லது மக்கிய உரம் (Compost):
       நடவு செய்வதற்கு முன்பே, நிலம் தயாரிக்கும் போது 5-10 டன்/ஹெக்டேர் (அல்லது அதிகம் இருந்தால்) தொழு உரம்/கம்போஸ்ட் இட்டு மண்ணுடன் கலக்கவும். இது NPK, நுண்ணூட்டச்சத்துக்களை மெதுவாக வெளியிடும் மற்றும் மண்ணின் அங்ககப் பொருளின் அளவை மேம்படுத்தும்.
   பசுந்தாள் உரங்கள் (Green Manures):
       சணப்பை அல்லது தக்கைப்பூண்டு போன்ற பயறு வகை தாவரங்களை வளர்த்து, நெல் நடவு செய்வதற்கு 2-3 வாரங்களுக்கு முன்பு அவற்றை மண்ணில் சேர்ப்பது, வளிமண்டல நைட்ரஜனை கணிசமான அளவில் (எ.கா. 60-100 கிலோ நைட்ரஜன்/ஹெக்டேர்) நிலைநிறுத்தி, செயற்கை நைட்ரஜன் தேவையை குறைக்கும்.
   உயிர் உரங்கள் (Bio-fertilizers):
       அசோலா அல்லது நீலப்பச்சை பாசிகள் (BGA): இந்த நீர்வாழ் பெரணிகள்/பாசிகள், நீர் நிறைந்த நெல் வயல்களில் வளிமண்டல நைட்ரஜனை நிலைநிறுத்த முடியும். நடவு செய்யும் போது அல்லது 7-10 நாட்களுக்குப் பிறகு இடவும்.
       PSB (பாஸ்பரஸ் கரைக்கும் பாக்டீரியா): உங்கள் பாஸ்பரஸ் அளவுகள் அதிகமாக இருந்தாலும், PSB உயிர் உரங்கள் காலப்போக்கில் மண்ணில் உள்ள பாஸ்பரஸை தாவரங்களுக்கு மேலும் கிடைக்கச் செய்ய உதவும்.
       KMB (பொட்டாசியம் கரைக்கும் பாக்டீரியா): மண்ணில் உள்ள பொட்டாசியத்தை மேலும் கிடைக்கச் செய்ய உதவும்.
   நெல் தாளை உழுதல்:
       நெல் அறுவடை செய்த பிறகு, தாளை எரிப்பதற்குப் பதிலாக, அதை நறுக்கி வயலில் உழுவது, ஊட்டச்சத்துக்களையும் அங்ககப் பொருட்களையும் மண்ணுக்குத் திரும்ப அளிக்கும்.
---
5. pH அளவு சரிசெய்தல்
உங்கள் மண்ணின் pH அளவு 6.5 நெல் வளர்ச்சிக்கு உகந்தது. இப்போதைக்கு pH சரிசெய்யும் தேவையில்லை.
   உங்கள் pH மிகவும் குறைவாக (அமிலத்தன்மை) இருந்தால், விவசாய சுண்ணாம்பு போன்றவற்றை இடலாம்.
   உங்கள் pH மிகவும் அதிகமாக (காரத்தன்மை) இருந்தால், ஜிப்சம் அல்லது அதிக அங்ககப் பொருட்களை சேர்ப்பதைக் கருத்தில் கொள்ளலாம்.
---
விவசாயிகளுக்கான நடைமுறை ஆலோசனைகள்:
1.  உங்கள் பயிரை கவனியுங்கள்: தாவரங்கள் உங்களுக்கு நிறைய சொல்லும். இலைகள் மஞ்சள் நிறமாக மாறுவது (குறிப்பாக பழைய இலைகள்) நைட்ரஜன் குறைபாட்டைக் குறிக்கும். வளர்ச்சி குன்றுதல் அல்லது சிவப்பு-ஊதா நிறமாற்றம் பாஸ்பரஸ் குறைபாட்டைக் குறிக்கலாம் (இந்த பருவத்தில் சாத்தியமில்லை என்றாலும்). இலை ஓரங்கள் மஞ்சள் நிறமாக மாறுவது பொட்டாசியம் குறைபாட்டைக் குறிக்கும்.
2.  நீர் மேலாண்மை: நெல்லுக்கு சரியான நீர் மேலாண்மை மிக முக்கியம். குறிப்பாக தூர்பிடிக்கும் மற்றும் கருக்கட்டல் பருவங்களில் உகந்த நீர் மட்டத்தை பராமரிப்பது, ஊட்டச்சத்து உறிஞ்சுதலை உறுதிப்படுத்தி இழப்புகளைக் குறைக்கும்.
3.  களைக் கட்டுப்பாடு: களைகள் நெல்லுடன் ஊட்டச்சத்துக்கள் மற்றும் நீருக்காக கடுமையாக போட்டியிடுகின்றன. நீங்கள் இடும் உரங்கள் நெற்பயிருக்கு முழுமையாகக் கிடைப்பதை உறுதிப்படுத்த, சரியான நேரத்தில் களைக் கட்டுப்பாட்டை (கைமுறை, இயந்திரம் அல்லது ரசாயனம்) மேற்கொள்ளவும்.
4.  ஒருங்கிணைந்த ஊட்டச்சத்து மேலாண்மை (INM): நீண்டகால மண் ஆரோக்கியத்திற்கும், நிலையான உற்பத்திக்கும் ரசாயன உரங்களை அங்கக உரங்கள் மற்றும் உயிர் உரங்களுடன் இணைத்துப் பயன்படுத்துங்கள்.
5.  வழக்கமான மண் பரிசோதனை: ஊட்டச்சத்து அளவுகளைக் கண்காணிக்கவும், உங்கள் உர திட்டத்தை அதற்கேற்ப சரிசெய்யவும் ஒவ்வொரு 2-3 வருடங்களுக்கும் மண் பரிசோதனை செய்யுங்கள். இது உங்கள் பணத்தை சேமிக்கவும், தேவையானதை மட்டும் பயன்படுத்தவும் உதவும்.
இந்த பரிந்துரைகளைப் பின்பற்றுவதன் மூலம், நீங்கள் ஆரோக்கியமான மற்றும் அதிக மகசூல் தரும் நெல் சாகுபடியைப் பெற முடியும்!"
2026-03-09 20:00:41,crop_recommendation,50,40,50,6.5,50,Sandy,28,65,1000,Kuruvai (Jun – Sep) – TN Early Kharif,Tamil Nadu – Cauvery Delta,,,,"As your agricultural advisor, based on the provided conditions for the Kuruvai season in the Cauvery Delta region of Tamil Nadu, here are my top recommendations:

---

### **Soil & Environmental Conditions Summary:**

*   **Soil:** Low NPK (N=50, P=40, K=50 kg/ha), optimal pH (6.5), Sandy type (fast drainage, low water/nutrient retention), Moderate moisture (50%).
*   **Environment:** Warm (28°C), Moderate humidity (65%), Good rainfall (1000mm), Kuruvai season (June-Sep), Tamil Nadu – Cauvery Delta (assured irrigation likely).

---

### **Recommended Crops:**

#### **1. Paddy (Rice)**
*   **Suitability Score:** 9.5/10

**Why it Suits These Conditions:**
*   **Region & Season:** Rice is the primary staple crop of the Cauvery Delta, and Kuruvai is a major rice-growing season here. Local varieties are well-adapted.
*   **Temperature & Humidity:** The tropical temperature (28°C) and moderate humidity (65%) are ideal for rice growth.
*   **Rainfall & Irrigation:** 1000mm rainfall is substantial, and in the Cauvery Delta, it's typically supplemented by assured canal irrigation, which overcomes the water retention challenges of sandy soil.
*   **pH:** The soil pH of 6.5 is optimal for nutrient availability for rice.
*   **Sandy Soil Adaptation:** While sandy soils naturally drain quickly, the constant water supply in the Delta (flooding/irrigation) makes it feasible. Short-duration Kuruvai varieties are generally robust.
*   **Nutrient Management:** Although initial NPK levels are low, rice cultivation in the Delta universally involves significant nutrient application, which will mitigate this deficiency.

**Expected Yield:**
*   **5.5 – 6.5 tonnes/hectare** (T/ha) for high-yielding, short-duration Kuruvai varieties with proper nutrient management and irrigation.

**Best Planting Time:**
*   **June – July** (transplanting typically happens in late June to mid-July depending on water release).

#### **2. Groundnut (Peanut)**
*   **Suitability Score:** 8.8/10

**Why it Suits These Conditions:**
*   **Soil Type:** Groundnut *prefers* sandy to sandy-loam soils for proper peg penetration and pod development, making it an excellent fit for your sandy soil.
*   **pH:** The pH of 6.5 is ideal for groundnut, ensuring good nutrient uptake.
*   **Temperature & Humidity:** Warm temperatures (28°C) and moderate humidity are conducive to groundnut growth.
*   **Rainfall & Drainage:** 1000mm rainfall is sufficient, but the sandy soil ensures excellent drainage, which groundnut requires to prevent root and pod rot.
*   **Nutrient Management:** Being a legume, it fixes atmospheric nitrogen, reducing its dependency on soil N. However, phosphorus, potassium, and especially calcium (for pod filling) will be critical supplements given the low initial levels.
*   **Season:** Short-duration varieties (90-105 days) fit well within the Kuruvai season.

**Expected Yield:**
*   **2.0 – 2.8 tonnes/hectare** (T/ha) of dried pods with good management and supplemental nutrients.

**Best Planting Time:**
*   **Late June – Early July**

#### **3. Blackgram (Urd Bean)**
*   **Suitability Score:** 8.5/10

**Why it Suits These Conditions:**
*   **Soil Type:** Blackgram is well-adapted to sandy and light-textured soils with good drainage, which matches your conditions.
*   **pH:** The pH of 6.5 is optimal for blackgram growth and nutrient availability.
*   **Temperature & Humidity:** Warm temperatures (28°C) and moderate humidity are favorable.
*   **Rainfall & Water Use:** 1000mm rainfall is generally adequate for its short duration (65-75 days), and it tolerates some moisture stress better than rice. It has relatively lower water requirements.
*   **Nutrient Management:** As a legume, blackgram fixes atmospheric nitrogen, significantly benefiting the soil and reducing the need for external nitrogen fertilizer. It will benefit from supplementary Phosphorus and Potassium.
*   **Season & Rotation:** Its very short duration makes it an excellent choice for the Kuruvai season, especially for crop rotation or as an intercrop, improving soil health and fertility after paddy or groundnut.

**Expected Yield:**
*   **0.8 – 1.2 tonnes/hectare** (T/ha) for improved varieties under good management.

**Best Planting Time:**
*   **July – August** (can be planted after an early rice variety or as a primary pulse crop in the season).

---

**Important Agricultural Advisor's Note:**
Given the low initial NPK levels in your soil, **strategic and timely application of fertilizers** based on soil test recommendations will be paramount for all recommended crops to achieve optimal yields. Additionally, for sandy soils, frequent but lighter irrigation might be more effective than infrequent, heavy irrigation to maintain adequate moisture without leaching nutrients. Consider incorporating organic matter (e.g., farmyard manure, compost) to improve the water and nutrient holding capacity of your sandy soil over time."
2026-03-09 20:10:33,crop_recommendation,50,40,50,6.5,50,Sandy,28,65,1000,Kuruvai (Jun – Sep) – TN Early Kharif,Tamil Nadu – Cauvery Delta,,,,"As an agricultural advisor, considering the specific conditions of your farm in the Cauvery Delta during the Kuruvai season, here are the top crop recommendations:

---

### **1. Top 3 Recommended Crops with Suitability Score**

1.  **Paddy (Rice) - Short Duration Varieties:**
    *   **Suitability Score:** 9.5/10
2.  **Green Gram (Mung Bean):**
    *   **Suitability Score:** 9/10
3.  **Groundnut:**
    *   **Suitability Score:** 8.5/10

---

### **2. Why Each Crop Suits These Conditions**

*   **1. Paddy (Rice) - Short Duration Varieties**
    *   **Regional & Seasonal Fit:** The Cauvery Delta is the traditional ""rice bowl"" of Tamil Nadu, and Kuruvai (June-September) is a prime rice-growing season, typically relying on early monsoon rains and/or irrigation from the Mettur dam.
    *   **Climate:** The temperature (28°C), high humidity (65%), and substantial rainfall (1000mm during the season) are ideal for rice cultivation, especially short-duration varieties.
    *   **Soil pH:** The pH of 6.5 is perfectly within the optimal range for rice (typically 5.5-7.0).
    *   **Water Availability:** The 1000mm rainfall over 4 months provides ample moisture, and the region's infrastructure often supports supplementary irrigation.
    *   **Sandy Soil Management:** While traditional lowland rice prefers clayey soils, sandy soils in the delta are commonly managed for paddy through puddling (which helps reduce percolation), adding organic matter, and frequent water management. Short-duration varieties also spend less time in the field, reducing overall water demand.
    *   **Nutrient Management:** Although current NPK levels are low, rice is a heavy feeder, and these deficiencies can be effectively addressed with targeted fertilization, which is standard practice for high yields.

*   **2. Green Gram (Mung Bean)**
    *   **Soil Type:** Green gram thrives in well-drained sandy to sandy loam soils, making your sandy soil suitable.
    *   **Climate:** It prefers warm, humid conditions, which perfectly match your specified temperature (28°C) and humidity (65%).
    *   **Rainfall:** The 1000mm rainfall is sufficient for its water requirements, especially if well-distributed. It's relatively drought-tolerant compared to rice, offering resilience.
    *   **Nutrient Economy:** As a legume, green gram fixes atmospheric nitrogen in the soil, reducing the need for external nitrogen fertilization and improving soil fertility for subsequent crops – a significant advantage given your low N levels. It also has lower overall nutrient demands compared to rice.
    *   **Crop Diversification/Rotation:** Growing green gram in rotation with rice or as an intercrop improves soil health, breaks pest and disease cycles, and diversifies income.

*   **3. Groundnut**
    *   **Soil Type:** Groundnut is particularly well-suited for sandy and sandy loam soils because the pods develop underground and require loose, well-drained soil for easy penetration and harvesting. Your sandy soil is ideal.
    *   **Climate:** It prefers warm temperatures (25-30°C) and moderate humidity, which aligns well with your 28°C and 65% humidity.
    *   **Rainfall:** The 1000mm rainfall is generally adequate for groundnut, especially if uniformly distributed throughout its growth cycle. It can tolerate some dry spells but yields best with consistent moisture.
    *   **Nutrient Economy:** Like green gram, groundnut is a legume and contributes to nitrogen fixation, benefiting the soil. It has moderate nutrient requirements that can be managed with fertilization.
    *   **Cash Crop:** Groundnut is a valuable cash crop in Tamil Nadu, providing a good market return.

---

### **3. Expected Yield**

*   **1. Paddy (Rice) - Short Duration Varieties:**
    *   **Expected Yield:** 4.0 - 6.0 tonnes per hectare (t/ha) of paddy, with good management and appropriate fertilization to address initial low soil nutrient levels.
*   **2. Green Gram (Mung Bean):**
    *   **Expected Yield:** 0.8 - 1.2 tonnes per hectare (t/ha) of dry beans.
*   **3. Groundnut:**
    *   **Expected Yield:** 1.5 - 2.5 tonnes per hectare (t/ha) of dry pods.

---

### **4. Best Planting Time**

*   **1. Paddy (Rice) - Short Duration Varieties:**
    *   **Best Planting Time:** Mid-June to Mid-July (coinciding with the onset of the Southwest Monsoon and Mettur water release for Kuruvai).
*   **2. Green Gram (Mung Bean):**
    *   **Best Planting Time:** Late June to Mid-July (as a sole crop or intercrop, after the initial monsoon showers stabilize).
*   **3. Groundnut:**
    *   **Best Planting Time:** Mid-June to Early July (to utilize the bulk of the Kuruvai season rainfall for optimal growth and pod development)."
2026-03-09 20:13:05,crop_recommendation,50,40,50,6.5,50,Sandy,28,65,1000,Kuruvai (Jun – Sep) – TN Early Kharif,Tamil Nadu – Cauvery Delta,,,,"Error: 429 You exceeded your current quota, please check your plan and billing details. For more information on this error, head to: https://ai.google.dev/gemini-api/docs/rate-limits. To monitor your current usage, head to: https://ai.dev/rate-limit. 
* Quota exceeded for metric: generativelanguage.googleapis.com/generate_content_free_tier_requests, limit: 20, model: gemini-2.5-flash
Please retry in 53.881077203s. [links {
  description: ""Learn more about Gemini API quotas""
  url: ""https://ai.google.dev/gemini-api/docs/rate-limits""
}
, violations {
  quota_metric: ""generativelanguage.googleapis.com/generate_content_free_tier_requests""
  quota_id: ""GenerateRequestsPerDayPerProjectPerModel-FreeTier""
  quota_dimensions {
    key: ""model""
    value: ""gemini-2.5-flash""
  }
  quota_dimensions {
    key: ""location""
    value: ""global""
  }
  quota_value: 20
}
, retry_delay {
  seconds: 53
}
]. Please try again."
2026-03-09 20:15:42,crop_recommendation,50,40,50,6.5,50,Sandy,28,65,1000,Kuruvai (Jun – Sep) – TN Early Kharif,Tamil Nadu – Cauvery Delta,,,,"As your agricultural advisor, considering the specific conditions in the Cauvery Delta region during the Kuruvai season, here are my top recommendations for optimal crop selection:

### 1. Top 3 Recommended Crops with Suitability Score

1.  **Paddy (Rice)** - Suitability Score: **9.5/10**
2.  **Groundnut (Peanut)** - Suitability Score: **9.0/10**
3.  **Short Duration Pulses (Greengram/Blackgram)** - Suitability Score: **8.5/10**

---

### 2. Why Each Crop Suits These Conditions

#### 1. Paddy (Rice)
*   **Region & Season:** The Cauvery Delta is the ""rice bowl"" of Tamil Nadu, and Kuruvai (Early Kharif) is a primary rice growing season, perfectly aligned with the Southwest monsoon and the established irrigation infrastructure.
*   **Environment:** The tropical temperature (28°C), high humidity (65%), and significant rainfall (1000mm) are ideal for rice cultivation, which is a water-intensive crop.
*   **Soil (Management Required):** While paddy typically prefers heavier soils like clay or clay-loam for better water retention, it can be successfully grown in sandy soils in the Cauvery Delta due to assured irrigation and proper nutrient management. The pH of 6.5 is excellent for rice.
*   **Water Availability:** The 1000mm rainfall combined with the Cauvery Delta's irrigation system ensures the high water demands of rice are met.
*   **Nutrient Management:** Given the low-medium NPK values (N=50, P=40, K=50), supplemental fertilization (especially N) will be crucial for optimal yield, which is standard practice for high-yielding rice varieties.

#### 2. Groundnut (Peanut)
*   **Soil:** Groundnut thrives in sandy or sandy-loam soils due to its need for easy peg penetration and pod development. The sandy soil type is a significant advantage here. The pH of 6.5 is perfectly suited. It also tolerates the low-medium NPK values better than high-demanding crops, though balanced fertilization is still beneficial.
*   **Environment:** The warm temperature (28°C), moderate humidity (65%), and good rainfall (1000mm) are highly favorable for groundnut growth. It requires adequate moisture during flowering and pegging but is susceptible to waterlogging, which sandy soil helps prevent.
*   **Season & Region:** Groundnut is a major oilseed crop in Tamil Nadu and is well-suited for the Kharif season, often grown as a rainfed or semi-irrigated crop during this period.

#### 3. Short Duration Pulses (Greengram / Blackgram)
*   **Soil:** Pulses are well-adapted to sandy and sandy-loam soils, tolerating moderate moisture levels. They are less demanding in terms of soil fertility, especially nitrogen, due to their nitrogen-fixing capabilities, which will also help improve the low nitrogen content of your soil for subsequent crops. The pH of 6.5 is ideal.
*   **Environment:** The warm temperature (28°C) and moderate humidity are conducive. While 1000mm rainfall is high, pulses are generally tolerant and can thrive, especially with sandy soil preventing waterlogging.
*   **Season & Duration:** Short-duration varieties of greengram and blackgram are excellent choices for the Kuruvai season, allowing for quick crop cycles. They fit well into existing farming systems as rotation crops or even intercrops.
*   **Resource Efficiency:** They have lower water requirements compared to rice, making them a good diversification option, and their ability to fix atmospheric nitrogen reduces the need for external nitrogenous fertilizers.

---

### 3. Expected Yield (Under Good Management)

*   **Paddy (Rice):** 4.5 – 6.0 tons per hectare (t/ha) of milled rice.
*   **Groundnut:** 2.0 – 2.8 tons per hectare (t/ha) of dry pods.
*   **Short Duration Pulses (Greengram/Blackgram):** 0.8 – 1.2 tons per hectare (t/ha) of dry grains.

---

### 4. Best Planting Time

*   **Paddy (Rice):** Mid-June to Mid-July (specifically, around June 15th to July 15th, depending on water release from Mettur Dam for Kuruvai).
*   **Groundnut:** Mid-June to Mid-July.
*   **Short Duration Pulses (Greengram/Blackgram):** Mid-June to End-July.

---

**General Recommendation:**
Given the 'low-medium' NPK values across the board, it is highly recommended to perform a detailed soil test to get precise fertilizer recommendations. Supplementing with organic matter (e.g., farmyard manure, compost) will also significantly improve the water and nutrient retention capacity of your sandy soil, benefiting all chosen crops. Always select high-yielding, pest and disease-resistant varieties suitable for the specific agro-climatic zone."
2026-03-16 19:18:34,crop_recommendation,50,40,50,6.5,50,Sandy,28,65,1000,Kuruvai (Jun – Sep) – TN Early Kharif,Tamil Nadu – Cauvery Delta,,,,"As an agricultural advisor, based on the conditions provided for the Cauvery Delta region of Tamil Nadu during the Kuruvai season, here are my top crop recommendations:

**Analysis of Conditions:**

*   **Soil (Sandy, pH 6.5, Low-Medium NPK):** Sandy soil drains quickly, has low water holding capacity, and low nutrient retention. This means crops preferring well-drained soil will thrive, but consistent moisture (from rainfall or irrigation) is vital. Nutrient management (especially split application) will be critical. pH is ideal for most crops.
*   **Environment (Warm, Moderate Humidity, Good Rainfall):** 28°C is excellent for tropical crops. 1000mm rainfall is substantial, but its distribution during the Kuruvai season (June-September) is key. High humidity can favor certain diseases.
*   **Season (Kuruvai / Early Kharif):** This is the main short-duration cropping season in Tamil Nadu, characterized by monsoon onset.
*   **Region (Cauvery Delta):** Traditionally a rice-growing basin, but diversification is possible and often beneficial, especially with sandy soils.

---

### 1. Paddy (Rice) - Short Duration Varieties

*   **Suitability Score:** 9/10
*   **Why it suits these conditions:**
    *   **Regional Staple:** Paddy is the predominant crop in the Cauvery Delta and is culturally and agriculturally well-adapted to the region's climate.
    *   **Temperature & Rainfall:** 28°C is ideal for rice growth, and 1000mm rainfall, especially if well-distributed during the monsoon, can largely meet its water requirements.
    *   **Kuruvai Season:** Short-duration varieties (100-115 days) are specifically bred and recommended for the Kuruvai season in Tamil Nadu (e.g., ADT series, CO series).
    *   **Nutrient Management:** While sandy soil isn't ideal for traditional transplanted rice due to percolation, modern techniques like Direct Seeded Rice (DSR) or System of Rice Intensification (SRI) are well-suited. These methods, combined with split application of fertilizers, can manage nutrient leaching and improve water use efficiency in sandy soils. Proper puddling for transplanted rice can also help reduce seepage.
*   **Expected Yield:** 4.5 - 6.0 tonnes/hectare (for improved short-duration varieties with good management).
*   **Best Planting Time:** Mid-June to Early July (to coincide with the onset of Southwest Monsoon and ensure crop maturity before Northeast Monsoon).

---

### 2. Groundnut (Peanut)

*   **Suitability Score:** 9/10
*   **Why it suits these conditions:**
    *   **Sandy Soil Preference:** Groundnut thrives in sandy to sandy loam soils. The loose texture of sandy soil allows for easy penetration of pegs (gyonophores) into the soil for pod development, which is crucial for good yield.
    *   **Temperature & Rainfall:** 28°C is optimal for groundnut growth. While it requires consistent moisture, it can tolerate short dry spells better than paddy. 1000mm rainfall is generally sufficient for its growth cycle.
    *   **Nutrient Efficiency:** As a legume, groundnut fixes atmospheric nitrogen, reducing its dependence on external nitrogen fertilizers. It also responds well to phosphorus and potassium.
    *   **Crop Diversification:** A good alternative to paddy, improving soil health and providing a valuable cash crop.
*   **Expected Yield:** 2.0 - 3.0 tonnes/hectare (pods in shell, with good management).
*   **Best Planting Time:** Mid-June to Mid-July (after initial monsoon rains stabilize).

---

### 3. Blackgram (Urad Dal)

*   **Suitability Score:** 8.5/10
*   **Why it suits these conditions:**
    *   **Soil Type Adaptability:** Blackgram can perform well in sandy loam to loamy soils, making it suitable for sandy soils with moderate organic matter. It prefers well-drained conditions.
    *   **Nitrogen Fixation:** Being a legume, it enriches the soil with nitrogen, benefiting subsequent crops and reducing the need for synthetic nitrogen fertilizers.
    *   **Short Duration & Season:** Many blackgram varieties are short-duration (65-80 days), fitting perfectly into the Kuruvai season.
    *   **Moderate Water Requirement:** While sensitive to waterlogging, it can effectively utilize the monsoon rainfall and is relatively drought-tolerant compared to paddy once established.
    *   **Temperature:** 28°C is favorable for its growth and development.
*   **Expected Yield:** 1.0 - 1.5 tonnes/hectare (for improved varieties with good management).
*   **Best Planting Time:** Late June to Mid-July (after initial monsoon rains, ensuring good soil moisture for germination).

---

**Important Agricultural Advisor Notes:**

*   **Fertilizer Management:** For sandy soils, nutrient leaching is high. It is highly recommended to apply fertilizers in split doses (e.g., N in 2-3 splits, K in 2 splits) to maximize nutrient use efficiency for all recommended crops. A basal dose along with top-dressing based on crop stage is crucial.
*   **Organic Matter:** Incorporating farmyard manure (FYM) or compost will significantly improve the water holding capacity and nutrient retention of the sandy soil.
*   **Soil Testing:** While general nutrient levels are provided, conducting a detailed soil test before each season is always recommended to fine-tune nutrient application based on specific field conditions.
*   **Variety Selection:** Always choose recommended short-duration, high-yielding, and disease-resistant varieties released by agricultural universities specific to Tamil Nadu (e.g., TNAU varieties)."
2026-03-16 19:24:51,crop_recommendation,88,65,106,6.8,54,Sandy,24,53,1206,Kuruvai (Jun – Sep) – TN Early Kharif,Tamil Nadu – Cauvery Delta,,,,"Error: 429 You exceeded your current quota, please check your plan and billing details. For more information on this error, head to: https://ai.google.dev/gemini-api/docs/rate-limits. To monitor your current usage, head to: https://ai.dev/rate-limit. 
* Quota exceeded for metric: generativelanguage.googleapis.com/generate_content_free_tier_requests, limit: 5, model: gemini-2.5-flash
Please retry in 9.190519691s. [links {
  description: ""Learn more about Gemini API quotas""
  url: ""https://ai.google.dev/gemini-api/docs/rate-limits""
}
, violations {
  quota_metric: ""generativelanguage.googleapis.com/generate_content_free_tier_requests""
  quota_id: ""GenerateRequestsPerMinutePerProjectPerModel-FreeTier""
  quota_dimensions {
    key: ""model""
    value: ""gemini-2.5-flash""
  }
  quota_dimensions {
    key: ""location""
    value: ""global""
  }
  quota_value: 5
}
, retry_delay {
  seconds: 9
}
]. Please try again."
2026-03-16 19:27:34,crop_recommendation,88,65,106,6.8,54,Sandy,24,53,1206,Kuruvai (Jun – Sep) – TN Early Kharif,Tamil Nadu – Cauvery Delta,,,,"As an agricultural advisor, based on the provided conditions for the Cauvery Delta region of Tamil Nadu during the Kuruvai season (Jun – Sep), here are my top crop recommendations:

---

### Environmental and Soil Analysis Summary:

*   **Soil:** Sandy type with good pH (6.8), moderate-high NPK levels (N=88, P=65, K=106), and good moisture (54%). Sandy soil means good drainage but lower water and nutrient retention, requiring careful management.
*   **Climate:** Warm temperature (24°C), moderate humidity (53%), and high rainfall (1206mm) during the Kuruvai season. This indicates a favorable environment for rainfed or supplementary irrigated tropical crops.

---

### 1. Recommended Crops

#### Crop 1: Paddy (Rice)
*   **Suitability Score:** 9/10

#### Crop 2: Groundnut (Peanut)
*   **Suitability Score:** 9.5/10

#### Crop 3: Blackgram (Urad Dal)
*   **Suitability Score:** 8.5/10

---

### 2. Why Each Crop Suits These Conditions:

#### **1. Paddy (Rice)**
*   **Why it suits:**
    *   **Region & Season:** Paddy is the staple crop of the Cauvery Delta and the Kuruvai season is traditionally dedicated to its cultivation, leveraging the monsoon rains.
    *   **Water Availability:** The high rainfall (1206mm) perfectly supports the high water requirements of rice, making it suitable for rainfed or supplementary irrigated cultivation.
    *   **Temperature:** The 24°C temperature is ideal for rice growth and development.
    *   **Soil pH & Nutrients:** The pH of 6.8 is well within the optimal range for rice. The existing NPK levels are good, though supplementary fertilization based on soil testing during critical stages will be beneficial.
    *   **Adaptation to Sandy Soil:** While clayey loams are ideal, rice can be successfully grown in sandy soils with proper puddling, organic matter incorporation (to improve water retention), and efficient water management.

#### **2. Groundnut (Peanut)**
*   **Why it suits:**
    *   **Soil Type:** Groundnut *thrives* in well-drained, loose sandy and sandy-loam soils. The given sandy soil is perfect for peg penetration and pod development, ensuring good quality and ease of harvesting.
    *   **Temperature:** The 24°C temperature is ideal for groundnut vegetative growth and pod formation.
    *   **Rainfall:** Moderate to high rainfall (1206mm) during the Kuruvai season is generally sufficient for groundnut, especially during critical flowering and pod development stages.
    *   **pH & Nutrients:** The pH of 6.8 is highly suitable. Groundnut is a leguminous crop, meaning it fixes atmospheric nitrogen, reducing the need for external nitrogen inputs (though a starter dose is good). The existing P and K levels are also favorable.
    *   **Season:** Groundnut is a short to medium-duration crop, making it an excellent fit for the Kuruvai season.

#### **3. Blackgram (Urad Dal)**
*   **Why it suits:**
    *   **Soil Type:** Blackgram prefers well-drained sandy loam to loamy soils. The sandy soil, coupled with good drainage, prevents waterlogging which this crop dislikes.
    *   **Temperature & Rainfall:** The warm temperature (24°C) and good rainfall are conducive for blackgram growth. It can tolerate moderate moisture stress but performs well with adequate rain.
    *   **Season & Duration:** As a short-duration pulse crop (65-75 days), it's ideal for fitting into the Kuruvai season, either as a sole crop or as part of a rotation.
    *   **Soil Health:** Being a legume, blackgram fixes atmospheric nitrogen, enriching the soil with nitrogen and improving overall soil fertility for subsequent crops.
    *   **Nutrients & pH:** The pH of 6.8 is suitable, and the existing NPK levels are adequate for blackgram, requiring minimal additional inputs.

---

### 3. Expected Yield:

#### **1. Paddy (Rice)**
*   **Expected Yield:** 4.5 – 6.0 tons/ha (4500 – 6000 kg/ha) for high-yielding short-duration varieties, with good management practices.

#### **2. Groundnut (Peanut)**
*   **Expected Yield:** 2.0 – 3.0 tons/ha (2000 – 3000 kg/ha) of unshelled pods, depending on variety and management.

#### **3. Blackgram (Urad Dal)**
*   **Expected Yield:** 0.8 – 1.2 tons/ha (800 – 1200 kg/ha), depending on variety and field management.

---

### 4. Best Planting Time:

#### **1. Paddy (Rice)**
*   **Best Planting Time:** Mid-June to Mid-July (aligning with the onset of the Southwest Monsoon for Kuruvai season).

#### **2. Groundnut (Peanut)**
*   **Best Planting Time:** Late June to Early July (can extend to mid-July if monsoon is delayed).

#### **3. Blackgram (Urad Dal)**
*   **Best Planting Time:** Mid-June to Early July (to ensure the crop matures before heavy late monsoon rains and benefits from early moisture).

---

**Additional Recommendation:** Given the sandy soil, regular incorporation of organic matter (farmyard manure, compost, green manures) is highly recommended for all crops to improve soil structure, water retention, and nutrient holding capacity over the long term. Timely weed management and appropriate pest and disease control measures will also be crucial for maximizing yields."
2026-03-16 19:29:30,nutrient_advisory,50,40,50,6.5,,Sandy,,,,,,Rice,,,"Hello Farmer,

Based on your soil data, here's a comprehensive fertilizer recommendation for your rice crop. Rice is a heavy feeder, and managing nutrients well, especially in sandy soils, is key to good yields.

---

### 1. Nutrient Analysis

*   **Nitrogen (N): 50 kg/ha - Deficient.**
    *   Rice is a very demanding crop for Nitrogen. 50 kg/ha is significantly lower than what a high-yielding rice variety needs. Nitrogen deficiency will severely limit tillering, leaf growth, and overall yield.
*   **Phosphorus (P): 40 kg/ha - Adequate, but borderline.**
    *   This level is generally considered adequate for rice. However, in sandy soils, P can be less available or leach more easily, and early P is crucial for root development. We'll recommend a maintenance dose.
*   **Potassium (K): 50 kg/ha - Adequate, but borderline.**
    *   Similar to P, 50 kg/ha is on the lower end of adequate. Rice needs good K for straw strength, disease resistance, and grain filling. Sandy soils also tend to leach K more readily.
*   **pH: 6.5 - Optimal.**
    *   This pH is ideal for rice growth and nutrient availability. No pH correction is needed.
*   **Soil Type: Sandy - Important Consideration!**
    *   Sandy soils have low Cation Exchange Capacity (CEC), meaning they don't hold onto nutrients (especially N and K) very well. Nutrients can leach out quickly with heavy rainfall or irrigation. This means we need to apply fertilizers in *split doses*. Sandy soils also tend to have lower organic matter.

---

### 2. Fertilizer Recommendations (Which fertilizers and how much per hectare)

To achieve good yields, we need to supplement your soil with N, a maintenance dose of P, and a good dose of K, keeping in mind the sandy soil.

**Target Applied Nutrients:**
*   **Nitrogen (N):** 90-100 kg N/ha (in addition to your soil's 50 kg/ha)
*   **Phosphorus (P2O5):** 40-50 kg P2O5/ha
*   **Potassium (K2O):** 30-40 kg K2O/ha

**Recommended Fertilizers:**

1.  **Urea (46-0-0):** For Nitrogen
2.  **Di-ammonium Phosphate (DAP, 18-46-0):** For Phosphorus and some Nitrogen
3.  **Muriate of Potash (MOP, 0-0-60):** For Potassium
4.  **Zinc Sulfate (ZnSO4):** For Zinc (common deficiency in rice, especially in sandy soils).

**Calculated Fertilizer Amounts per Hectare:**

*   **DAP (18-46-0):** **100 kg/ha** (Provides 18 kg N and 46 kg P2O5)
    *   *Calculation:* To get 46 kg P2O5 from DAP (which is 46% P2O5), you need 46 / 0.46 = 100 kg DAP. This will also provide 100 * 0.18 = 18 kg N.
*   **MOP (0-0-60):** **60 kg/ha** (Provides 36 kg K2O)
    *   *Calculation:* To get 36 kg K2O from MOP (which is 60% K2O), you need 36 / 0.60 = 60 kg MOP.
*   **Urea (46-0-0):** **160 kg/ha** (Provides 74 kg N)
    *   *Calculation:* We need a total of 90-100 kg applied N. DAP provides 18 kg N. So, we need an additional 90 - 18 = 72 kg N (or 100-18=82 kg N). Let's aim for ~74 kg N from Urea. 74 / 0.46 = 160 kg Urea.
*   **Zinc Sulfate (ZnSO4 - 33% Zn):** **10 kg/ha** (Critical for rice in many areas, especially sandy soils)

**Summary of Fertilizers to Buy:**
*   **DAP (18-46-0): 100 kg/ha**
*   **MOP (0-0-60): 60 kg/ha**
*   **Urea (46-0-0): 160 kg/ha**
*   **Zinc Sulfate (33% Zn): 10 kg/ha**

---

### 3. Application Schedule (When to apply)

Due to your sandy soil type, **split application** is crucial to prevent nutrient leaching and ensure nutrients are available when the plant needs them most.

*   **Basal Application (At planting/transplanting):**
    *   **All DAP (100 kg/ha)**
    *   **Half MOP (30 kg/ha)**
    *   **One-third Urea (approx. 55 kg/ha)**
    *   **All Zinc Sulfate (10 kg/ha)**
    *   *Reason:* Phosphorus is immobile and needed for early root development. Some N and K are needed to kickstart growth. Zinc is important from the start.

*   **First Top Dressing (20-30 Days After Transplanting/Sowing - DAT/DAS, during active tillering):**
    *   **One-third Urea (approx. 55 kg/ha)**
    *   **Half MOP (30 kg/ha)**
    *   *Reason:* This is a critical stage for tillering (forming new shoots). N boosts tillering, and K strengthens the plant and aids nutrient transport.

*   **Second Top Dressing (45-60 DAT/DAS - Panicle Initiation Stage):**
    *   **Remaining One-third Urea (approx. 50 kg/ha)**
    *   *Reason:* This N application supports the development of healthy panicles and grain filling, directly impacting yield.

---

### 4. Organic Options (Natural alternatives)

Incorporating organic matter is highly beneficial for sandy soils as it improves water retention, nutrient holding capacity, and overall soil health. While these are great for long-term soil health, they may not provide immediate, concentrated nutrient boosts like chemical fertilizers.

*   **Nitrogen (N):**
    *   **Farmyard Manure (FYM) or Compost:** Apply 5-10 tonnes/ha (well-decomposed).
    *   **Green Manure:** Grow leguminous crops (like Sesbania, Dhaincha, Sunn hemp) and incorporate them into the soil before planting rice. This can fix significant amounts of N.
    *   **Azolla:** A small aquatic fern that can fix atmospheric nitrogen; it can be grown in rice paddies.
    *   **Bio-fertilizers:** Azotobacter or Azospirillum (N-fixers).
*   **Phosphorus (P):**
    *   **Rock Phosphate:** A slow-release source, apply 200-300 kg/ha a few months before planting to allow it to break down.
    *   **Bone Meal:** Provides phosphorus and some calcium.
    *   **Phosphate Solubilizing Bacteria (PSB):** Bio-fertilizer that helps make existing soil P available.
*   **Potassium (K):**
    *   **Wood Ash:** Good source of K (be cautious with high amounts as it can increase pH, though your pH is ideal now).
    *   **Compost:** Contains a balanced set of nutrients, including K.
    *   **K-Mobilizing Bacteria (KMB):** Bio-fertilizer that helps release K from soil minerals.
*   **General Soil Health:**
    *   **Crop Residue Incorporation:** Chop and incorporate rice straw after harvest instead of burning.
    *   **Vermicompost:** High-quality compost produced by earthworms, rich in easily available nutrients.

---

### 5. pH Correction

*   **Your soil pH is 6.5, which is ideal for rice.** No pH correction is needed at this time.

---

### Practical Advice for Farmers:

*   **Water Management:** Proper water management in rice paddies (maintaining a shallow flood) is critical. It helps suppress weeds, moderate soil temperature, and significantly reduces nitrogen loss from leaching and denitrification, especially important in sandy soils.
*   **Even Application:** Ensure fertilizers are spread evenly across the field for uniform nutrient uptake and crop growth.
*   **Timely Application:** Adhere closely to the application schedule, especially for nitrogen. Missing a top-dressing can lead to substantial yield reduction.
*   **Observation:** Regularly observe your crop for any signs of nutrient deficiencies (e.g., yellowing leaves for N, purpling for P, brown leaf tips for K) and adjust if necessary, though this general recommendation should cover common needs.
*   **Soil Organic Matter:** Focus on long-term strategies to build soil organic matter through organic amendments and crop residue incorporation. This will significantly improve your sandy soil's fertility and water-holding capacity over time.
*   **Consult Local Experts:** While this is a tailored recommendation, always consult with your local agricultural extension officer. They can provide advice specific to your rice variety, local climate, and any specific pest or disease pressures.

By following these recommendations, you should be able to provide your rice crop with the nutrients it needs to achieve a healthy and productive yield, even with your sandy soil type. Good luck with your farming!"
2026-03-16 19:35:37,expert_advice,,,,,,,,,,,,,What is the best time to plant rice in North India?,"N=88, P=65, K=106, pH=6.8, Region=Tamil Nadu – Cauvery Delta","Thank you for providing the soil test results and region (Tamil Nadu – Cauvery Delta). However, your question asks about planting rice in **North India**.

Please note that the planting times and practices for North India are significantly different from the Cauvery Delta region of Tamil Nadu due to varying monsoon patterns, climate, and local conditions. The provided soil context (N=88, P=65, K=106, pH=6.8) is excellent for Tamil Nadu but isn't directly applicable to North Indian fields.

---

### Best Time to Plant Rice in North India (Kharif Season)

In North India, the primary rice growing season is the **Kharif season**, which relies heavily on the Southwest Monsoon.

The best and most common time to plant rice in North India is generally:

1.  **Nursery Sowing:** **Late May to early June.**
    *   Farmers typically start sowing rice seeds in raised nurseries around this time. This allows the seedlings to grow for 20-25 days before transplanting.

2.  **Transplanting:** **Mid-June to Mid-July.**
    *   The young rice seedlings are then transplanted from the nursery to the main fields. This timing is critical as it coincides with the onset and establishment of the **Southwest Monsoon**. The monsoon rains provide the abundant water required for puddling the fields and for the continuous growth of the rice crop.

**Key Principle:** The planting schedule is primarily dictated by the arrival and stability of the monsoon rains.

---

### Practical Advice for North Indian Farmers:

1.  **Watch the Monsoon:** The most crucial factor is the actual arrival of the monsoon. While mid-June to mid-July is the typical window, always be flexible. If the monsoon is delayed, you might need to delay transplanting slightly or rely on initial irrigation if available.
2.  **Prepare Nurseries in Advance:** Don't wait for the monsoon to start preparing your nurseries. Get your nursery beds ready and sow seeds in late May/early June so your seedlings are ready for transplanting as soon as sufficient monsoon rains arrive.
3.  **Water Management:** Rice is a water-intensive crop. Ensure your fields can hold water, often achieved through puddling (wet tillage) before transplanting, which helps reduce water percolation.
4.  **Variety Selection:** Choose rice varieties suitable for your local climate and expected monsoon duration.
    *   **Short-duration varieties** are good if the monsoon tends to recede early.
    *   **Medium-duration varieties** are common for stable monsoon regions.
    *   Consult your local agricultural extension office for recommended varieties specific to your district.
5.  **Soil Preparation:** Ensure your fields are well-levelled and properly prepared (puddled) before transplanting. Good puddling helps control weeds and makes transplanting easier.
6.  **Nutrient Management (General):** While your specific soil report is for Tamil Nadu, remember that North Indian soils also benefit from balanced nutrition. Get a soil test for *your specific field in North India* to understand its nutrient status (N, P, K, and micronutrients) and pH. This will guide your fertilizer application.
    *   **Nitrogen (N):** Often applied in splits.
    *   **Phosphorus (P) & Potassium (K):** Usually applied as basal doses or early.
7.  **Weed Control:** Early weed control is vital as weeds compete heavily with young rice plants for nutrients and sunlight. Consider hand weeding or appropriate herbicides.
8.  **Consult Local Experts:** Always check with your local Krishi Vigyan Kendra (KVK) or the State Agricultural Department. They can provide the most precise advice based on current weather forecasts, specific local conditions, and recommended practices for your exact area within North India.

By following these guidelines, North Indian farmers can optimize their rice planting schedule for a successful Kharif crop."
2026-03-16 19:41:27,ml_prediction,50,40,50,6.5,50,Sandy,28,65,1000,Kuruvai (Jun – Sep) – TN Early Kharif,Tamil Nadu – Cauvery Delta,,,,RF:Blackgram | LR:Pepper
2026-03-16 20:20:23,ml_prediction,50,40,50,6.5,50,Sandy,28,65,1000,Kuruvai (Jun – Sep) – TN Early Kharif,Tamil Nadu – Cauvery Delta,,,,RF:Blackgram | LR:Pepper
2026-03-16 20:20:33,ml_prediction,50,40,50,6.5,50,Sandy,28,65,1000,Kuruvai (Jun – Sep) – TN Early Kharif,Tamil Nadu – Cauvery Delta,,,,RF:Blackgram | LR:Pepper
2026-03-16 20:20:48,expert_advice,,,,,,,,,,,,,What is the best time to plant rice in North India?,"N=50, P=40, K=50, pH=6.5, Region=Tamil Nadu – Cauvery Delta","Error: 429 You exceeded your current quota, please check your plan and billing details. For more information on this error, head to: https://ai.google.dev/gemini-api/docs/rate-limits. To monitor your current usage, head to: https://ai.dev/rate-limit. 
* Quota exceeded for metric: generativelanguage.googleapis.com/generate_content_free_tier_requests, limit: 20, model: gemini-2.5-flash
Please retry in 11.789061008s. [links {
  description: ""Learn more about Gemini API quotas""
  url: ""https://ai.google.dev/gemini-api/docs/rate-limits""
}
, violations {
  quota_metric: ""generativelanguage.googleapis.com/generate_content_free_tier_requests""
  quota_id: ""GenerateRequestsPerDayPerProjectPerModel-FreeTier""
  quota_dimensions {
    key: ""model""
    value: ""gemini-2.5-flash""
  }
  quota_dimensions {
    key: ""location""
    value: ""global""
  }
  quota_value: 20
}
, retry_delay {
  seconds: 11
}
]. Please try again."
2026-03-16 20:23:38,expert_advice,,,,,,,,,,,,,What is the best time to plant rice in North India?,"N=50, P=40, K=50, pH=6.5, Region=Tamil Nadu – Cauvery Delta","While the context you provided (N=50, P=40, K=50, pH=6.5, Region=Tamil Nadu – Cauvery Delta) is very useful for rice cultivation in *that specific region*, your question is about **North India**. The planting times and practices can differ significantly due to varying climate and rainfall patterns.

Here's practical advice for planting rice in North India:

---

### Best Time to Plant Rice in North India

North India primarily has two main seasons for rice cultivation: the main **Kharif (monsoon) season** and, in some irrigated areas, the **Rabi (spring/summer) or Boro season**.

#### 1. Kharif Season (Main Rice Crop)

This is the most widespread and crucial rice planting period in North India, heavily relying on the monsoon rains.

*   **Nursery Sowing:** Mid-May to End-June
    *   **Practical Tip:** Start preparing your nursery beds as soon as pre-monsoon showers begin or adequate irrigation is available, usually around **mid-May to mid-June**. This allows seedlings to grow for 20-30 days before transplanting.
*   **Transplanting:** Mid-June to Mid-July
    *   **Practical Tip:** The ideal time for transplanting 20-30 day old seedlings is **from the last week of June to the third week of July**. This aligns with the arrival and establishment of the monsoon, ensuring sufficient water for the young plants. Timely transplanting is crucial for optimal yield. Delaying beyond July can significantly reduce yields.
*   **Harvesting:** October to November

**Why this time is best:**
*   **Monsoon Rains:** Provides natural irrigation, reducing reliance on groundwater or canals.
*   **Temperature:** Warm temperatures during the growing phase are ideal for rice development.
*   **Sunlight:** Sufficient sunlight hours for photosynthesis.

#### 2. Rabi / Boro Season (Second Crop in Irrigated Areas)

This season is typically limited to areas with assured irrigation (e.g., canals, tube wells) as it falls outside the main monsoon period. It's more common in parts of Eastern Uttar Pradesh, Bihar, and West Bengal within North India.

*   **Nursery Sowing:** Mid-October to December
    *   **Practical Tip:** If you have assured irrigation and intend to grow Boro rice, prepare nurseries from **mid-October to December**.
*   **Transplanting:** December to January
    *   **Practical Tip:** Transplant 30-45 day old seedlings from **December to January**. This crop will grow through the cooler winter months and mature in spring.
*   **Harvesting:** March to May

**Why this time is considered:**
*   **Off-season:** Utilizes land during winter/spring and provides an additional income source.
*   **Irrigation Dependent:** Requires consistent water supply, as there's no significant rainfall.

---

### Helpful Advice for North Indian Farmers:

1.  **Monitor Weather Forecasts:** Pay close attention to monsoon arrival predictions from the local meteorological department. This helps in timely nursery preparation and transplanting.
2.  **Seedling Age is Key:** For Kharif rice, transplanting 20-30 day old seedlings generally gives the best results. Older or younger seedlings can impact yield.
3.  **Variety Selection:**
    *   **Kharif:** Choose high-yielding varieties (HYVs) or hybrids suited for your region's climate and duration (short, medium, or long duration). Shorter duration varieties can be planted slightly later if monsoon is delayed.
    *   **Rabi/Boro:** Select varieties specifically bred for the cooler Boro season, which are generally shorter duration.
4.  **Water Management:**
    *   **Kharif:** While monsoon-dependent, be prepared for dry spells. Ensure your fields have good bunds to retain water.
    *   **Rabi/Boro:** Irrigation is paramount. Plan your water schedule meticulously.
5.  **Soil Health:** Conduct a soil test every 2-3 years (even if not for this specific region, it's a good general practice). This helps determine actual nutrient requirements, rather than relying on general recommendations.
6.  **Direct Seeding vs. Transplanting:**
    *   **Direct Seeding (DSR):** An increasingly popular method, especially for Kharif, to save labor and water. If opting for DSR, sow dry seeds around **mid-June to early July** with the onset of monsoon. Ensure proper weed management is in place from the beginning.
    *   **Transplanting:** The traditional method, often leading to better weed control initially.
7.  **Consult Local Experts:** Always consult your local Krishi Vigyan Kendra (KVK), agricultural university extension services, or experienced fellow farmers. They can provide the most precise, hyper-local advice based on recent weather patterns and specific soil conditions in your tehsil or district.

By following these guidelines, you can optimize your rice planting schedule and maximize your yields in North India."
2026-03-16 20:24:51,nutrient_advisory,50,40,50,6.5,,Sandy,,,,,,Rice,,,"As an agricultural advisor, I've analyzed your soil data for rice cultivation. Here's a breakdown of nutrient status and practical fertilizer recommendations for your sandy soil with a pH of 6.5.

## 1. Nutrient Analysis

Based on your soil data and general requirements for high-yielding rice varieties, here's the assessment:

*   **Nitrogen (N): 50 kg/ha**
    *   **Status: Severely Deficient.** High-yielding rice typically requires 120-150 kg N/ha. Your current soil level is significantly below this, meaning substantial nitrogen application is crucial.
*   **Phosphorus (P): 40 kg/ha** (Note: Assuming this is extractable elemental P, which translates to approximately 92 kg P2O5 in the soil if it were all available, but typically soil tests are interpreted against 'available' P or P2O5 recommendations).
    *   **Status: Moderately Deficient to Adequate.** While 40 kg/ha P might seem sufficient, for high yields on sandy soil (which can have lower inherent fertility and potentially reduced P availability), a maintenance dose of phosphorus is still recommended to ensure optimal plant uptake and compensate for potential fixation or limitations. We will aim for an application of 40 kg P2O5/ha.
*   **Potassium (K): 50 kg/ha** (Assuming this is extractable elemental K, which translates to approximately 60 kg K2O in the soil).
    *   **Status: Moderately Deficient.** High-yielding rice typically requires 60-120 kg K2O/ha. Your soil level is at the lower end of the adequate range. Given that sandy soils are prone to potassium leaching, a significant application of potassium is essential. We will aim for an application of 80 kg K2O/ha.
*   **pH: 6.5**
    *   **Status: Optimal.** This pH range (6.0-7.0) is ideal for rice growth, allowing for good nutrient availability. No pH correction is needed.
*   **Soil Type: Sandy**
    *   **Implications:** Sandy soils have a low cation exchange capacity (CEC), meaning they hold onto nutrients poorly. Nitrogen and Potassium are particularly susceptible to leaching. This necessitates split applications of these nutrients to maximize efficiency and minimize losses. Organic matter content is usually low in sandy soils, impacting nutrient retention and water holding capacity.

## 2. Fertilizer Recommendations

To achieve high yields, we will target an application of approximately **130 kg N, 40 kg P2O5, and 80 kg K2O per hectare**.

**Recommended Fertilizers and Quantities (per hectare):**

*   **Di-ammonium Phosphate (DAP, 18-46-0):** 87 kg/ha
    *   *Provides:* ~15.7 kg N and 40 kg P2O5
*   **Muriate of Potash (MOP, 0-0-60):** 133 kg/ha
    *   *Provides:* 80 kg K2O
*   **Urea (46-0-0):** 250 kg/ha
    *   *Provides:* ~115 kg N

**Total Nutrients Applied:** Approximately 130.7 kg N, 40 kg P2O5, and 80 kg K2O per hectare.

## 3. Application Schedule (Split Application for Sandy Soil)

To optimize nutrient uptake and minimize losses due to leaching in sandy soil, a split application is critical for Nitrogen and Potassium.

**a) Basal Application (Pre-planting / Final Land Preparation):**
*   **When:** Just before transplanting or direct seeding, incorporated into the soil.
*   **What to Apply:**
    *   **DAP:** 87 kg/ha (provides all P2O5 for the crop)
    *   **MOP:** 44 kg/ha (approx. 1/3 of total K2O)
    *   **Urea:** 59 kg/ha (approx. 1/3 of total N needed, after accounting for N from DAP)
*   **Purpose:** To provide essential initial nutrients for root development and early plant vigor.

**b) First Topdressing (Active Tillering Stage):**
*   **When:** 15-25 days after transplanting (DAT) or direct seeding (DAS), when plants are actively tillering.
*   **What to Apply:**
    *   **Urea:** 93 kg/ha (approx. 1/3 of total N)
    *   **MOP:** 44 kg/ha (approx. 1/3 of total K2O)
*   **Purpose:** To support vigorous tillering, which directly influences the number of panicles and ultimately yield. Apply when the soil is moist or just before irrigation.

**c) Second Topdressing (Panicle Initiation / Booting Stage):**
*   **When:** 45-60 DAT/DAS, when the panicle begins to form inside the plant (booting stage).
*   **What to Apply:**
    *   **Urea:** 96 kg/ha (remaining 1/3 of total N)
    *   **MOP:** 45 kg/ha (remaining 1/3 of total K2O)
*   **Purpose:** To support panicle development, grain filling, and overall yield. This application is critical for grain quality and weight. Apply when the soil is moist or just before irrigation.

**Important Note on Water Management:** For sandy soils, maintaining standing water (puddled conditions) after transplanting can significantly help in reducing nutrient leaching, especially for nitrogen. Ensure good water management practices, especially around topdressing times.

## 4. Organic Options (Natural Alternatives)

Integrating organic matter is highly beneficial for sandy soils as it improves water retention, nutrient holding capacity, and overall soil health.

*   **Compost/Farmyard Manure (FYM):** Apply 5-10 tons/ha during final land preparation. This provides a slow-release source of N, P, K, and micronutrients, and significantly improves soil structure and water retention.
*   **Green Manure Crops:** Grow legumes like Sesbania (Dhaincha), Crotalaria, or Sunnhemp before rice. Incorporate them into the soil 2-3 weeks before transplanting. They fix atmospheric nitrogen and add organic matter.
*   **Biofertilizers:**
    *   **Azolla:** A small fern that hosts nitrogen-fixing blue-green algae. Can be grown in rice paddies to supply nitrogen.
    *   **Blue-Green Algae (BGA):** Nitrogen-fixing algae that thrive in waterlogged conditions.
    *   **Azotobacter/Azospirillum:** Free-living nitrogen-fixing bacteria.
    *   **Phosphorus Solubilizing Bacteria (PSB):** Help make soil phosphorus more available to plants.
*   **Rice Straw Incorporation:** If possible, chop and incorporate rice straw from the previous harvest. This recycles nutrients and adds organic matter, but ensure it decomposes well before the next crop to avoid nitrogen immobilization.
*   **Poultry Manure/Vermicompost:** Excellent sources of nutrients and organic matter. Apply 2-4 tons/ha poultry manure or 1-2 tons/ha vermicompost during land preparation.

## 5. pH Correction

Your soil pH is **6.5**, which is ideal for rice. Therefore, **no pH correction is needed** at this time.

*   **If pH were too low (acidic, e.g., < 5.5):** Agricultural lime (calcium carbonate) would be recommended to raise the pH.
*   **If pH were too high (alkaline, e.g., > 7.5):** Gypsum or elemental sulfur could be used to lower the pH, but this is less common for rice, which tolerates a slightly wider range of alkalinity.

## Practical Advice for Farmers

1.  **Soil Testing is Key:** Regularly test your soil (every 2-3 years) to monitor nutrient levels and adjust recommendations as needed. This ensures you're not over or under-fertilizing.
2.  **Micronutrients:** Sandy soils can often be deficient in micronutrients, especially **Zinc (Zn)**, which is crucial for rice. Consider applying **Zinc Sulfate (20-21% Zn)** at 20-30 kg/ha as a basal application or a foliar spray if deficiency symptoms appear.
3.  **Integrated Nutrient Management (INM):** Combine mineral fertilizers with organic options (compost, green manure) and biofertilizers. This approach is sustainable, improves soil health, and enhances nutrient use efficiency.
4.  **Water Management:** Maintain appropriate water levels in your rice fields, especially for sandy soils. Good water management prevents nutrient leaching and optimizes nutrient availability.
5.  **Fertilizer Application Technique:** Ensure uniform spreading of fertilizers. Calibrate your spreaders to apply the correct rates. Apply urea when leaves are dry to prevent burn.
6.  **Observe Your Crop:** Learn to recognize nutrient deficiency symptoms in rice. Yellowing of older leaves might indicate N deficiency, while purplish discoloration can suggest P deficiency. This allows for timely corrective measures.
7.  **Variety Selection:** Choose rice varieties that are well-suited to your local climate and soil conditions, and that respond well to good fertility management.

By following these recommendations, you can optimize nutrient management for your rice crop, leading to healthy growth and improved yields on your sandy soil."
2026-03-16 20:36:09,ml_prediction,50,40,50,6.5,50,Sandy,28,65,1000,Kuruvai (Jun – Sep) – TN Early Kharif,Tamil Nadu – Cauvery Delta,,,,RF:Blackgram | LR:Pepper
2026-03-16 20:47:19,crop_recommendation,50,40,50,6.5,50,Sandy,28,65,1000,Kuruvai (Jun – Sep) – TN Early Kharif,Tamil Nadu – Cauvery Delta,,,,"As an agricultural advisor, based on the provided conditions for the Cauvery Delta region of Tamil Nadu during the Kuruvai season (June-September), here are the top crop recommendations:

---

### **1. Top 3 Recommended Crops**

1.  **Paddy (Rice)** - Suitability Score: **95/100**
2.  **Groundnut (Peanut)** - Suitability Score: **88/100**
3.  **Blackgram (Urd Bean)** - Suitability Score: **85/100**

---

### **2. Why Each Crop Suits These Conditions**

#### **1. Paddy (Rice)**

*   **Soil Suitability:**
    *   **pH 6.5 (Slightly Acidic to Neutral):** Ideal pH range for paddy cultivation.
    *   **Sandy Type:** While sandy soils have lower water holding capacity, in the Cauvery Delta with dedicated irrigation systems and abundant rainfall during Kuruvai, this can be managed. Proper puddling can help reduce percolation losses.
    *   **Low NPK:** Paddy is a nutrient-intensive crop, and these low initial levels are typical. With proper fertilization (basal and top dressing), rice will thrive.
*   **Environmental Suitability:**
    *   **Temperature (28°C):** Optimal temperature for rice growth and development in tropical regions.
    *   **Humidity (65%):** Favorable for rice cultivation.
    *   **Rainfall (1000mm):** High rainfall during the Kuruvai season directly supports the high water requirements of rice, especially given the sandy soil.
    *   **Season (Kuruvai, Jun – Sep) & Region (Cauvery Delta):** This is the traditional rice bowl of Tamil Nadu, and Kuruvai is the primary rice-growing season, well-supported by the Southwest Monsoon and irrigation infrastructure.

#### **2. Groundnut (Peanut)**

*   **Soil Suitability:**
    *   **Sandy Type:** Groundnut *prefers* sandy or light sandy-loam soils. This is crucial for easy peg penetration, pod development, and easier harvesting without damaging the pods.
    *   **pH 6.5:** Suitable pH for groundnut cultivation.
    *   **Low NPK:** While groundnut fixes its own nitrogen, it has significant requirements for Phosphorus (P) and Potassium (K) for good pod formation and yield. These would need to be supplemented through fertilization.
*   **Environmental Suitability:**
    *   **Temperature (28°C):** Excellent temperature for groundnut growth.
    *   **Humidity (65%):** Generally manageable, though high humidity can sometimes increase disease risk (e.g., leaf spot). Good air circulation in sandy soils helps mitigate this.
    *   **Rainfall (1000mm):** Sufficient rainfall during its growth period, especially important during flowering and pegging stages.
    *   **Season (Kuruvai, Jun – Sep):** Fits well into the early Kharif season, benefiting from monsoon rains.

#### **3. Blackgram (Urd Bean)**

*   **Soil Suitability:**
    *   **Sandy Type:** Blackgram prefers well-drained soils, and sandy soil provides excellent drainage, preventing waterlogging which is detrimental to pulses.
    *   **pH 6.5:** Ideal pH range for blackgram.
    *   **Low NPK:** As a legume, blackgram can fix atmospheric nitrogen, reducing its dependence on external N fertilizers. However, P and K are still important for overall growth and yield, and should be supplied.
*   **Environmental Suitability:**
    *   **Temperature (28°C):** Optimal for blackgram growth.
    *   **Humidity (65%):** Generally favorable.
    *   **Rainfall (1000mm):** Sufficient for blackgram's relatively lower water requirement compared to rice. Its shorter duration allows it to utilize monsoon rains effectively.
    *   **Season (Kuruvai, Jun – Sep):** Blackgram varieties are commonly grown as a short-duration crop in the early Kharif (Kuruvai) season, often as an intercrop or following early rice varieties.

---

### **3. Expected Yield**

*(Yields are approximate and depend heavily on specific variety, farmer's practices, timely inputs, and pest/disease management)*

*   **Paddy (Rice):** 5.0 - 7.0 tons/hectare (of milled rice)
*   **Groundnut (Peanut):** 2.0 - 2.5 tons/hectare (of dry pods)
*   **Blackgram (Urd Bean):** 1.0 - 1.5 tons/hectare

---

### **4. Best Planting Time**

*   **Paddy (Rice):**
    *   **Nursery Sowing:** Mid-June to Early July
    *   **Transplanting:** Early July to Mid-July (typically 20-25 days after nursery sowing, depending on water release and monsoon establishment)
*   **Groundnut (Peanut):**
    *   **Sowing:** Early June to Mid-July (with the onset of reliable monsoon rains)
*   **Blackgram (Urd Bean):**
    *   **Sowing:** Late June to Early July (after the initial monsoon showers, as a standalone or intercrop)"
2026-03-16 20:49:02,nutrient_advisory,50,40,50,6.5,,Sandy,,,,,,Rice,,,"Error: 429 You exceeded your current quota, please check your plan and billing details. For more information on this error, head to: https://ai.google.dev/gemini-api/docs/rate-limits. To monitor your current usage, head to: https://ai.dev/rate-limit. 
* Quota exceeded for metric: generativelanguage.googleapis.com/generate_content_free_tier_requests, limit: 20, model: gemini-2.5-flash
Please retry in 57.485602361s. [links {
  description: ""Learn more about Gemini API quotas""
  url: ""https://ai.google.dev/gemini-api/docs/rate-limits""
}
, violations {
  quota_metric: ""generativelanguage.googleapis.com/generate_content_free_tier_requests""
  quota_id: ""GenerateRequestsPerDayPerProjectPerModel-FreeTier""
  quota_dimensions {
    key: ""model""
    value: ""gemini-2.5-flash""
  }
  quota_dimensions {
    key: ""location""
    value: ""global""
  }
  quota_value: 20
}
, retry_delay {
  seconds: 57
}
]. Please try again."
2026-03-16 21:44:05,crop_recommendation,50,40,50,6.5,50,Sandy,28,65,1000,Kuruvai (Jun – Sep) – TN Early Kharif,Tamil Nadu – Cauvery Delta,,,,"Greetings from your agricultural advisor! Based on the conditions provided for the Kuruvai season in the Cauvery Delta, Tamil Nadu, here are my top crop recommendations:

***

### 1. Top 3 Recommended Crops with Suitability Score

1.  **Paddy (Rice)** - **Suitability Score: 98/100**
2.  **Groundnut (Peanut)** - **Suitability Score: 92/100**
3.  **Blackgram (Urad Dal)** - **Suitability Score: 88/100**

***

### 2. Why Each Crop Suits These Conditions & Expected Yield & Best Planting Time

#### 1. Paddy (Rice)

*   **Why it Suits:**
    *   **Region & Season:** The Cauvery Delta is the ""rice bowl"" of Tamil Nadu, and Kuruvai (June-September) is one of its primary rice-growing seasons, benefiting from the southwest monsoon.
    *   **Temperature & Humidity:** The ambient temperature of 28°C and humidity of 65% are ideal for rice growth and development, which thrives in warm, humid conditions.
    *   **Rainfall:** 1000mm rainfall during the growing season is excellent for supporting rainfed or supplementary irrigated rice cultivation.
    *   **pH:** A soil pH of 6.5 is perfectly within the optimal range (5.5-7.0) for rice.
    *   **Sandy Soil:** While rice traditionally prefers clayey soils for water retention, the abundant rainfall and the delta's typical irrigation infrastructure (canals, groundwater) can compensate for the sandy soil's poor water retention. Proper puddling and organic matter addition can further improve water holding capacity.
    *   **Nutrients:** Rice is a heavy feeder, and while current NPK levels are moderate, it responds very well to applied fertilizers, ensuring good yields with appropriate nutrient management.
*   **Expected Yield:** 5-7 tonnes/hectare (with improved varieties and good management practices).
*   **Best Planting Time:** Mid-June to early July, coinciding with the onset of the Kuruvai season and monsoon rains.

#### 2. Groundnut (Peanut)

*   **Why it Suits:**
    *   **Sandy Soil:** Groundnut thrives in well-drained, loose sandy to sandy loam soils, which are crucial for easy peg penetration and uniform pod development. This is a significant advantage given your soil type.
    *   **Temperature:** The 28°C temperature is optimal for groundnut growth, which prefers warm climates (25-30°C).
    *   **Rainfall:** 1000mm distributed rainfall is highly favorable, though groundnut needs good drainage to prevent waterlogging, which sandy soil provides.
    *   **pH:** A pH of 6.5 is ideal for groundnut, promoting nutrient uptake and nodulation.
    *   **Region & Season:** Groundnut is a significant Kharif (monsoon) crop in Tamil Nadu, fitting well into the Kuruvai schedule for diversification or as a main crop if water availability for rice is a concern in specific pockets.
    *   **Nutrients:** As a legume, it fixes atmospheric nitrogen, reducing the need for external N fertilizers. It benefits from phosphorus and potassium.
*   **Expected Yield:** 1.5-2.5 tonnes/hectare (of dried pods, with good management).
*   **Best Planting Time:** Early July to mid-July.

#### 3. Blackgram (Urad Dal)

*   **Why it Suits:**
    *   **Soil Type:** Blackgram performs well on a wide range of soils, including sandy loams, as long as they are well-drained. The sandy soil here, with good drainage, is suitable.
    *   **Temperature & Humidity:** The warm temperature (28°C) and moderate humidity are conducive to blackgram growth.
    *   **Rainfall:** 1000mm rainfall during the season is ample, but blackgram is also relatively drought-tolerant once established, making it a robust choice.
    *   **pH:** The neutral pH of 6.5 is perfect for blackgram, supporting good root development and nitrogen fixation.
    *   **Region & Season:** Blackgram is a common short-duration pulse crop in Tamil Nadu during the Kharif season, often grown as a sole crop, intercrop, or a catch crop.
    *   **Nutrients:** Being a legume, it contributes to soil fertility through nitrogen fixation, making it an excellent crop for soil health and reducing reliance on synthetic nitrogen fertilizers. It is less demanding on nutrients compared to cereals.
*   **Expected Yield:** 0.8-1.2 tonnes/hectare (with improved varieties and good management).
*   **Best Planting Time:** Mid-June to late July.

***

**General Advice:**

*   **Soil Amendment:** For sandy soil, regular incorporation of organic matter (farmyard manure, compost, green manure) is highly recommended to improve water retention, nutrient holding capacity, and overall soil health, especially for high-yielding crops like rice.
*   **Nutrient Management:** While the current NPK levels are moderate, a detailed soil test and application of fertilizers based on crop requirements and soil analysis will be crucial for achieving optimal yields for all recommended crops.
*   **Pest and Disease Management:** Implement integrated pest and disease management strategies to protect your crops.
*   **Water Management:** Even with good rainfall, supplementary irrigation planning should be in place, especially during critical growth stages, given the lower water retention of sandy soil.

These recommendations aim to leverage the natural advantages of your region and season while mitigating challenges posed by the sandy soil, ensuring a productive Kuruvai season."
2026-03-16 21:45:16,ml_prediction,50,65,50,7.0,50,Loamy,28,65,1000,Kuruvai (Jun – Sep) – TN Early Kharif,Tamil Nadu – Cauvery Delta,,,,RF:Groundnut | LR:Muskmelon
2026-03-16 21:45:36,ml_prediction,50,65,50,7.0,50,Loamy,28,65,1000,Kuruvai (Jun – Sep) – TN Early Kharif,Tamil Nadu – Cauvery Delta,,,,RF:Groundnut | LR:Muskmelon
2026-03-16 21:48:51,ml_prediction,50,65,50,7.0,50,Loamy,28,65,1000,Kuruvai (Jun – Sep) – TN Early Kharif,Tamil Nadu – Cauvery Delta,,,,RF:Groundnut | LR:Muskmelon
2026-03-30 11:42:03,crop_recommendation,76,67,111,6.5,61,Sandy,28,49,1313,Kuruvai (Jun – Sep) – TN Early Kharif,Tamil Nadu – Cauvery Delta,,,,"As an agricultural advisor, considering the specific conditions provided for the Cauvery Delta region of Tamil Nadu during the Kuruvai season, here are the top crop recommendations:

**General Considerations for Sandy Soil:**
While sandy soils offer excellent drainage and warm up quickly, they have lower water and nutrient retention capacity. Given the high rainfall, good drainage is ensured, but a careful nutrient management plan with split applications of fertilizers will be crucial to maximize yields and minimize leaching.

---

### 1. Paddy (Rice)
*   **Suitability Score:** 9/10
*   **Why it suits these conditions:**
    *   **Regional & Seasonal Fit:** Paddy is the staple crop of the Cauvery Delta and the primary crop for the Kuruvai (early Kharif) season, with well-established infrastructure and local expertise.
    *   **High Water Requirement Met:** The high annual rainfall (1313mm) combined with warm temperatures (28°C) is ideal for paddy cultivation. Even with sandy soil, the assured irrigation in the Delta region can compensate for lower water retention.
    *   **Soil & pH:** The pH of 6.5 is optimal. While sandy soil is not traditionally preferred for water retention in lowland paddy, short-duration varieties adapted for such conditions, coupled with appropriate water management, can thrive.
    *   **Nutrient Levels:** Existing N, P, K levels provide a good base, though supplemental fertilization (especially N and K) will be necessary to achieve high yields due to high demands and potential leaching in sandy soil.
*   **Expected Yield:** 4.5 - 5.5 tonnes/hectare (for short-duration Kuruvai varieties)
*   **Best Planting Time:** Mid-June to Mid-July (transplanting short-duration varieties)

---

### 2. Groundnut (Peanut)
*   **Suitability Score:** 8.5/10
*   **Why it suits these conditions:**
    *   **Ideal Soil Type:** Sandy soil is *perfect* for groundnut cultivation, allowing for easy pegging and development of well-formed, clean pods.
    *   **Environmental Harmony:** Warm temperatures (28°C) are excellent for growth. The high rainfall is beneficial, but critically, the sandy soil ensures the necessary good drainage to prevent waterlogging and associated fungal diseases.
    *   **Nutrient Levels:** As a legume, groundnut fixes its own nitrogen, reducing external N requirements. The existing P levels are good, and K will require some supplementation for optimal pod development.
    *   **Crop Diversification:** Offers a valuable diversification from paddy, improving soil health and providing an alternative income stream.
*   **Expected Yield:** 2.5 - 3.5 tonnes/hectare (pod yield)
*   **Best Planting Time:** Mid-June to Mid-July (monsoon onset)

---

### 3. Maize (Corn)
*   **Suitability Score:** 8/10
*   **Why it suits these conditions:**
    *   **Optimal Temperature & Rainfall:** Maize thrives in warm temperatures (28°C) and benefits significantly from high rainfall (1313mm), provided there is good drainage, which the sandy soil facilitates.
    *   **Soil & pH:** The sandy soil is suitable for maize, especially when managed with proper nutrient and irrigation practices. pH 6.5 is ideal.
    *   **High Yield Potential:** Maize is a high-yielding crop, offering excellent returns. The existing nutrient levels provide a good starting point, but significant supplemental fertilization, particularly N, P, and K, will be essential to meet its high nutrient demands and compensate for sandy soil leaching.
    *   **Versatile Use:** Can be grown for grain (feed, industrial use) or fodder.
*   **Expected Yield:** 6.0 - 8.0 tonnes/hectare (grain yield)
*   **Best Planting Time:** Mid-June to Mid-July (monsoon onset)"
2026-03-30 12:33:03,crop_recommendation,113,94,150,7.9,79,Sandy,37,82,2141,Navarai (Jan – Mar) – TN Summer Crop,Tamil Nadu – Nilgiris / High Altitude Zone,,,,"As an agricultural advisor, considering the unique combination of high temperatures, alkaline sandy soil with high moisture, and extremely high rainfall in the Nilgiris (even during a specified hot Navarai season), here are the top crop recommendations:

---

### 1. Okra (Lady's Finger)

*   **Suitability Score:** 9.5/10
*   **Why it suits these conditions:**
    *   **Soil (pH 7.9, Sandy, NPK, Moisture):** Okra is highly tolerant to a wide range of pH, typically thriving between 6.0 and 8.0, making it well-suited for your alkaline soil. It prefers well-drained sandy loam soil, which matches your sandy soil type and good drainage characteristics. The excellent NPK levels will support robust growth, and while it needs good moisture, your 79% moisture content and high rainfall are beneficial, provided the sandy soil ensures adequate drainage to prevent waterlogging.
    *   **Environment (Temp 37°C, Humidity 82%, Rainfall 2141mm):** Okra is a tropical crop that *loves* heat and thrives in temperatures around 30-38°C, making your 37°C ideal. High humidity is generally favorable for okra, though extreme humidity combined with high rainfall will necessitate good cultural practices to manage potential fungal diseases (e.g., powdery mildew, leaf spot). Its ability to handle significant rainfall, as long as drainage is good, makes it a strong candidate.
    *   **Season (Navarai Jan-Mar):** Perfectly aligns with the hot, humid conditions of the Navarai summer crop season in Tamil Nadu.
*   **Expected Yield:** 8 - 15 tonnes per hectare (fresh pods) under optimal management.
*   **Best Planting Time:** Early January to Mid-February (within the Navarai season).

---

### 2. Pearl Millet (Bajra)

*   **Suitability Score:** 9.0/10
*   **Why it suits these conditions:**
    *   **Soil (pH 7.9, Sandy, NPK, Moisture):** Pearl Millet is remarkably adaptable and thrives in alkaline soils with a pH range of 6.0-8.0, making your 7.9 pH well within its comfort zone. It is particularly well-suited for sandy soils and can tolerate low to moderate fertility, but will perform exceptionally well with your good NPK levels. While known for drought tolerance, it also responds very well to good moisture, provided there is sufficient drainage, which your sandy soil offers even with high rainfall.
    *   **Environment (Temp 37°C, Humidity 82%, Rainfall 2141mm):** This crop is extremely heat-tolerant, making 37°C an ideal temperature for its growth. It is highly suited for regions with high rainfall, provided waterlogging is not persistent due to good soil drainage. High humidity generally doesn't pose a significant problem for Pearl Millet.
    *   **Season (Navarai Jan-Mar):** Pearl Millet is a warm-season crop commonly cultivated during the summer/Kharif seasons, fitting perfectly into the Navarai window.
*   **Expected Yield:** 2 - 4 tonnes per hectare (grain) under good management.
*   **Best Planting Time:** Early January to Early February (within the Navarai season).

---

### 3. Cowpea (Lobhia)

*   **Suitability Score:** 9.0/10
*   **Why it suits these conditions:**
    *   **Soil (pH 7.9, Sandy, NPK, Moisture):** Cowpea is known for its adaptability to various soil types and tolerates alkaline soils (pH 6.0-8.0) very well, making your 7.9 pH suitable. It performs exceptionally well in sandy and well-drained soils, which are ideal given your soil type. The high NPK levels are beneficial, and while it prefers well-drained conditions, it can utilize the high moisture and rainfall effectively as long as drainage is good. As a legume, it also enriches the soil with nitrogen.
    *   **Environment (Temp 37°C, Humidity 82%, Rainfall 2141mm):** Cowpea is a heat-loving tropical plant that thrives in warm temperatures like 37°C. It can withstand high humidity and is generally well-suited for regions with high rainfall, provided conditions prevent waterlogging at the root zone, which your sandy soil should facilitate.
    *   **Season (Navarai Jan-Mar):** This crop is a warm-season vegetable and pulse, making it very suitable for the Navarai summer season.
*   **Expected Yield:** 1 - 2 tonnes per hectare (grain) or 10 - 20 tonnes per hectare (green pods/fodder) under good management.
*   **Best Planting Time:** Mid-January to Mid-February (within the Navarai season).

---

**Important Considerations for all crops:**

*   **Drainage:** Despite sandy soil, extremely high rainfall (2141mm) can still lead to temporary waterlogging. Ensure proper land leveling and drainage channels are in place.
*   **Disease Management:** High humidity (82%) and rainfall will increase the risk of fungal and bacterial diseases. Select disease-resistant varieties and implement proactive integrated pest and disease management practices.
*   **Nutrient Management:** While current NPK levels are good, sandy soils can be prone to nutrient leaching, especially with high rainfall. Monitor soil nutrients regularly and consider split applications of fertilizers to optimize nutrient uptake.
*   **Water Management:** While rainfall is high, ensure supplemental irrigation facilities are available for dry spells, as sandy soil has low water retention capacity."
2026-03-30 17:05:02,crop_recommendation,50,40,50,6.5,50,Sandy,28,65,1000,Kuruvai (Jun – Sep) – TN Early Kharif,Tamil Nadu – Cauvery Delta,,,,"As an agricultural advisor, considering the specific conditions provided for the Kuruvai season in the Cauvery Delta region of Tamil Nadu, here are my top recommendations:

---

### **Overall Conditions Summary:**

*   **Soil:** Sandy type, pH 6.5 (neutral), moderately low NPK (needs supplementation), 50% moisture (will drain quickly).
*   **Environment:** Warm (28°C), moderate humidity (65%), good rainfall (1000mm) but needs to be well-distributed for sandy soil.
*   **Season:** Kuruvai (June – September) – TN Early Kharif, implying a need for short-duration varieties.
*   **Region:** Tamil Nadu – Cauvery Delta, traditionally rice-growing, but sandy soil is a key factor.

---

### **1. Top 3 Recommended Crops:**

1.  **Rice (Paddy) - Short-Duration Varieties** (Suitability Score: 9.0/10)
2.  **Groundnut (Peanut)** (Suitability Score: 8.5/10)
3.  **Blackgram / Greengram (Pulses)** (Suitability Score: 8.0/10)

---

### **2. Detailed Crop Recommendations:**

#### **Crop 1: Rice (Paddy) - Short-Duration Varieties**

*   **Why it Suits These Conditions:**
    *   **Regional Dominance:** Rice is the traditional and staple crop of the Cauvery Delta. Existing infrastructure, farmer experience, and market access are robust.
    *   **Water Availability:** While sandy soil drains quickly, 1000mm rainfall combined with the Cauvery Delta's typical access to irrigation canals can support paddy, especially if managed well (frequent, lighter irrigation).
    *   **Temperature & Humidity:** The 28°C temperature and 65% humidity are ideal for rice growth.
    *   **pH:** A pH of 6.5 is excellent for rice.
    *   **Season:** Specific short-duration varieties (e.g., ADT 36, ADT 43, TKM 13, ASD 16) are perfectly suited for the Kuruvai season (3-3.5 months).
    *   **Challenges to address:** The sandy soil will require more frequent but controlled irrigation and split application of fertilizers to minimize leaching of nutrients (N, P, K are moderately low and rice is a heavy feeder). Regular organic matter addition can improve soil structure and water retention.

*   **Expected Yield:** With improved short-duration varieties and proper nutrient-water management, an expected yield of **4.0 - 5.5 tons per hectare (t/ha)**.

*   **Best Planting Time:** Mid-June to Early July (for Kuruvai season transplanting).

---

#### **Crop 2: Groundnut (Peanut)**

*   **Why it Suits These Conditions:**
    *   **Soil Type:** Sandy soil is *ideal* for groundnut cultivation, as it facilitates proper pod development and harvesting.
    *   **Temperature:** The 28°C temperature is very suitable for groundnut growth.
    *   **Rainfall:** 1000mm rainfall is generally sufficient for groundnut, especially for short-duration varieties. It will thrive with good moisture during flowering and pegging.
    *   **Season:** Short to medium-duration groundnut varieties (e.g., TMV 7, TMV 13, VRI 2) fit well within the Kuruvai season.
    *   **pH:** A pH of 6.5 is conducive for groundnut.
    *   **Nutrient Fixation:** Being a legume, it fixes atmospheric nitrogen, reducing reliance on external N fertilizers, though initial N, P, K supplementation (especially Calcium for pod filling) will be beneficial.

*   **Expected Yield:** An expected yield of **1.8 - 2.5 tons per hectare (t/ha)** (dried pods).

*   **Best Planting Time:** Mid-June to Mid-July.

---

#### **Crop 3: Blackgram / Greengram (Pulses)**

*   **Why it Suits These Conditions:**
    *   **Soil Type:** These pulses are well-suited for sandy soils and are relatively less demanding on water compared to paddy.
    *   **Season:** They are short-duration crops (60-75 days), making them excellent for the Kuruvai season, either as a sole crop or as a rotation crop.
    *   **Nutrient Fixation:** As legumes, they fix atmospheric nitrogen, improving soil fertility for subsequent crops and reducing the need for nitrogen fertilizers.
    *   **Low Input:** They generally require fewer external inputs compared to other major crops.
    *   **Temperature & Humidity:** The warm temperature and moderate humidity are favorable for their growth.
    *   **pH:** A pH of 6.5 is ideal.

*   **Expected Yield:** An expected yield of **0.8 - 1.2 tons per hectare (t/ha)**.

*   **Best Planting Time:** Mid-June to Late July.

---

**General Recommendation:** Regardless of the crop chosen, it is crucial to focus on **soil health management**. Given the sandy soil and moderately low NPK, incorporating organic matter (e.g., farmyard manure, compost, green manures) will significantly improve water retention and nutrient holding capacity, boosting the efficiency of applied fertilizers. Regular soil testing and balanced fertilization based on crop specific requirements are highly recommended."
2026-04-06 23:01:06,ml_prediction,88,68,108,7.3,64,Sandy,28,65,1000,Kuruvai (Jun – Sep) – TN Early Kharif,Tamil Nadu – Cauvery Delta,,,,RF:Cotton | LOG:Maize | SVM:Maize | XGB:Short-duration Rice | CAT:Cotton
2026-04-06 23:58:55,ml_prediction,50,40,50,6.5,50,Sandy,28,65,1000,Kuruvai (Jun – Sep) – TN Early Kharif,Tamil Nadu – Cauvery Delta,,,,RF:Blackgram | LOG:Ginger | SVM:Cotton | XGB:Blackgram | CAT:Blackgram
2026-04-09 10:46:05,crop_recommendation,50,40,50,6.5,50,Sandy,28,65,1000,Kuruvai (Jun – Sep) – TN Early Kharif,Tamil Nadu – Cauvery Delta,,,,"As your agricultural advisor, considering the specific conditions of your farm in the Cauvery Delta region during the Kuruvai season, here are my top recommendations:

---

### **1. Top 3 Recommended Crops**

1.  **Rice (Paddy)** - Suitability Score: **8.5/10**
2.  **Blackgram (Urad Dal)** - Suitability Score: **9.0/10**
3.  **Groundnut (Peanut)** - Suitability Score: **8.8/10**

---

### **2. Why Each Crop Suits These Conditions**

#### **1. Rice (Paddy)**

*   **Regional & Seasonal Fit:** Rice is the traditional and dominant crop in the Cauvery Delta during the Kuruvai season, supported by established irrigation infrastructure and farming practices.
*   **Temperature & Humidity:** The 28°C temperature and 65% humidity are ideal for rice growth and development.
*   **Rainfall:** 1000mm of rainfall during the growing season is generally sufficient for rice, especially when supplemented by the region's irrigation.
*   **pH:** The pH of 6.5 is well within the optimal range for rice (5.5-7.0).
*   **Addressing Sandy Soil:** While sandy soil is not ideal for water retention, effective puddling techniques *before* transplanting can significantly reduce percolation losses and create a suitable environment for rice. Supplementing with organic matter (farmyard manure, compost) is crucial to improve water holding capacity and nutrient availability.

#### **2. Blackgram (Urad Dal)**

*   **Soil Adaptability:** Blackgram thrives in well-drained, sandy to sandy-loam soils, making it highly suitable for your sandy soil type. It does not tolerate waterlogging, which is less likely in sandy soil.
*   **Short Duration & Flexibility:** It's a short-duration crop (70-80 days), fitting perfectly within the Kuruvai window and allowing for potential subsequent crops.
*   **Temperature & Humidity:** The warm temperatures (28°C) and moderate humidity are very conducive to its growth.
*   **Nitrogen Fixation:** As a legume, Blackgram fixes atmospheric nitrogen, which is a huge advantage given your low initial N (50 kg/ha). This reduces external nitrogen fertilizer requirements and improves soil fertility for subsequent crops.
*   **Water Use Efficiency:** It requires less water compared to rice, making it a more resilient option, especially if irrigation is intermittent or during drier spells.

#### **3. Groundnut (Peanut)**

*   **Soil Preference:** Groundnut prefers well-drained, sandy to sandy-loam soils, which is an excellent match for your sandy soil type. The loose soil structure allows for easy peg penetration and pod development.
*   **Temperature & Sunlight:** The 28°C temperature and ample sunlight during the Kuruvai season are perfect for groundnut growth.
*   **Rainfall:** 1000mm rainfall, coupled with good drainage of sandy soil, provides sufficient moisture without causing waterlogging, which groundnut is sensitive to.
*   **Cash Crop:** Groundnut is a valuable cash crop with good market demand in Tamil Nadu.
*   **Nutrient Management:** While initial NPK is low, groundnut is a legume and fixes nitrogen, benefiting from moderate P and K application.

---

### **3. Expected Yield**

*(Please note: These yields are estimates under good management practices, including appropriate fertilization, pest/disease control, and irrigation where necessary, especially given the low initial soil nutrient levels.)*

*   **Rice (Paddy):** 4.5 – 5.5 tonnes per hectare (t/ha)
*   **Blackgram (Urad Dal):** 0.8 – 1.2 t/ha
*   **Groundnut (Peanut):** 2.0 – 2.5 t/ha (pod yield)

---

### **4. Best Planting Time**

*   **Rice (Paddy):** Early June to Mid-July (Kuruvai Season)
*   **Blackgram (Urad Dal):** Mid-June to Early July (can be sown as a sole crop or as an intercrop)
*   **Groundnut (Peanut):** Mid-June to Mid-July

---

**Additional Recommendations for Sandy Soil:**

*   **Organic Matter:** Regardless of the crop, regular incorporation of farmyard manure (FYM), compost, or green manure is crucial to improve the water holding capacity and nutrient retention of your sandy soil.
*   **Nutrient Management:** Given the low initial NPK, a balanced fertilizer application based on soil test recommendations (beyond what was provided) will be essential for all crops to achieve optimal yields. Sandy soils are prone to nutrient leaching, so split applications of nitrogen and potassium might be more effective.
*   **Micronutrients:** Sandy soils can sometimes be deficient in micronutrients. Monitor crop health and consider foliar application of micronutrient mixes if deficiencies appear."
2026-04-09 10:49:09,nutrient_advisory,50,40,50,6.5,,Sandy,,,,,,Rice,,,"Hello farmer! Based on your soil data, we can develop a practical fertilizer plan to help you achieve excellent rice yields.

Here's a breakdown and recommendations:

---

### **1. Nutrient Analysis**

*   **Nitrogen (N): 50 kg/ha - DEFICIENT**
    *   This is on the lower side for rice, which is a heavy feeder of Nitrogen. Rice typically requires 100-150 kg N/ha for good yields. You will need to significantly supplement Nitrogen.
*   **Phosphorus (P): 40 kg/ha - ADEQUATE to SLIGHTLY HIGH**
    *   This level of available Phosphorus is actually quite good for rice. Many soil tests consider anything above 20-25 kg/ha as sufficient. You won't need a large application of Phosphorus, but a maintenance dose is often beneficial.
*   **Potassium (K): 50 kg/ha - DEFICIENT**
    *   Rice has a moderate to high demand for Potassium, especially on sandy soils where K tends to leach easily. 50 kg/ha is insufficient for optimal growth and yield. You will need to supplement Potassium.
*   **pH: 6.5 - OPTIMAL**
    *   This pH is excellent for rice cultivation! Most nutrients are readily available at this level.
*   **Soil Type: Sandy**
    *   This is a crucial factor. Sandy soils have low cation exchange capacity (CEC) and low organic matter, meaning nutrients (especially N and K) are prone to leaching. This requires more frequent, split applications of fertilizers.

**Summary:** Your soil is significantly **deficient in Nitrogen and Potassium**. Phosphorus is adequate. The pH is perfect.

---

### **2. Fertilizer Recommendations**

Given the deficiencies and soil type, here's what I recommend you apply per hectare:

*   **Nitrogen (N):** ~70-80 kg N/ha
*   **Phosphorus (P2O5):** ~20-30 kg P2O5/ha (maintenance dose)
*   **Potassium (K2O):** ~40-50 kg K2O/ha

To achieve these targets, I recommend the following chemical fertilizers:

1.  **Urea (46-0-0):**
    *   **Amount:** Approximately **135-150 kg/ha**
    *   *Purpose:* Supplies the primary Nitrogen deficit.

2.  **Di-ammonium Phosphate (DAP, 18-46-0):**
    *   **Amount:** Approximately **50-60 kg/ha**
    *   *Purpose:* Provides a maintenance dose of Phosphorus and also contributes a small amount of Nitrogen.
    *(Alternatively, if you prefer no additional N with your P, you could use Single Superphosphate (SSP, 0-16-0) at around 125-180 kg/ha, but DAP is often more convenient.)*

3.  **Muriate of Potash (MOP, KCl, 0-0-60):**
    *   **Amount:** Approximately **70-85 kg/ha**
    *   *Purpose:* Addresses the Potassium deficiency.

**Micronutrients (Highly Recommended for Sandy Soils):**
Sandy soils are often low in micronutrients. For rice, **Zinc (Zn)** is particularly important.
*   **Zinc Sulfate:** Apply **10-15 kg/ha** as a basal application or **5 kg ZnSO4/ha** broadcasted 10-14 days after transplanting (DAT). If deficiency symptoms appear later, foliar spray of 0.5% ZnSO4 solution can be used.

---

### **3. Application Schedule (Crucial for Sandy Soils)**

Due to the sandy nature of your soil, splitting the N and K applications is *critical* to prevent leaching and ensure the plant gets nutrients when it needs them most.

*   **1. Basal Application (Pre-planting/Transplanting):**
    *   Apply **all of the DAP (50-60 kg/ha)**
    *   Apply **1/3 of the Urea (45-50 kg/ha)**
    *   Apply **1/2 of the MOP (35-40 kg/ha)**
    *   *Timing:* Just before final land preparation or at transplanting.
    *   *Reason:* P is slow-moving, N and K are needed for early root development and tillering.

*   **2. Active Tillering Stage (2-3 Weeks After Transplanting - WAT):**
    *   Apply **1/3 of the Urea (45-50 kg/ha)**
    *   Apply **the remaining 1/2 of the MOP (35-40 kg/ha)**
    *   *Timing:* When tillers start to actively form (around 15-25 days after transplanting).
    *   *Reason:* Boosts tiller formation, which directly impacts yield.

*   **3. Panicle Initiation (PI) Stage (45-60 DAT):**
    *   Apply **the remaining 1/3 of the Urea (45-50 kg/ha)**
    *   *Timing:* When the young panicle starts to form inside the plant (often visible by splitting a tiller). This is about 45-60 days after transplanting, depending on the rice variety.
    *   *Reason:* Crucial for panicle development, number of spikelets, and grain filling.

**Practical Tip:** Ensure the field is drained or at least has shallow water when applying granular fertilizers, and then re-flood to incorporate them. This minimizes losses, especially for urea.

---

### **4. Organic Options (Natural Alternatives)**

Integrating organic materials is highly beneficial, especially for sandy soils, as it improves soil structure, water retention, and nutrient holding capacity, reducing leaching.

*   **Farmyard Manure (FYM) or Compost:**
    *   **Amount:** 5-10 tons/ha (or as much as available).
    *   **Timing:** Incorporate well into the soil during land preparation, 2-3 weeks before planting.
    *   *Benefits:* Provides NPK, micronutrients, and significantly improves soil organic matter, water retention, and microbial activity.

*   **Green Manures:**
    *   **Examples:** Sesbania (Dhaincha), Sunnhemp, Crotalaria.
    *   **Method:** Grow a green manure crop for 45-60 days before rice, then incorporate it into the soil.
    *   *Benefits:* Fixes atmospheric Nitrogen (legumes), adds significant organic matter, and improves soil structure.

*   **Biofertilizers:**
    *   **Azolla / Blue-Green Algae (BGA):**
        *   **Method:** Grow in the rice field as a dual crop or apply as inoculum.
        *   *Benefits:* Fix atmospheric Nitrogen, contributing 20-30 kg N/ha.
    *   **PSB (Phosphate Solubilizing Bacteria):**
        *   **Method:** Seed treatment or soil application.
        *   *Benefits:* Helps make soil Phosphorus more available to plants.
    *   **KMB (Potassium Mobilizing Bacteria):**
        *   **Method:** Seed treatment or soil application.
        *   *Benefits:* Helps mobilize native soil Potassium and applied K, making it more accessible.

*   **Rice Straw Incorporation:**
    *   **Method:** Instead of burning, chop rice straw and incorporate it back into the soil after harvest.
    *   *Benefits:* Returns nutrients (N, P, K, Si), adds organic matter, and reduces nutrient loss. If incorporating, apply extra N to aid in decomposition.

---

### **5. pH Correction**

*   **Your soil pH is 6.5, which is ideal for rice.**
*   **No pH correction is needed.** You are in the optimal range.

---

### **Practical Advice for Farmers:**

1.  **Calibrate Your Spreader:** Ensure your fertilizer spreader is calibrated correctly to apply the recommended amounts evenly across the field.
2.  **Water Management:** Good water management is crucial. Keep fields moist to shallowly flooded, especially after fertilizer application, to ensure nutrient uptake and minimize losses.
3.  **Weed Control:** Weeds compete heavily for nutrients. Effective weed control will ensure your fertilizers benefit the rice crop, not the weeds.
4.  **Observe Your Crop:** Regularly walk through your fields. Yellowing leaves (especially older ones) often indicate N deficiency. Purplish leaves might suggest P deficiency, and yellowing on leaf margins can be K deficiency. These visual cues can help you adjust applications if needed.
5.  **Record Keeping:** Keep records of fertilizer applications, yields, and any issues. This helps you refine your plan for future seasons.
6.  **Local Expertise:** While this is a comprehensive guide, always consider consulting local agricultural extension officers for region-specific advice, as climate and specific rice varieties can influence nutrient needs.

By following these recommendations, you'll be providing your rice crop with the essential nutrients it needs, leading to healthy growth and a bountiful harvest! Good luck!"
2026-04-09 10:54:30,expert_advice,,,,,,,,,,,,,How to improve soil fertility naturally?,"N=50, P=40, K=50, pH=6.5, Region=Tamil Nadu – Cauvery Delta","Namaste, farmer! It's excellent to hear about your soil. A pH of 6.5 is wonderfully balanced for most crops in the Cauvery Delta, which is a great start. Your current NPK levels (N=50, P=40, K=50) are moderate, indicating there's a good foundation, but definitely room to enrich your soil naturally for better yields and healthier crops.

The key to improving soil fertility naturally is to focus on increasing its **organic matter** and encouraging beneficial **microbial life**. This makes nutrients more available to your plants, improves soil structure, and helps retain water.

Here’s how you can do it, simply and effectively:

---

### **How to Improve Soil Fertility Naturally in Your Cauvery Delta Farm:**

1.  **Enrich with Organic Manures (Compost & Farmyard Manure - FYM):**
    *   **What it is:** Decomposed plant and animal waste.
    *   **Why it helps:** It's like a multi-vitamin for your soil! It provides all essential nutrients (N, P, K, and micronutrients), improves the soil's ability to hold water, makes heavy soils lighter, and feeds beneficial microbes.
    *   **How to do it:**
        *   **Make your own compost:** Collect all your farm waste – paddy straw, plant residues, weeds, vegetable waste, cow dung, kitchen scraps. Pile them up in a shaded area, keep them moist, and turn regularly. It will break down into rich compost in a few months.
        *   **Use well-decomposed FYM:** If you have livestock, use their dung and bedding after it has fully decomposed (usually 3-4 months). Fresh dung can harm plants.
        *   **Application:** Apply 5-10 tonnes per acre before planting, mixing it well into the soil.

2.  **Grow Green Manure Crops:**
    *   **What it is:** Growing specific plants, like legumes, and then ploughing them back into the soil while they are still green (usually before flowering).
    *   **Why it helps:**
        *   **Adds Nitrogen (N):** Legumes (like *Daincha* or Sunhemp) have bacteria in their roots that take nitrogen from the air and ""fix"" it into the soil – a free source of natural nitrogen!
        *   **Increases Organic Matter:** Adds a lot of plant material that breaks down to become humus.
        *   **Improves Soil Structure:** Roots break up hard soil, making it more porous.
    *   **How to do it:**
        *   **Choose suitable crops:** *Daincha* (Sesbania), Sunhemp (Sanai), Cowpea, or even quick-growing pulses like Green Gram (Moong) or Black Gram (Urad) are excellent choices for your region.
        *   **When to grow:** During fallow periods, or as a short-duration crop before your main paddy crop. Sow, let it grow for 45-60 days, then plough it into the soil. Allow it to decompose for 2-3 weeks before planting your next crop.

3.  **Practice Smart Crop Rotation:**
    *   **What it is:** Instead of growing the same crop (e.g., paddy) repeatedly in the same field, alternate it with different types of crops.
    *   **Why it helps:**
        *   **Balances Nutrients:** Different crops draw different nutrients from varying soil depths.
        *   **Adds N naturally:** Following paddy with a legume crop (like black gram, green gram, or groundnut) will naturally enrich your soil with nitrogen.
        *   **Breaks pest and disease cycles:** Pests and diseases specific to one crop won't build up if you change crops.
    *   **How to do it:** A good rotation for the Cauvery Delta could be: **Paddy → Pulses (Black gram/Green gram) → Paddy** or **Paddy → Groundnut → Paddy**.

4.  **Manage Crop Residues – Don't Burn!**
    *   **What it is:** Instead of burning paddy straw or other crop residues after harvest, incorporate them back into the soil.
    *   **Why it helps:**
        *   **Adds Organic Matter:** Burning destroys precious organic matter and kills beneficial soil microbes. Incorporating residues replenishes the soil.
        *   **Returns Nutrients:** The nutrients in the straw go back into your soil, slowly becoming available to the next crop.
        *   **Conserves Moisture:** Residues on the surface act as a mulch, reducing water evaporation.
    *   **How to do it:**
        *   Use a rotavator or mulcher to chop and mix the straw into the soil.
        *   If stubble is long, you can use a machine like a ""Happy Seeder"" for direct sowing of the next crop without burning.
        *   Adding a culture of **Pusa Decomposer** (a fungal solution) can significantly speed up straw decomposition.

5.  **Use Bio-fertilizers:**
    *   **What it is:** These are beneficial microorganisms that help plants get nutrients from the soil. They are readily available in agricultural stores.
    *   **Why it helps:**
        *   **Nitrogen Fixers:** **Azospirillum** (for paddy) and **Rhizobium** (for pulses like black gram, green gram) take nitrogen from the air and make it available to plants, reducing the need for chemical nitrogen.
        *   **Phosphorus Solubilizers (PSB):** Bacteria like **PSB** (e.g., *Bacillus megaterium*) help dissolve insoluble phosphorus in the soil, making it available to plants. Your P=40 score can definitely benefit from this.
        *   **Potassium Mobilizers (KMB):** Certain bacteria (e.g., *Frateuria aurantia*) help mobilize potassium, which is often tied up in the soil, making it available.
    *   **How to do it:**
        *   **Seed treatment:** Mix the bio-fertilizer culture with seeds before sowing.
        *   **Soil application:** Mix with FYM or compost and apply to the field.

6.  **Mulching (for non-paddy crops):**
    *   **What it is:** Covering the soil surface with a layer of organic material like dry leaves, straw, sugarcane trash, or even coir pith.
    *   **Why it helps:**
        *   **Conserves Moisture:** Reduces evaporation of water from the soil surface.
        *   **Suppresses Weeds:** Blocks sunlight, preventing weed growth.
        *   **Adds Organic Matter:** As the mulch slowly decomposes, it adds valuable organic matter to the soil.
        *   **Moderates Soil Temperature:** Keeps the soil cooler in summer and warmer in winter.
    *   **How to do it:** This is especially effective for your pulse crops, groundnut, or vegetable plots. Spread a 2-3 inch layer of chosen material around your plants.

---

**Important Reminders:**

*   **Continue Soil Testing:** Test your soil every 2-3 years. This will help you understand what's working and if any specific nutrients need attention.
*   **Observe Your Soil:** Healthy soil often has earthworms! The more earthworms you see, the healthier your soil's ecosystem usually is.
*   **Patience:** Building soil fertility naturally is a gradual process. You will see improvements over a few cropping cycles, leading to more resilient crops and sustained higher yields.

By adopting these simple, natural practices, you will gradually transform your soil into a living, fertile ecosystem that supports robust plant growth for generations to come. Good luck!"
2026-04-09 10:57:23,ml_prediction,50,40,50,6.5,50,Sandy,28,65,1000,Kuruvai (Jun – Sep) – TN Early Kharif,Tamil Nadu – Cauvery Delta,,,,RF:Blackgram | LOG:Ginger | SVM:Cotton | XGB:Blackgram | CAT:Blackgram
2026-04-14 19:36:38,crop_recommendation,90,98,50,6.5,50,Sandy,28,65,1000,Samba (Aug – Jan) – TN Main Season,Tamil Nadu – Cauvery Delta,,,,"Here are the crop recommendations based on the provided conditions for the Tamil Nadu Cauvery Delta region during the Samba season (August – January):

---

### 1. Top 3 Recommended Crops with Suitability Score

1.  **Rice (Paddy)** - Suitability Score: **9/10**
2.  **Groundnut (Peanut)** - Suitability Score: **9.5/10**
3.  **Blackgram (Urad Dal)** - Suitability Score: **8.5/10**

---

### 2. Why Each Crop Suits These Conditions

**1. Rice (Paddy)**
*   **Region & Season:** The Cauvery Delta is the ""Rice Bowl"" of Tamil Nadu, and Samba (Aug-Jan) is the main paddy cultivation season. Farmers here have extensive experience and established infrastructure for rice.
*   **Environment:** The temperature (28°C), humidity (65%), and rainfall (1000mm) are highly conducive for rice growth.
*   **Soil pH:** The pH of 6.5 is ideal for rice cultivation.
*   **Soil Type & Moisture:** While sandy soil has lower water retention, the ""Cauvery Delta"" context implies reliable irrigation from the Cauvery river system. Farmers in this region typically practice puddling to reduce percolation and conserve water for rice in sandy loam to sandy soils.
*   **Nutrients:** Nitrogen (N) and Phosphorus (P) levels are adequate to good. Potassium (K) is low (50 kg/ha), which is a concern as rice is a moderate to high K feeder. However, farmers in the region are accustomed to supplementing K fertilizers to achieve good yields.

**2. Groundnut (Peanut)**
*   **Soil Type:** Groundnut thrives in well-drained sandy soils, making it an excellent match for your specified sandy soil type.
*   **Environment:** The warm temperature (28°C), moderate humidity, and sufficient rainfall (1000mm) are highly favorable for groundnut growth and pod development.
*   **Soil pH:** The pH of 6.5 is well within the optimal range for groundnut.
*   **Nutrients:** Groundnut is a legume, fixing atmospheric nitrogen, thereby reducing N fertilizer requirements (though some starter N is beneficial). P levels are excellent. K is low, but groundnut's requirement for K is moderate, making it more tolerant than some other crops. Calcium is crucial for pod development, which should be monitored.
*   **Season:** The Samba season is suitable for groundnut cultivation in Tamil Nadu, fitting into the typical cropping patterns.

**3. Blackgram (Urad Dal)**
*   **Soil Type:** Blackgram is adaptable and performs well in well-drained sandy loams to sandy soils, preventing waterlogging which it dislikes.
*   **Environment:** The warm temperatures (28°C) and moderate rainfall are very suitable for this short-duration pulse crop.
*   **Soil pH:** The pH of 6.5 is within the ideal range for blackgram.
*   **Nutrients:** As a legume, blackgram contributes to soil fertility by fixing atmospheric nitrogen, reducing external N input. P levels are excellent. Its K requirement is moderate, making the low K (50 kg/ha) more manageable compared to heavy feeders like rice.
*   **Season:** Blackgram is a common short-duration pulse crop grown during the Samba season in Tamil Nadu, often used in rotations or as an intercrop.

---

### 3. Expected Yield (Under good management practices)

1.  **Rice (Paddy):** 5,000 – 7,000 kg/ha (for improved varieties)
2.  **Groundnut (Peanut):** 2,000 – 3,000 kg/ha (dried pods)
3.  **Blackgram (Urad Dal):** 800 – 1,200 kg/ha

---

### 4. Best Planting Time

All crops align with the Samba season (August – January):

1.  **Rice (Paddy):**
    *   **Nursery Sowing:** Mid-August to Early September
    *   **Transplanting:** Early September to Early October
2.  **Groundnut (Peanut):**
    *   **Sowing:** Mid-August to Early September
3.  **Blackgram (Urad Dal):**
    *   **Sowing:** Late August to Mid-September

---

**Important Agricultural Advice:**

*   **Potassium Management:** Given the low K (50 kg/ha), it is highly recommended to supplement Potassium (K) fertilizer for all crops, especially for Rice. A soil test interpretation by a local agricultural extension officer can provide precise recommendations.
*   **Organic Matter:** Incorporating organic matter (e.g., farmyard manure, compost) can significantly improve the water and nutrient retention capacity of sandy soils.
*   **Water Management:** Even with 1000mm rainfall, sandy soils drain quickly. Efficient irrigation practices (especially for rice) and potentially mulching for groundnut and blackgram will be beneficial during dry spells.
*   **Variety Selection:** Choose high-yielding, pest and disease-resistant varieties suitable for the specific agro-climatic zone of the Cauvery Delta."
2026-04-14 19:39:24,ml_prediction,50,40,50,6.5,50,Sandy,28,65,1000,Kuruvai (Jun – Sep) – TN Early Kharif,Tamil Nadu – Cauvery Delta,,,,RF:Blackgram | LOG:Ginger | SVM:Cotton | XGB:Blackgram | CAT:Blackgram
2026-04-21 12:58:53,ml_prediction,50,40,50,6.5,50,Sandy,28,65,1000,Kuruvai (Jun – Sep) – TN Early Kharif,Tamil Nadu – Cauvery Delta,,,,RF:Sesame | LOG:Sesame | SVM:Maize | XGB:Blackgram | CAT:Sesame
2026-04-21 17:11:50,crop_recommendation,50,40,50,6.5,50,Sandy,28,65,1000,Kuruvai (Jun – Sep) – TN Early Kharif,Tamil Nadu – Cauvery Delta,,,,"Greetings from your agricultural advisor!

Based on the soil and environmental conditions provided for the Kuruvai season in the Cauvery Delta region of Tamil Nadu, here are my top recommendations:

---

### **Analysis of Conditions:**

*   **Soil:**
    *   **Nutrients (N=50, P=40, K=50 kg/ha):** These levels are *low to medium-low*. All recommended crops will significantly benefit from balanced fertilization. Nitrogen is particularly deficient.
    *   **pH=6.5:** Excellent, slightly acidic to neutral, ideal for a wide range of crops, especially paddy.
    *   **Moisture=50%:** Current moisture. With sandy soil, water retention will be poor without consistent rainfall or irrigation.
    *   **Type=Sandy:** Good drainage, warms up quickly, but low water and nutrient holding capacity.
*   **Environment:**
    *   **Temp=28°C, Humidity=65%:** Warm and moderately humid, perfect for tropical crops.
    *   **Rainfall=1000mm:** Sufficient annual rainfall. For Kuruvai (Jun-Sep), this is a good amount, but supplementary irrigation in the delta is crucial, especially for sandy soil.
    *   **Season=Kuruvai (Jun-Sep) – TN Early Kharif:** Short-duration growing season.
    *   **Region=Tamil Nadu – Cauvery Delta:** Historically a rice-bowl region with extensive irrigation infrastructure.

---

### **Recommended Crops:**

#### **1. Paddy (Rice - Short Duration Varieties)**

*   **Suitability Score:** 9.5/10

*   **Why it suits these conditions:**
    *   **Region & Season:** Paddy is the staple and primary crop of the Cauvery Delta, especially during the Kuruvai season, which is specifically for short-duration rice varieties.
    *   **Water Availability:** The 1000mm rainfall, combined with the robust irrigation system of the Cauvery Delta, perfectly meets paddy's high water requirements. Sandy soil, though usually not ideal for paddy due to percolation, is overcome by consistent water supply through flooding.
    *   **Temperature & Humidity:** The warm temperature (28°C) and moderate humidity (65%) are ideal for tropical rice cultivation.
    *   **Soil pH:** The pH of 6.5 is optimal for paddy growth.
    *   **Nutrient Management:** While soil nutrients are low, paddy is a heavy feeder, and farmers in this region are accustomed to applying the necessary fertilizers (especially NPK) to achieve high yields. Short-duration varieties (like ADT 36, ADT 43, TKM 9) are well-suited.

*   **Expected Yield:** 4.0 - 5.5 tonnes/hectare (with good nutrient and water management).

*   **Best Planting Time:** Mid-June to Early July (to align with the Kuruvai water release and monsoon patterns).

#### **2. Blackgram (Urd Bean)**

*   **Suitability Score:** 8.5/10

*   **Why it suits these conditions:**
    *   **Season & Duration:** Blackgram is a short-duration pulse crop that fits well as an alternative or sequential crop in the Kuruvai season, particularly if farmers wish to diversify or improve soil health.
    *   **Soil Type:** Tolerates sandy loam to sandy soils reasonably well, provided there is adequate drainage (which sandy soil offers).
    *   **Nitrogen Fixation:** As a legume, blackgram fixes atmospheric nitrogen, significantly benefiting the soil, especially given the low initial N levels. This reduces the need for external nitrogenous fertilizers for the subsequent crop.
    *   **Water Management:** Requires moderate water, which the 1000mm rainfall can provide. However, it is sensitive to waterlogging, so good drainage of sandy soil is an advantage.
    *   **Temperature & Humidity:** Thrives in warm temperatures (28°C) and moderate humidity.
    *   **Soil pH:** The pH of 6.5 is suitable.

*   **Expected Yield:** 0.8 - 1.2 tonnes/hectare.

*   **Best Planting Time:** Early June to Mid-July (coinciding with the onset of the monsoon).

#### **3. Groundnut (Peanut)**

*   **Suitability Score:** 8.0/10

*   **Why it suits these conditions:**
    *   **Soil Type:** Groundnut is ideally suited for sandy and sandy loam soils. The loose texture of sandy soil allows the pegs to penetrate easily and develop healthy pods, which is crucial for yield.
    *   **Temperature & Humidity:** The warm temperatures (28°C) and moderate humidity are very favorable for groundnut growth and pod formation.
    *   **Water Requirement:** While it needs consistent moisture, especially during pegging and pod development, it is less water-intensive than paddy. The 1000mm rainfall can support it, but supplementary irrigation will be beneficial during dry spells. Good drainage from sandy soil also prevents pod rot.
    *   **Nitrogen Fixation:** Similar to blackgram, groundnut is a legume and fixes nitrogen, contributing to soil fertility, which is valuable given the low N levels.
    *   **Soil pH:** The pH of 6.5 is optimal for groundnut.

*   **Expected Yield:** 1.5 - 2.5 tonnes/hectare (shelled nuts), with proper management and consistent moisture.

*   **Best Planting Time:** Early June to Mid-July (to benefit from the monsoon rains for germination and early growth).

---

**General Recommendation:** While paddy remains the prime choice for the Cauvery Delta Kuruvai season due to infrastructure and suitability, incorporating pulses like Blackgram or Groundnut into the rotation or as alternative crops can significantly improve soil health (especially nitrogen levels), diversify income, and make efficient use of resources, particularly in sandy soil types. For all crops, given the low initial soil nutrients, a comprehensive soil test and a tailored fertilization program are highly recommended."
2026-04-21 17:19:29,crop_recommendation,70,79,110,6.5,50,Sandy,28,65,1000,Kuruvai (Jun – Sep) – TN Early Kharif,Tamil Nadu – Cauvery Delta,,,,"Based on the conditions provided, here are the top crop recommendations for your farm in the Cauvery Delta region during the Kuruvai season:

---

### 1. Rice (Paddy)

*   **Suitability Score:** 8.5/10
*   **Why it suits these conditions:**
    *   **Region & Season:** Rice is the staple and primary crop cultivated in the Cauvery Delta during the Kuruvai (early Kharif) season, aligning perfectly with the cultural and agricultural practices of Tamil Nadu.
    *   **Rainfall:** The 1000mm rainfall is beneficial for rice cultivation, although supplemental irrigation will be crucial given the sandy soil.
    *   **Temperature & Humidity:** The 28°C temperature and 65% humidity are ideal for rice growth.
    *   **pH & Nutrients:** The pH of 6.5 is optimal for rice, and the NPK levels are generally adequate, though supplementary nitrogen might be needed for high yields.
    *   **Addressing Sandy Soil:** While sandy soil is not ideal for traditional transplanted rice due to poor water retention, specific strategies can mitigate this:
        *   **Short-duration varieties:** Opt for varieties that mature quickly (100-110 days) to reduce water demand.
        *   **Direct Seeded Rice (DSR) or System of Rice Intensification (SRI):** These methods reduce standing water requirements and can be more efficient in sandy soils, improving water and nutrient use efficiency.
        *   **Organic Matter Addition:** Incorporating farmyard manure or compost will significantly improve the water holding capacity and nutrient retention of the sandy soil over time.
        *   **Frequent, lighter irrigations:** Instead of heavy, infrequent irrigation, apply water more frequently in smaller amounts to match the sandy soil's infiltration rate.
*   **Expected Yield:** With good management practices tailored for sandy soil, you can expect **4.0 - 5.5 tons/hectare** (paddy).
*   **Best Planting Time:** Mid-June to Mid-July (to align with the Kuruvai season and monsoon onset).

---

### 2. Groundnut (Peanut)

*   **Suitability Score:** 9.0/10
*   **Why it suits these conditions:**
    *   **Soil Type:** Groundnut *prefers* sandy to sandy-loam soils. The sandy texture allows for easy penetration of pegs (which develop into pods) and facilitates harvesting, making it highly suitable for your soil type.
    *   **pH & Nutrients:** A pH of 6.5 is ideal for groundnut, and the existing NPK levels are generally good, although it will benefit from phosphorus and calcium (for pod filling).
    *   **Temperature & Rainfall:** The warm temperature (28°C) and 1000mm rainfall are very conducive to groundnut growth. It benefits from consistent moisture during flowering and pod development.
    *   **Water Management:** While it benefits from rainfall, its relatively lower water requirement compared to rice makes it a good option for sandy soils which drain quickly.
*   **Expected Yield:** With good agronomic practices, you can expect **2.0 - 2.8 tons/hectare** (dry pods).
*   **Best Planting Time:** Late June to Mid-July.

---

### 3. Black Gram (Urd Bean)

*   **Suitability Score:** 8.0/10
*   **Why it suits these conditions:**
    *   **Soil Type:** Black gram thrives in well-drained soils, including sandy loams. The quick drainage of sandy soil can be an advantage, preventing waterlogging which legumes dislike.
    *   **Nutrient Contribution:** As a legume, black gram fixes atmospheric nitrogen, enriching the soil. This is particularly beneficial for sandy soils which often have lower organic matter and nitrogen retention.
    *   **Water Efficiency:** It is relatively drought-tolerant compared to rice and has a shorter duration, making efficient use of the Kuruvai season rainfall.
    *   **Temperature & pH:** The warm temperature and pH of 6.5 are suitable for its growth.
    *   **Crop Rotation/Intercropping:** It's an excellent choice for rotation with rice or as an intercrop, improving soil health and providing diversification.
*   **Expected Yield:** You can expect **0.8 - 1.2 tons/hectare**.
*   **Best Planting Time:** Early July to Early August."
2026-04-21 17:21:10,nutrient_advisory,58,40,50,6.5,,Sandy,,,,,,Rice,,,"Error: 429 You exceeded your current quota, please check your plan and billing details. For more information on this error, head to: https://ai.google.dev/gemini-api/docs/rate-limits. To monitor your current usage, head to: https://ai.dev/rate-limit. 
* Quota exceeded for metric: generativelanguage.googleapis.com/generate_content_free_tier_requests, limit: 5, model: gemini-2.5-flash
Please retry in 49.658786807s. [links {
  description: ""Learn more about Gemini API quotas""
  url: ""https://ai.google.dev/gemini-api/docs/rate-limits""
}
, violations {
  quota_metric: ""generativelanguage.googleapis.com/generate_content_free_tier_requests""
  quota_id: ""GenerateRequestsPerMinutePerProjectPerModel-FreeTier""
  quota_dimensions {
    key: ""model""
    value: ""gemini-2.5-flash""
  }
  quota_dimensions {
    key: ""location""
    value: ""global""
  }
  quota_value: 5
}
, retry_delay {
  seconds: 49
}
]. Please try again."
2026-04-21 17:22:55,ml_prediction,50,0,0,3.0,0,Sandy,5,10,0,Kuruvai (Jun – Sep) – TN Early Kharif,Tamil Nadu – Cauvery Delta,,,,RF:Safflower | LOG:Sugarcane | SVM:Maize | XGB:Safflower | CAT:Sesame
2026-04-21 17:28:51,ml_prediction,50,79,0,3.0,38,Sandy,21,10,1525,Kuruvai (Jun – Sep) – TN Early Kharif,Tamil Nadu – Cauvery Delta,,,,RF:Blackgram | LOG:Sesame | SVM:Maize | XGB:Blackgram | CAT:Blackgram
2026-04-30 10:53:38,crop_recommendation,50,40,50,6.5,50,Sandy,28,65,1000,Kuruvai (Jun – Sep) – TN Early Kharif,Tamil Nadu – Cauvery Delta,,,,"As an agricultural advisor, considering the specific conditions of the Cauvery Delta region during the Kuruvai season (Jun-Sep), with sandy soil, moderate nutrients, and good rainfall, here are the top crop recommendations:

---

### 1. Top 3 Recommended Crops with Suitability Score

1.  **Paddy (Rice)** - Suitability Score: **9.5/10**
2.  **Blackgram / Greengram (Pulses)** - Suitability Score: **8.5/10**
3.  **Groundnut (Peanut)** - Suitability Score: **8.0/10**

---

### 2. Why Each Crop Suits These Conditions

#### 1. Paddy (Rice)
*   **Region & Season:** The Cauvery Delta is historically known as the ""Rice Bowl of Tamil Nadu,"" and Kuruvai (June-September) is a primary rice cultivation season, especially dependent on the release of water from the Mettur Dam.
*   **Water Availability:** While sandy soil typically has poor water retention, the Cauvery Delta benefits from assured canal irrigation (Cauvery River) which compensates for the soil's limitation, making it ideal for a water-intensive crop like rice. The 1000mm rainfall during the monsoon also provides significant support.
*   **Temperature & pH:** The warm temperature (28°C) and slightly acidic to neutral pH (6.5) are optimal for rice growth and development.
*   **Soil Type:** Short-duration rice varieties can be successfully cultivated in sandy soils, provided efficient water and nutrient management practices are implemented to overcome the quick drainage.

#### 2. Blackgram / Greengram (Pulses)
*   **Soil Type:** Sandy soils with good drainage are well-suited for pulses, as they are sensitive to waterlogging. The good aeration in sandy soil supports healthy root development.
*   **Nutrient Management:** As legumes, both blackgram and greengram fix atmospheric nitrogen through root nodules, enriching the soil and reducing the reliance on external nitrogen inputs, which is beneficial given the initial low N content (50 kg/ha).
*   **Water Management:** These crops are relatively drought-tolerant compared to rice and can thrive with the 1000mm rainfall, especially if distributed well. They fit well as a main crop or as part of a rotation.
*   **Temperature & pH:** The warm temperatures (28°C) and pH 6.5 are ideal for pulse crops.
*   **Season:** These are short-duration crops (typically 60-75 days), fitting perfectly within the Kuruvai season.

#### 3. Groundnut (Peanut)
*   **Soil Type:** Groundnut strongly prefers well-drained, loose, sandy to sandy loam soils. This is crucial for the penetration of its pegs into the soil for pod formation and makes harvesting (digging up pods) considerably easier.
*   **Temperature & pH:** The warm temperature (28°C) and pH 6.5 are highly suitable for groundnut growth and pod development.
*   **Rainfall:** The 1000mm rainfall is generally sufficient for groundnut, though supplementary irrigation might be beneficial during critical periods like flowering and pod development if dry spells occur.
*   **Nutrient Needs:** While groundnut benefits from balanced nutrition, it tolerates the initial nutrient levels reasonably well and can perform under these conditions with proper fertilization.

---

### 3. Expected Yield

*   **Paddy (Rice):**
    *   **4.5 - 6.0 tons/ha** (4500-6000 kg/ha) for short-duration varieties, with good management and recommended fertilizer application.
*   **Blackgram / Greengram (Pulses):**
    *   **1.0 - 1.5 tons/ha** (1000-1500 kg/ha), depending on variety and management practices.
*   **Groundnut (Peanut):**
    *   **1.5 - 2.5 tons/ha** (1500-2500 kg/ha) of unshelled pods, with proper cultivation techniques.

---

### 4. Best Planting Time

*   **Paddy (Rice):**
    *   **June - July:** Transplanting or direct seeding, coinciding with the onset of the Southwest Monsoon and the traditional release of irrigation water from the Mettur Dam.
*   **Blackgram / Greengram (Pulses):**
    *   **Late June - Early July:** To best utilize the monsoon rainfall and ensure harvest before any potential dry spells later in the season.
*   **Groundnut (Peanut):**
    *   **June - July:** To establish the crop with the initial monsoon showers, ensuring sufficient moisture during the critical flowering and pegging stages.

---

**Important Agricultural Advisory Note:**
*   **Nutrient Management:** Given the low initial soil nutrient levels (N=50, P=40, K=50), regular soil testing and precise application of fertilizers (Nitrogen, Phosphorus, and Potassium) will be crucial for achieving optimal yields for all crops. For sandy soils, split application of nitrogen is recommended to minimize leaching losses.
*   **Organic Matter:** Incorporating organic matter (e.g., farmyard manure, compost, green manure) is highly recommended to improve the sandy soil's water and nutrient retention capacity, which will benefit all crops."
2026-04-30 12:44:42,crop_recommendation,93,69,50,6.5,50,Sandy,28,65,1000,Kuruvai (Jun – Sep) – TN Early Kharif,Tamil Nadu – Cauvery Delta,,,,"As an agricultural advisor, based on the conditions provided for the Kuruvai season in the Cauvery Delta, Tamil Nadu, here are my recommendations:

---

### **Analysis of Conditions:**

*   **Soil:**
    *   **N (93 kg/ha):** Moderate-High. Good for most crops.
    *   **P (69 kg/ha):** High. Excellent, minimizes immediate P fertilization needs.
    *   **K (50 kg/ha):** Low-Moderate. This is a critical limiting factor for high-yielding crops and will require significant supplementation. Sandy soil can also lead to quicker K leaching.
    *   **pH (6.5):** Slightly acidic to neutral. Ideal for a wide range of crops.
    *   **Moisture (50%):** Good. Indicates adequate initial moisture.
    *   **Type (Sandy):** Excellent drainage, warms up quickly, but has lower water and nutrient retention capacity (especially for K and N if not managed well).
*   **Environment:**
    *   **Temp (28°C):** Warm, ideal for tropical and subtropical crops.
    *   **Humidity (65%):** Moderate.
    *   **Rainfall (1000mm):** Good annual rainfall, supporting rainfed or supplementary irrigation. Distribution during Kuruvai (Jun-Sep) is key.
    *   **Season (Kuruvai / Jun – Sep):** Early Kharif season in Tamil Nadu, known for its primary dependence on the Southwest Monsoon.
    *   **Region (Tamil Nadu – Cauvery Delta):** Traditionally a rice bowl, but the sandy soil type is a specific consideration, suggesting areas with better drainage or specific soil profiles within the delta.

---

### **Recommendations:**

#### 1. Rice (Paddy)

*   **Suitability Score:** 9/10
*   **Why it suits these conditions:**
    *   **Region & Season:** Rice is the staple crop of the Cauvery Delta, and Kuruvai is a primary rice season, ensuring market demand and established cultivation practices.
    *   **Temperature:** 28°C is ideal for rice growth.
    *   **pH & P:** pH 6.5 is optimal, and high phosphorus levels are beneficial.
    *   **Rainfall:** 1000mm rainfall supports the significant water needs, likely supplemented by irrigation in the Delta region.
    *   **Sandy Soil Adaptation:** While traditionally grown in heavier soils, short-duration, high-yielding rice varieties can be successfully cultivated in sandy soils with proper water management (less puddling, more frequent but controlled irrigation) and nutrient management.
    *   **Critical Management:** The low K (50 kg/ha) is a major constraint for rice, which is a heavy K feeder. Aggressive K fertilization is crucial for optimal yield and grain quality.
*   **Expected Yield:** 5-7.5 tonnes/hectare (for short-duration high-yielding varieties with optimal management, especially K).
*   **Best Planting Time:** Mid-June to Mid-July (for transplanting or direct seeding).

#### 2. Groundnut (Peanut)

*   **Suitability Score:** 9.5/10
*   **Why it suits these conditions:**
    *   **Soil Type:** Groundnut thrives exceptionally well in well-drained sandy and sandy-loam soils, making it an excellent match for the ""Sandy"" soil type.
    *   **Temperature:** 28°C is optimal for groundnut growth and pod development.
    *   **pH:** pH 6.5 is ideal for nutrient uptake.
    *   **Nutrients:** Being a leguminous crop, it fixes its own nitrogen, so the moderate N is sufficient. High P is highly beneficial for root and pod development.
    *   **Rainfall:** 1000mm rainfall is generally adequate for a good crop, provided good distribution during its growth stages.
    *   **Critical Management:** While generally less demanding than rice or maize, adequate K fertilization will be necessary for robust plant growth and good pod filling, given the low soil K. Calcium is also critical for pod development and should be considered.
*   **Expected Yield:** 2.5-3.5 tonnes/hectare (pod yield) with good management.
*   **Best Planting Time:** Early June to Mid-July.

#### 3. Maize (Corn)

*   **Suitability Score:** 8.5/10
*   **Why it suits these conditions:**
    *   **Temperature:** 28°C is very favorable for maize growth and development.
    *   **Soil Type:** Maize prefers well-drained soils and can perform well in sandy-loam soils like the one described.
    *   **Nutrients:** It responds very well to the existing moderate N and high P levels, which are conducive for its vigorous growth.
    *   **Rainfall:** 1000mm rainfall, especially if well-distributed, is generally sufficient for a successful maize crop.
    *   **Critical Management:** Maize is a heavy feeder, especially of Potassium. The low K (50 kg/ha) in the soil is a significant limiting factor and necessitates substantial K supplementation for high yields, stalk strength, and grain quality. Good drainage of sandy soil must be balanced with consistent moisture during critical growth stages.
*   **Expected Yield:** 6-8 tonnes/hectare (grain yield) with optimal management, particularly K fertilization.
*   **Best Planting Time:** Mid-June to Mid-July.

---

**General Recommendation for all crops:** Given the sandy soil type and low potassium (K) levels, it is highly recommended to implement a robust K fertilization program, potentially involving split applications, to prevent leaching losses and ensure adequate nutrient availability throughout the crop cycle for high yields. Organic matter incorporation would also be beneficial for improving water and nutrient retention in sandy soil."
